Codigo;Nombre;Anterior;Debito;Credito;Sal.Debito;Sal.Credito;Cantidad;Costo.Promed.;Precio Venta1;Precio Venta2
13-45-95;OTROS;;;;;;;;;
13-45-95-10101;OLGA LUCIA QUI¥ONES LANDAZUR;;;;;;;;;
13-45-95-10101-00007;CUENTA00007520 2601;;;;;;;;;
13-45-95-10101-2510A;CUOTA SI 2510;;;;;;;;;
13-45-95-10101-2510B;INT SI ADMON;;;;;;;;;
13-45-95-10101-2510C;EXTRA SI 2510;;;;;;;;;
13-45-95-10101-2510D;RETRO SI 2510;;;;;;;;;
13-45-95-10101-2511A;CUOTA 00000001 2511;;;;;;;;;
13-45-95-10101-2511B;INT.  00000001 2511;;;;;;;;;
13-45-95-10101-2511C;EXTRA 00000001 2511;;;;;;;;;
13-45-95-10101-2511F;;;;;;;;;;
13-45-95-10101-2512A;CUOTA 00007360 2512;;;;;;;;;
13-45-95-10101-2512B;INT.  00007360 2512;;;;;;;;;
13-45-95-10101-2512C;EXTRA 00007360 2512;;;;;;;;;
13-45-95-10101-2601A;CUOTA 00007520 2601;;;;;;;;;
13-45-95-10101-2601B;INT.  00007520 2601;;;;;;;;;
13-45-95-10101-2601C;EXTRA 00007520 2601;;;;;;;;;
13-45-95-10101-2602A;CUOTA 00007681 2602;;;;;;;;;
13-45-95-10101-2602B;INT.  00007681 2602;;;;;;;;;
13-45-95-10101-2602C;EXTRA 00007681 2602;;;;;;;;;
13-45-95-10101-2603A;CUOTA 00007841 2603;35000.00;;;35000.00;;;;;
13-45-95-10101-2603C;EXTRA 00007841 2603;;;;;;;;;
13-45-95-10101-2604A;CUOTA 00008001 2604;;383000.00;;383000.00;;;;;
13-45-95-10101-2604B;INT.  00008001 2604;;525.00;;525.00;;;;;
13-45-95-10102;NANCY YANETH VELEZ VALDES;;;;;;;;;
13-45-95-10102-2510A;CUOTA SI 2510;;;;;;;;;
13-45-95-10102-2510B;INT SI ADMON;;;;;;;;;
13-45-95-10102-2510C;EXTRA SI 2510;;;;;;;;;
13-45-95-10102-2510D;RETRO SI 2510;;;;;;;;;
13-45-95-10102-2511A;CUOTA 00000002 2511;;;;;;;;;
13-45-95-10102-2511C;EXTRA 00000002 2511;;;;;;;;;
13-45-95-10102-2512A;CUOTA 2512;;;;;;;;;
13-45-95-10102-2512C;EXTRA 00007361 2512;;;;;;;;;
13-45-95-10102-2601A;CUOTA 00007521 2601;320000.00-;;;;320000.00;;;;
13-45-95-10102-2601C;EXTRA 00007521 2601;30000.00-;;;;30000.00;;;;
13-45-95-10102-2602A;CUOTA 00007682 2602;90626.00;;;90626.00;;;;;
13-45-95-10102-2602B;INT.  00007682 2602;;;;;;;;;
13-45-95-10102-2602C;EXTRA 00007682 2602;;;;;;;;;
13-45-95-10102-2603A;CUOTA 00007842 2603;383000.00;;;383000.00;;;;;
13-45-95-10102-2603B;INT.  00007842 2603;;;;;;;;;
13-45-95-10102-2603C;EXTRA 00007842 2603;;;;;;;;;
13-45-95-10102-2604A;CUOTA 00008002 2604;;383000.00;;383000.00;;;;;
13-45-95-10102-2604B;INT.  00008002 2604;;7104.00;;7104.00;;;;;
13-45-95-10103;VANESA ALEXANDRA ULLOA PLAZA;;;;;;;;;
13-45-95-10103-00007;CUENTA00007522 2601;;;;;;;;;
13-45-95-10103-2510A;CUOTA SI 2510;;;;;;;;;
13-45-95-10103-2510C;EXTRA SI 2510;;;;;;;;;
13-45-95-10103-2510D;RETRO SI 2510;;;;;;;;;
13-45-95-10103-2511A;CUOTA 00000003 2511;;;;;;;;;
13-45-95-10103-2511C;EXTRA 00000003 2511;;;;;;;;;
13-45-95-10103-2512A;CUOTA 00007362 2512;;;;;;;;;
13-45-95-10103-2512B;INT.  00007362 2512;;;;;;;;;
13-45-95-10103-2512C;EXTRA 00007362 2512;;;;;;;;;
13-45-95-10103-2601A;CUOTA 00007522 2601;;;;;;;;;
13-45-95-10103-2601B;INT.  00007522 2601;;;;;;;;;
13-45-95-10103-2601C;EXTRA 00007522 2601;;;;;;;;;
13-45-95-10103-2602A;CUOTA 00007683 2602;34673.00;;;34673.00;;;;;
13-45-95-10103-2602C;EXTRA 00007683 2602;;;;;;;;;
13-45-95-10103-2603A;CUOTA 00007843 2603;383000.00;;;383000.00;;;;;
13-45-95-10103-2603B;INT.  00007843 2603;;;;;;;;;
13-45-95-10103-2603C;EXTRA 00007843 2603;;;;;;;;;
13-45-95-10103-2604A;CUOTA 00008003 2604;;383000.00;;383000.00;;;;;
13-45-95-10103-2604B;INT.  00008003 2604;;6265.00;;6265.00;;;;;
13-45-95-10104;JOSE ANIBAL PEREZ RIVERA;;;;;;;;;
13-45-95-10104-00007;CUENTA00007523 2601;;;;;;;;;
13-45-95-10104-2510A;CUOTA SI 2510;;;;;;;;;
13-45-95-10104-2510B;INT SI ADMON;;;;;;;;;
13-45-95-10104-2510C;EXTRA SI 2510;;;;;;;;;
13-45-95-10104-2510D;RETRO SI 2510;;;;;;;;;
13-45-95-10104-2511A;CUOTA 00000004 2511;;;;;;;;;
13-45-95-10104-2511B;INT.  00000004 2511;;;;;;;;;
13-45-95-10104-2511C;EXTRA 00000004 2511;;;;;;;;;
13-45-95-10104-2512A;CUOTA 00007363 2512;;;;;;;;;
13-45-95-10104-2512B;INT.  00007363 2512;;;;;;;;;
13-45-95-10104-2512C;EXTRA 00007363 2512;;;;;;;;;
13-45-95-10104-2601A;CUOTA 00007523 2601;;;;;;;;;
13-45-95-10104-2601B;INT.  00007523 2601;;;;;;;;;
13-45-95-10104-2601C;EXTRA 00007523 2601;;;;;;;;;
13-45-95-10104-2602A;CUOTA 00007684 2602;245829.00;;;245829.00;;;;;
13-45-95-10104-2602B;INT.  00007684 2602;;;;;;;;;
13-45-95-10104-2602C;EXTRA 00007684 2602;;;;;;;;;
13-45-95-10104-2603A;CUOTA 00007844 2603;383000.00;;;383000.00;;;;;
13-45-95-10104-2603B;INT.  00007844 2603;;;;;;;;;
13-45-95-10104-2603C;EXTRA 00007844 2603;;;;;;;;;
13-45-95-10104-2604A;CUOTA 00008004 2604;;383000.00;;383000.00;;;;;
13-45-95-10104-2604B;INT.  00008004 2604;;9432.00;;9432.00;;;;;
13-45-95-10201;LUIS ENRIQUE RIASCO;;;;;;;;;
13-45-95-10201-00007;CUENTA00007524 2601;;;;;;;;;
13-45-95-10201-2510A;CUOTA SI 2510;;;;;;;;;
13-45-95-10201-2510B;INT SI ADMON;;;;;;;;;
13-45-95-10201-2510C;EXTRA SI 2510;;;;;;;;;
13-45-95-10201-2510D;RETRO SI 2510;;;;;;;;;
13-45-95-10201-2511A;CUOTA 00000005 2511;;;;;;;;;
13-45-95-10201-2511B;INT.  00000005 2511;;;;;;;;;
13-45-95-10201-2511C;EXTRA 00000005 2511;;;;;;;;;
13-45-95-10201-2512A;CUOTA 00007364 2512;;;;;;;;;
13-45-95-10201-2512B;INT.  00007364 2512;;;;;;;;;
13-45-95-10201-2512C;EXTRA 00007364 2512;;;;;;;;;
13-45-95-10201-2601A;CUOTA 00007524 2601;;;;;;;;;
13-45-95-10201-2601B;INT.  00007524 2601;;;;;;;;;
13-45-95-10201-2601C;EXTRA 00007524 2601;;;;;;;;;
13-45-95-10201-2602A;CUOTA 00007685 2602;;;;;;;;;
13-45-95-10201-2602B;INT.  00007685 2602;;;;;;;;;
13-45-95-10201-2602C;EXTRA 00007685 2602;;;;;;;;;
13-45-95-10201-2603A;CUOTA 00007845 2603;40655.00;;;40655.00;;;;;
13-45-95-10201-2603B;INT.  00007845 2603;;;;;;;;;
13-45-95-10201-2603C;EXTRA 00007845 2603;;;;;;;;;
13-45-95-10201-2604A;CUOTA 00008005 2604;;383000.00;;383000.00;;;;;
13-45-95-10201-2604B;INT.  00008005 2604;;610.00;;610.00;;;;;
13-45-95-10202;ANDRES FELIPE BEJARANO RESTR;;;;;;;;;
13-45-95-10202-2510A;CUOTA SI 2510;;;;;;;;;
13-45-95-10202-2510B;INT SI ADMON;;;;;;;;;
13-45-95-10202-2510C;EXTRA SI 2510;;;;;;;;;
13-45-95-10202-2510D;RETRO SI 2510;;;;;;;;;
13-45-95-10202-2511A;CUOTA 00000006 2511;;;;;;;;;
13-45-95-10202-2511C;EXTRA 00000006 2511;;;;;;;;;
13-45-95-10202-2512A;CUOTA 00007365 2512;;;;;;;;;
13-45-95-10202-2512C;EXTRA 00007365 2512;;;;;;;;;
13-45-95-10202-2601A;CUOTA 00007525 2601;;;;;;;;;
13-45-95-10202-2601C;EXTRA 00007525 2601;;;;;;;;;
13-45-95-10202-2602A;CUOTA 00007686 2602;;;;;;;;;
13-45-95-10202-2602C;EXTRA 00007686 2602;;;;;;;;;
13-45-95-10202-2603A;CUOTA 00007846 2603;30000.00;;;30000.00;;;;;
13-45-95-10202-2603C;EXTRA 00007846 2603;;;;;;;;;
13-45-95-10202-2604A;CUOTA 00008006 2604;;383000.00;;383000.00;;;;;
13-45-95-10202-2604B;INT.  00008006 2604;;450.00;;450.00;;;;;
13-45-95-10203;CESAR AUGUSTO RIOS RAMIREZ;;;;;;;;;
13-45-95-10203-00007;CUENTA00007526 2601;;;;;;;;;
13-45-95-10203-2510A;CUOTA SI 2510;;;;;;;;;
13-45-95-10203-2510B;INT SI ADMON;;;;;;;;;
13-45-95-10203-2510C;EXTRA SI 2510;;;;;;;;;
13-45-95-10203-2510D;RETRO SI 2510;;;;;;;;;
13-45-95-10203-2511A;CUOTA 00000007 2511;;;;;;;;;
13-45-95-10203-2511C;EXTRA 00000007 2511;;;;;;;;;
13-45-95-10203-2512A;CUOTA 00007366 2512;;;;;;;;;
13-45-95-10203-2512B;INT.  00007366 2512;;;;;;;;;
13-45-95-10203-2512C;EXTRA 00007366 2512;;;;;;;;;
13-45-95-10203-2601A;CUOTA 00007526 2601;;;;;;;;;
13-45-95-10203-2601B;INT.  00007526 2601;;;;;;;;;
13-45-95-10203-2601C;EXTRA 00007526 2601;;;;;;;;;
13-45-95-10203-2602A;CUOTA 00007687 2602;383000.00;;;383000.00;;;;;
13-45-95-10203-2602B;INT.  00007687 2602;10298.00;;;10298.00;;;;;
13-45-95-10203-2602C;EXTRA 00007687 2602;30000.00;;;30000.00;;;;;
13-45-95-10203-2603A;CUOTA 00007847 2603;383000.00;;;383000.00;;;;;
13-45-95-10203-2603B;INT.  00007847 2603;5745.00;;;5745.00;;;;;
13-45-95-10203-2603C;EXTRA 00007847 2603;30000.00;;;30000.00;;;;;
13-45-95-10203-2604A;CUOTA 00008007 2604;;383000.00;;383000.00;;;;;
13-45-95-10203-2604B;INT.  00008007 2604;;11490.00;;11490.00;;;;;
13-45-95-10204;YUDY ARCOS;;;;;;;;;
13-45-95-10204-2510A;CUOTA SI 2510;;;;;;;;;
13-45-95-10204-2510B;INT SI ADMON;;;;;;;;;
13-45-95-10204-2510C;EXTRA SI 2510;;;;;;;;;
13-45-95-10204-2510D;RETRO SI 2510;;;;;;;;;
13-45-95-10204-2510E;MULTA SI 2510;;;;;;;;;
13-45-95-10204-2511A;CUOTA 00000008 2511;;;;;;;;;
13-45-95-10204-2511C;EXTRA 00000008 2511;;;;;;;;;
13-45-95-10204-2512A;CUOTA 00007367 2512;;;;;;;;;
13-45-95-10204-2512C;EXTRA 00007367 2512;;;;;;;;;
13-45-95-10204-2601A;CUOTA 00007527 2601;;;;;;;;;
13-45-95-10204-2601C;EXTRA 00007527 2601;;;;;;;;;
13-45-95-10204-2602A;CUOTA 00007688 2602;35683.00;;;35683.00;;;;;
13-45-95-10204-2602C;EXTRA 00007688 2602;;;;;;;;;
13-45-95-10204-2603A;CUOTA 00007848 2603;383000.00;;;383000.00;;;;;
13-45-95-10204-2603B;INT.  00007848 2603;;;;;;;;;
13-45-95-10204-2603C;EXTRA 00007848 2603;;;;;;;;;
13-45-95-10204-2604A;CUOTA 00008008 2604;;383000.00;;383000.00;;;;;
13-45-95-10204-2604B;INT.  00008008 2604;;6280.00;;6280.00;;;;;
13-45-95-10301;FAIBER ALBERTO AMAYA RUIZ;;;;;;;;;
13-45-95-10301-00007;CUENTA00007528 2601;;;;;;;;;
13-45-95-10301-2510A;CUOTA SI 2510;;;;;;;;;
13-45-95-10301-2510B;INT SI ADMON;;;;;;;;;
13-45-95-10301-2510C;EXTRA SI 2510;;;;;;;;;
13-45-95-10301-2510D;RETRO SI 2510;;;;;;;;;
13-45-95-10301-2511A;CUOTA 00000009 2511;;;;;;;;;
13-45-95-10301-2511C;EXTRA 00000009 2511;;;;;;;;;
13-45-95-10301-2512A;CUOTA 2512;;;;;;;;;
13-45-95-10301-2512C;EXTRA 00007368 2512;;;;;;;;;
13-45-95-10301-2601A;CUOTA 00007528 2601;;;;;;;;;
13-45-95-10301-2601B;INT.  00007528 2601;;;;;;;;;
13-45-95-10301-2601C;EXTRA 00007528 2601;;;;;;;;;
13-45-95-10301-2602A;CUOTA 00007689 2602;;;;;;;;;
13-45-95-10301-2602B;INT.  00007689 2602;;;;;;;;;
13-45-95-10301-2602C;EXTRA 00007689 2602;;;;;;;;;
13-45-95-10301-2603A;CUOTA 00007849 2603;258579.00;;;258579.00;;;;;
13-45-95-10301-2603B;INT.  00007849 2603;;;;;;;;;
13-45-95-10301-2603C;EXTRA 00007849 2603;;;;;;;;;
13-45-95-10301-2604A;CUOTA 00008009 2604;;383000.00;;383000.00;;;;;
13-45-95-10301-2604B;INT.  00008009 2604;;3879.00;;3879.00;;;;;
13-45-95-10302;YULDER FRANK RAVE HERNANDEZ;;;;;;;;;
13-45-95-10302-00007;CUENTA00007529 2601;;;;;;;;;
13-45-95-10302-2510A;CUOTA SI 2510;;;;;;;;;
13-45-95-10302-2510B;INT SI ADMON;;;;;;;;;
13-45-95-10302-2510C;EXTRA SI 2510;;;;;;;;;
13-45-95-10302-2510D;RETRO SI 2510;;;;;;;;;
13-45-95-10302-2511A;CUOTA 00000010 2511;;;;;;;;;
13-45-95-10302-2511B;INT.  00000010 2511;;;;;;;;;
13-45-95-10302-2511C;EXTRA 00000010 2511;;;;;;;;;
13-45-95-10302-2512A;CUOTA 00007369 2512;;;;;;;;;
13-45-95-10302-2512B;INT.  00007369 2512;;;;;;;;;
13-45-95-10302-2512C;EXTRA 00007369 2512;;;;;;;;;
13-45-95-10302-2601A;CUOTA 00007529 2601;;;;;;;;;
13-45-95-10302-2601B;INT.  00007529 2601;;;;;;;;;
13-45-95-10302-2601C;EXTRA 00007529 2601;;;;;;;;;
13-45-95-10302-2602A;CUOTA 00007690 2602;;;;;;;;;
13-45-95-10302-2602B;INT.  00007690 2602;;;;;;;;;
13-45-95-10302-2602C;EXTRA 00007690 2602;;;;;;;;;
13-45-95-10302-2603A;CUOTA 00007850 2603;;;;;;;;;
13-45-95-10302-2603B;INT.  00007850 2603;;;;;;;;;
13-45-95-10302-2603C;EXTRA 00007850 2603;;;;;;;;;
13-45-95-10302-2604A;CUOTA 2604A;7212.00-;383000.00;;375788.00;;;;;
13-45-95-10303;HARVEY BRAND RODRIGUEZ;;;;;;;;;
13-45-95-10303-00007;CUENTA00007530 2601;;;;;;;;;
13-45-95-10303-2510A;CUOTA SI 2510;756773.00;;;756773.00;;;;;
13-45-95-10303-2510B;INT SI ADMON;;;;;;;;;
13-45-95-10303-2510C;EXTRA SI 2510;;;;;;;;;
13-45-95-10303-2510D;RETRO SI 2510;;;;;;;;;
13-45-95-10303-2511A;CUOTA 00000011 2511;311500.00;;;311500.00;;;;;
13-45-95-10303-2511B;INT.  00000011 2511;;;;;;;;;
13-45-95-10303-2511C;EXTRA 00000011 2511;;;;;;;;;
13-45-95-10303-2511F;GASTOS JURIDICOS;;;;;;;;;
13-45-95-10303-2512A;CUOTA 00007370 2512;311500.00;;;311500.00;;;;;
13-45-95-10303-2512B;INT.  00007370 2512;;;;;;;;;
13-45-95-10303-2512C;EXTRA 00007370 2512;;;;;;;;;
13-45-95-10303-2601A;CUOTA 00007530 2601;383000.00;;;383000.00;;;;;
13-45-95-10303-2601B;INT.  00007530 2601;;;;;;;;;
13-45-95-10303-2601C;EXTRA 00007530 2601;;;;;;;;;
13-45-95-10303-2602A;CUOTA 00007691 2602;383000.00;;;383000.00;;;;;
13-45-95-10303-2602B;INT.  00007691 2602;;;;;;;;;
13-45-95-10303-2602C;EXTRA 00007691 2602;;;;;;;;;
13-45-95-10303-2603A;CUOTA 00007851 2603;383000.00;;;383000.00;;;;;
13-45-95-10303-2603B;INT.  00007851 2603;;;;;;;;;
13-45-95-10303-2603C;EXTRA 00007851 2603;21281.00;;;21281.00;;;;;
13-45-95-10303-2604A;CUOTA 00008011 2604;;383000.00;;383000.00;;;;;
13-45-95-10303-2604B;INT.  00008011 2604;;37932.00;;37932.00;;;;;
13-45-95-10304;GERARDO ALONSO SALCEDO MOLIN;;;;;;;;;
13-45-95-10304-00007;CUENTA00007531 2601;;;;;;;;;
13-45-95-10304-2510A;CUOTA SI 2510;;;;;;;;;
13-45-95-10304-2510B;INT SI ADMON;;;;;;;;;
13-45-95-10304-2510C;EXTRA SI 2510;;;;;;;;;
13-45-95-10304-2510D;RETRO SI 2510;;;;;;;;;
13-45-95-10304-2511A;CUOTA 00000012 2511;;;;;;;;;
13-45-95-10304-2511C;EXTRA 00000012 2511;;;;;;;;;
13-45-95-10304-2512A;CUOTA 00007371 2512;;;;;;;;;
13-45-95-10304-2512B;INT.  00007371 2512;;;;;;;;;
13-45-95-10304-2512C;EXTRA 00007371 2512;;;;;;;;;
13-45-95-10304-2601A;CUOTA 00007531 2601;;;;;;;;;
13-45-95-10304-2601B;INT.  00007531 2601;;;;;;;;;
13-45-95-10304-2601C;EXTRA 00007531 2601;;;;;;;;;
13-45-95-10304-2602A;CUOTA 00007692 2602;;;;;;;;;
13-45-95-10304-2602B;INT.  00007692 2602;;;;;;;;;
13-45-95-10304-2602C;EXTRA 00007692 2602;;;;;;;;;
13-45-95-10304-2603A;CUOTA 00007852 2603;;;;;;;;;
13-45-95-10304-2603B;INT.  00007852 2603;;;;;;;;;
13-45-95-10304-2603C;EXTRA 00007852 2603;;;;;;;;;
13-45-95-10304-2604A;CUOTA 00008012 2604;;383000.00;;383000.00;;;;;
13-45-95-10401;LISANYURI ELVIRA MICOLTA;;;;;;;;;
13-45-95-10401-2510A;CUOTA SI 2510;;;;;;;;;
13-45-95-10401-2510C;EXTRA SI 2510;;;;;;;;;
13-45-95-10401-2510D;RETRO SI 2510;;;;;;;;;
13-45-95-10401-2511A;CUOTA 00000013 2511;;;;;;;;;
13-45-95-10401-2511C;EXTRA 00000013 2511;;;;;;;;;
13-45-95-10401-2512A;CUOTA 00007372 2512;;;;;;;;;
13-45-95-10401-2512C;EXTRA 00007372 2512;;;;;;;;;
13-45-95-10401-2601A;CUOTA 00007532 2601;;;;;;;;;
13-45-95-10401-2601C;EXTRA 00007532 2601;;;;;;;;;
13-45-95-10401-2602A;CUOTA 00007693 2602;;;;;;;;;
13-45-95-10401-2602C;EXTRA 00007693 2602;;;;;;;;;
13-45-95-10401-2603A;CUOTA 00007853 2603;;;;;;;;;
13-45-95-10401-2603C;EXTRA 00007853 2603;;;;;;;;;
13-45-95-10401-2604A;CUOTA 00008013 2604;;383000.00;;383000.00;;;;;
13-45-95-10402;JOSE FERNANDO BALCAZAR OROZC;;;;;;;;;
13-45-95-10402-2510A;CUOTA SI 2510;;;;;;;;;
13-45-95-10402-2510C;EXTRA SI 2510;;;;;;;;;
13-45-95-10402-2510D;RETRO SI 2510;;;;;;;;;
13-45-95-10402-2511A;CUOTA 00000014 2511;;;;;;;;;
13-45-95-10402-2511C;EXTRA 00000014 2511;;;;;;;;;
13-45-95-10402-2512A;CUOTA 00007373 2512;;;;;;;;;
13-45-95-10402-2512C;EXTRA 00007373 2512;;;;;;;;;
13-45-95-10402-2601A;CUOTA 00007533 2601;;;;;;;;;
13-45-95-10402-2601C;EXTRA 00007533 2601;;;;;;;;;
13-45-95-10402-2602A;CUOTA 00007694 2602;;;;;;;;;
13-45-95-10402-2602C;EXTRA 00007694 2602;;;;;;;;;
13-45-95-10402-2603A;CUOTA 00007854 2603;;;;;;;;;
13-45-95-10402-2603C;EXTRA 00007854 2603;;;;;;;;;
13-45-95-10402-2604A;CUOTA 00008014 2604;;383000.00;;383000.00;;;;;
13-45-95-10403;JUAN CARLOS HOLGUIN GONZALEZ;;;;;;;;;
13-45-95-10403-00007;CUENTA00007534 2601;;;;;;;;;
13-45-95-10403-2510A;CUOTA SI 2510;;;;;;;;;
13-45-95-10403-2510B;INT SI ADMON;;;;;;;;;
13-45-95-10403-2510C;EXTRA SI 2510;;;;;;;;;
13-45-95-10403-2510D;RETRO SI 2510;;;;;;;;;
13-45-95-10403-2511A;CUOTA 00000015 2511;;;;;;;;;
13-45-95-10403-2511C;EXTRA 00000015 2511;;;;;;;;;
13-45-95-10403-2512A;CUOTA 00007374 2512;;;;;;;;;
13-45-95-10403-2512B;INT.  00007374 2512;;;;;;;;;
13-45-95-10403-2512C;EXTRA 00007374 2512;;;;;;;;;
13-45-95-10403-2601A;CUOTA 00007534 2601;;;;;;;;;
13-45-95-10403-2601B;INT.  00007534 2601;;;;;;;;;
13-45-95-10403-2601C;EXTRA 00007534 2601;;;;;;;;;
13-45-95-10403-2602A;CUOTA 00007695 2602;120618.00;;;120618.00;;;;;
13-45-95-10403-2602B;INT.  00007695 2602;;;;;;;;;
13-45-95-10403-2602C;EXTRA 00007695 2602;;;;;;;;;
13-45-95-10403-2603A;CUOTA 00007855 2603;383000.00;;;383000.00;;;;;
13-45-95-10403-2603B;INT.  00007855 2603;1809.00;;;1809.00;;;;;
13-45-95-10403-2603C;EXTRA 00007855 2603;30000.00;;;30000.00;;;;;
13-45-95-10403-2604A;CUOTA 00008015 2604;;383000.00;;383000.00;;;;;
13-45-95-10403-2604B;INT.  00008015 2604;;7554.00;;7554.00;;;;;
13-45-95-10404;OSORIOAROSMARITZA;;;;;;;;;
13-45-95-10404-2510A;CUOTA SI 2510;;;;;;;;;
13-45-95-10404-2510B;INT SI ADMON;;;;;;;;;
13-45-95-10404-2510C;EXTRA SI 2510;;;;;;;;;
13-45-95-10404-2510D;RETRO SI 2510;;;;;;;;;
13-45-95-10404-2511A;CUOTA 00000016 2511;;;;;;;;;
13-45-95-10404-2511C;EXTRA 00000016 2511;;;;;;;;;
13-45-95-10404-2512A;CUOTA 00007375 2512;;;;;;;;;
13-45-95-10404-2512C;EXTRA 00007375 2512;;;;;;;;;
13-45-95-10404-2601A;CUOTA 00007535 2601;;;;;;;;;
13-45-95-10404-2601C;EXTRA 00007535 2601;;;;;;;;;
13-45-95-10404-2602A;CUOTA 00007696 2602;;;;;;;;;
13-45-95-10404-2602B;INT.  00007696 2602;;;;;;;;;
13-45-95-10404-2602C;EXTRA 00007696 2602;;;;;;;;;
13-45-95-10404-2603A;CUOTA 00007856 2603;101296.00;;;101296.00;;;;;
13-45-95-10404-2603B;INT.  00007856 2603;;;;;;;;;
13-45-95-10404-2603C;EXTRA 00007856 2603;;;;;;;;;
13-45-95-10404-2604A;CUOTA 00008016 2604;;383000.00;;383000.00;;;;;
13-45-95-10404-2604B;INT.  00008016 2604;;1519.00;;1519.00;;;;;
13-45-95-10501;CARLOS GUSTAVO PALACIOS;;;;;;;;;
13-45-95-10501-00007;CUENTA00007536 2601;;;;;;;;;
13-45-95-10501-2510A;CUOTA SI 2510;;;;;;;;;
13-45-95-10501-2510B;INT SI ADMON;;;;;;;;;
13-45-95-10501-2510C;EXTRA SI 2510;;;;;;;;;
13-45-95-10501-2510D;RETRO SI 2510;;;;;;;;;
13-45-95-10501-2511A;CUOTA 00000017 2511;;;;;;;;;
13-45-95-10501-2511C;EXTRA 00000017 2511;;;;;;;;;
13-45-95-10501-2512A;CUOTA 00007376 2512;;;;;;;;;
13-45-95-10501-2512B;INT.  00007376 2512;;;;;;;;;
13-45-95-10501-2512C;EXTRA 00007376 2512;;;;;;;;;
13-45-95-10501-2601A;CUOTA 00007536 2601;;;;;;;;;
13-45-95-10501-2601B;INT.  00007536 2601;;;;;;;;;
13-45-95-10501-2601C;EXTRA 00007536 2601;;;;;;;;;
13-45-95-10501-2602A;CUOTA 00007697 2602;40574.00;;;40574.00;;;;;
13-45-95-10501-2602B;INT.  00007697 2602;;;;;;;;;
13-45-95-10501-2602C;EXTRA 00007697 2602;;;;;;;;;
13-45-95-10501-2603A;CUOTA 00007857 2603;383000.00;;;383000.00;;;;;
13-45-95-10501-2603B;INT.  00007857 2603;;;;;;;;;
13-45-95-10501-2603C;EXTRA 00007857 2603;;;;;;;;;
13-45-95-10501-2604A;CUOTA 00008017 2604;;383000.00;;383000.00;;;;;
13-45-95-10501-2604B;INT.  00008017 2604;;6354.00;;6354.00;;;;;
13-45-95-10502;CARLOS MARIO ESTACIO VALENCI;;;;;;;;;
13-45-95-10502-2510A;CUOTA SI 2510;;;;;;;;;
13-45-95-10502-2510B;INT SI ADMON;;;;;;;;;
13-45-95-10502-2510C;EXTRA SI 2510;;;;;;;;;
13-45-95-10502-2510D;RETRO SI 2510;;;;;;;;;
13-45-95-10502-2511A;CUOTA 00000018 2511;;;;;;;;;
13-45-95-10502-2511B;INT.  00000018 2511;;;;;;;;;
13-45-95-10502-2511C;EXTRA 00000018 2511;;;;;;;;;
13-45-95-10502-2512A;CUOTA 2512;;;;;;;;;
13-45-95-10502-2512C;EXTRA 00007377 2512;;;;;;;;;
13-45-95-10502-2601A;CUOTA 00007537 2601;;;;;;;;;
13-45-95-10502-2601C;EXTRA 00007537 2601;;;;;;;;;
13-45-95-10502-2602A;CUOTA 00007698 2602;;;;;;;;;
13-45-95-10502-2602C;EXTRA 00007698 2602;;;;;;;;;
13-45-95-10502-2603A;CUOTA 00007858 2603;;;;;;;;;
13-45-95-10502-2603B;INT.  00007858 2603;;;;;;;;;
13-45-95-10502-2603C;EXTRA 00007858 2603;;;;;;;;;
13-45-95-10502-2604A;CUOTA 00008018 2604;;383000.00;;383000.00;;;;;
13-45-95-10503;ARLEY OROBIO ALBORNOZ;;;;;;;;;
13-45-95-10503-2510A;CUOTA SI 2510;;;;;;;;;
13-45-95-10503-2510B;INT SI ADMON;;;;;;;;;
13-45-95-10503-2510C;EXTRA SI 2510;;;;;;;;;
13-45-95-10503-2510D;RETRO SI 2510;;;;;;;;;
13-45-95-10503-2511A;CUOTA 00000019 2511;;;;;;;;;
13-45-95-10503-2511C;EXTRA 00000019 2511;;;;;;;;;
13-45-95-10503-2512A;CUOTA 00007378 2512;;;;;;;;;
13-45-95-10503-2512C;EXTRA 00007378 2512;;;;;;;;;
13-45-95-10503-2601A;CUOTA 00007538 2601;;;;;;;;;
13-45-95-10503-2601C;EXTRA 00007538 2601;;;;;;;;;
13-45-95-10503-2602A;CUOTA 00007699 2602;;;;;;;;;
13-45-95-10503-2602C;EXTRA 00007699 2602;;;;;;;;;
13-45-95-10503-2603A;CUOTA 00007859 2603;;;;;;;;;
13-45-95-10503-2603C;EXTRA 00007859 2603;;;;;;;;;
13-45-95-10503-2604A;CUOTA 2604A;14097.00-;383000.00;;368903.00;;;;;
13-45-95-10504;JOSE ERCILIO GRCES ANGULO;;;;;;;;;
13-45-95-10504-00007;CUENTA00007539 2601;;;;;;;;;
13-45-95-10504-2510A;CUOTA SI 2510;;;;;;;;;
13-45-95-10504-2510B;INT SI ADMON;;;;;;;;;
13-45-95-10504-2510C;EXTRA SI 2510;;;;;;;;;
13-45-95-10504-2510D;RETRO SI 2510;;;;;;;;;
13-45-95-10504-2511A;CUOTA 00000020 2511;;;;;;;;;
13-45-95-10504-2511C;EXTRA 00000020 2511;;;;;;;;;
13-45-95-10504-2512A;CUOTA 00007379 2512;;;;;;;;;
13-45-95-10504-2512B;INT.  00007379 2512;;;;;;;;;
13-45-95-10504-2512C;EXTRA 00007379 2512;;;;;;;;;
13-45-95-10504-2601A;CUOTA 00007539 2601;;;;;;;;;
13-45-95-10504-2601B;INT.  00007539 2601;;;;;;;;;
13-45-95-10504-2601C;EXTRA 00007539 2601;;;;;;;;;
13-45-95-10504-2602A;CUOTA 00007700 2602;192.00-;;;;192.00;;;;
13-45-95-10504-2602B;INT.  00007700 2602;;;;;;;;;
13-45-95-10504-2602C;EXTRA 00007700 2602;;;;;;;;;
13-45-95-10504-2603A;CUOTA 00007860 2603;383000.00;;;383000.00;;;;;
13-45-95-10504-2603C;EXTRA 00007860 2603;30000.00;;;30000.00;;;;;
13-45-95-10504-2604A;CUOTA 00008020 2604;;383000.00;;383000.00;;;;;
13-45-95-10504-2604B;INT.  00008020 2604;;5742.00;;5742.00;;;;;
13-45-95-10601;Sandra Rendon Portocarrero;;;;;;;;;
13-45-95-10601-00007;CUENTA00007540 2601;;;;;;;;;
13-45-95-10601-2510A;CUOTA SI 2510;;;;;;;;;
13-45-95-10601-2510B;INT SI ADMON;;;;;;;;;
13-45-95-10601-2510C;EXTRA SI 2510;;;;;;;;;
13-45-95-10601-2510D;RETRO SI 2510;;;;;;;;;
13-45-95-10601-2511A;CUOTA 00000021 2511;311500.00-;;;;311500.00;;;;
13-45-95-10601-2511C;EXTRA 00000021 2511;30000.00-;;;;30000.00;;;;
13-45-95-10601-2512A;CUOTA 00007380 2512;263498.00;;;263498.00;;;;;
13-45-95-10601-2512B;INT.  00007380 2512;;;;;;;;;
13-45-95-10601-2512C;EXTRA 00007380 2512;30000.00;;;30000.00;;;;;
13-45-95-10601-2601A;CUOTA 00007540 2601;;;;;;;;;
13-45-95-10601-2601B;INT.  00007540 2601;;;;;;;;;
13-45-95-10601-2601C;EXTRA 00007540 2601;17672.00;;;17672.00;;;;;
13-45-95-10601-2602A;CUOTA 00007701 2602;383000.00;;;383000.00;;;;;
13-45-95-10601-2602C;EXTRA 00007701 2602;30000.00;;;30000.00;;;;;
13-45-95-10601-2603A;CUOTA 00007861 2603;383000.00;;;383000.00;;;;;
13-45-95-10601-2603B;INT.  00007861 2603;5025.00;;;5025.00;;;;;
13-45-95-10601-2603C;EXTRA 00007861 2603;30000.00;;;30000.00;;;;;
13-45-95-10601-2604A;CUOTA 00008021 2604;;383000.00;;383000.00;;;;;
13-45-95-10601-2604B;INT.  00008021 2604;;10770.00;;10770.00;;;;;
13-45-95-10602;SOPHIA ORTIZ MOVLIAV;;;;;;;;;
13-45-95-10602-2510A;CUOTA SI 2510;;;;;;;;;
13-45-95-10602-2510C;EXTRA SI 2510;;;;;;;;;
13-45-95-10602-2510D;RETRO SI 2510;;;;;;;;;
13-45-95-10602-2511A;CUOTA 00000022 2511;;;;;;;;;
13-45-95-10602-2511C;EXTRA 00000022 2511;;;;;;;;;
13-45-95-10602-2512A;CUOTA 00007381 2512;;;;;;;;;
13-45-95-10602-2512C;EXTRA 00007381 2512;;;;;;;;;
13-45-95-10602-2601A;CUOTA 00007541 2601;;;;;;;;;
13-45-95-10602-2601C;EXTRA 00007541 2601;;;;;;;;;
13-45-95-10602-2602A;CUOTA 00007702 2602;1255.00-;;;;1255.00;;;;
13-45-95-10602-2602B;INT.  00007702 2602;;;;;;;;;
13-45-95-10602-2602C;EXTRA 00007702 2602;;;;;;;;;
13-45-95-10602-2603A;CUOTA 00007862 2603;383000.00;;;383000.00;;;;;
13-45-95-10602-2603C;EXTRA 00007862 2603;30000.00;;;30000.00;;;;;
13-45-95-10602-2604A;CUOTA 00008022 2604;;383000.00;;383000.00;;;;;
13-45-95-10602-2604B;INT.  00008022 2604;;5726.00;;5726.00;;;;;
13-45-95-10603;JUAN CARLOS HOLGUIN ARCE;;;;;;;;;
13-45-95-10603-00007;CUENTA00007542 2601;;;;;;;;;
13-45-95-10603-2510A;CUOTA SI 2510;;;;;;;;;
13-45-95-10603-2510B;INT SI ADMON;;;;;;;;;
13-45-95-10603-2510C;EXTRA SI 2510;;;;;;;;;
13-45-95-10603-2510D;RETRO SI 2510;;;;;;;;;
13-45-95-10603-2511A;CUOTA 00000023 2511;;;;;;;;;
13-45-95-10603-2511C;EXTRA 00000023 2511;;;;;;;;;
13-45-95-10603-2512A;CUOTA 00007382 2512;;;;;;;;;
13-45-95-10603-2512B;INT.  00007382 2512;;;;;;;;;
13-45-95-10603-2512C;EXTRA 00007382 2512;;;;;;;;;
13-45-95-10603-2601A;CUOTA 00007542 2601;;;;;;;;;
13-45-95-10603-2601B;INT.  00007542 2601;;;;;;;;;
13-45-95-10603-2601C;EXTRA 00007542 2601;;;;;;;;;
13-45-95-10603-2602A;CUOTA 00007703 2602;;;;;;;;;
13-45-95-10603-2602B;INT.  00007703 2602;;;;;;;;;
13-45-95-10603-2602C;EXTRA 00007703 2602;;;;;;;;;
13-45-95-10603-2603A;CUOTA 00007863 2603;;;;;;;;;
13-45-95-10603-2603C;EXTRA 00007863 2603;;;;;;;;;
13-45-95-10603-2604A;CUOTA 2604A;409.00-;383000.00;;382591.00;;;;;
13-45-95-10604;CINDY MELISSA DE LA CRUZ;;;;;;;;;
13-45-95-10604-00007;CUENTA00007543 2601;;;;;;;;;
13-45-95-10604-2510A;CUOTA SI 2510;;;;;;;;;
13-45-95-10604-2510C;EXTRA SI 2510;;;;;;;;;
13-45-95-10604-2510D;RETRO SI 2510;;;;;;;;;
13-45-95-10604-2511A;CUOTA 00000024 2511;;;;;;;;;
13-45-95-10604-2511B;INT.  00000024 2511;;;;;;;;;
13-45-95-10604-2511C;EXTRA 00000024 2511;;;;;;;;;
13-45-95-10604-2512A;CUOTA 00007383 2512;;;;;;;;;
13-45-95-10604-2512B;INT.  00007383 2512;;;;;;;;;
13-45-95-10604-2512C;EXTRA 00007383 2512;;;;;;;;;
13-45-95-10604-2601A;CUOTA 00007543 2601;;;;;;;;;
13-45-95-10604-2601B;INT.  00007543 2601;;;;;;;;;
13-45-95-10604-2601C;EXTRA 00007543 2601;;;;;;;;;
13-45-95-10604-2602A;CUOTA 00007704 2602;;;;;;;;;
13-45-95-10604-2602B;INT.  00007704 2602;;;;;;;;;
13-45-95-10604-2602C;EXTRA 00007704 2602;;;;;;;;;
13-45-95-10604-2603A;CUOTA 00007864 2603;130979.00;;;130979.00;;;;;
13-45-95-10604-2603B;INT.  00007864 2603;;;;;;;;;
13-45-95-10604-2603C;EXTRA 00007864 2603;;;;;;;;;
13-45-95-10604-2604A;CUOTA 00008024 2604;;383000.00;;383000.00;;;;;
13-45-95-10604-2604B;INT.  00008024 2604;;1965.00;;1965.00;;;;;
13-45-95-10701;FERNEY LOPERA DAVILA;;;;;;;;;
13-45-95-10701-00007;CUENTA00007544 2601;;;;;;;;;
13-45-95-10701-2510A;CUOTA SI 2510;;;;;;;;;
13-45-95-10701-2510B;INT SI ADMON;;;;;;;;;
13-45-95-10701-2510C;EXTRA SI 2510;;;;;;;;;
13-45-95-10701-2510D;RETRO SI 2510;;;;;;;;;
13-45-95-10701-2511A;CUOTA 00000025 2511;;;;;;;;;
13-45-95-10701-2511B;INT.  00000025 2511;;;;;;;;;
13-45-95-10701-2511C;EXTRA 00000025 2511;;;;;;;;;
13-45-95-10701-2512A;CUOTA 00007384 2512;;;;;;;;;
13-45-95-10701-2512B;INT.  00007384 2512;;;;;;;;;
13-45-95-10701-2512C;EXTRA 00007384 2512;;;;;;;;;
13-45-95-10701-2601A;CUOTA 00007544 2601;;;;;;;;;
13-45-95-10701-2601B;INT.  00007544 2601;;;;;;;;;
13-45-95-10701-2601C;EXTRA 00007544 2601;;;;;;;;;
13-45-95-10701-2602A;CUOTA 00007705 2602;1680187.00-;;;;1680187.00;;;;
13-45-95-10701-2602C;EXTRA 00007705 2602;;;;;;;;;
13-45-95-10701-2603A;CUOTA 00007865 2603;383000.00;;;383000.00;;;;;
13-45-95-10701-2603C;EXTRA 00007865 2603;30000.00;;;30000.00;;;;;
13-45-95-10701-2604A;CUOTA 00008025 2604;;383000.00;;383000.00;;;;;
13-45-95-10702;JUAN CARLOS RESTREPO MOLANO;;;;;;;;;
13-45-95-10702-00007;CUENTA00007545 2601;;;;;;;;;
13-45-95-10702-2510A;CUOTA SI 2510;;;;;;;;;
13-45-95-10702-2510C;EXTRA SI 2510;;;;;;;;;
13-45-95-10702-2510D;RETRO SI 2510;;;;;;;;;
13-45-95-10702-2511A;CUOTA 00000026 2511;;;;;;;;;
13-45-95-10702-2511C;EXTRA 00000026 2511;;;;;;;;;
13-45-95-10702-2512A;CUOTA 00007385 2512;;;;;;;;;
13-45-95-10702-2512B;INT.  00007385 2512;;;;;;;;;
13-45-95-10702-2512C;EXTRA 00007385 2512;;;;;;;;;
13-45-95-10702-2601A;CUOTA 00007545 2601;;;;;;;;;
13-45-95-10702-2601B;INT.  00007545 2601;;;;;;;;;
13-45-95-10702-2601C;EXTRA 00007545 2601;;;;;;;;;
13-45-95-10702-2602A;CUOTA 00007706 2602;;;;;;;;;
13-45-95-10702-2602C;EXTRA 00007706 2602;;;;;;;;;
13-45-95-10702-2603A;CUOTA 00007866 2603;;;;;;;;;
13-45-95-10702-2603C;EXTRA 00007866 2603;;;;;;;;;
13-45-95-10702-2604A;CUOTA 2604A;16500.00-;383000.00;;366500.00;;;;;
13-45-95-10703;LUIS FERNANDO VINASCO POSSO;;;;;;;;;
13-45-95-10703-2510A;CUOTA SI 2510;;;;;;;;;
13-45-95-10703-2510B;INT SI ADMON;;;;;;;;;
13-45-95-10703-2510C;EXTRA SI 2510;;;;;;;;;
13-45-95-10703-2510D;RETRO SI 2510;;;;;;;;;
13-45-95-10703-2511A;CUOTA 00000027 2511;;;;;;;;;
13-45-95-10703-2511C;EXTRA 00000027 2511;;;;;;;;;
13-45-95-10703-2512A;CUOTA 00007386 2512;;;;;;;;;
13-45-95-10703-2512C;EXTRA 00007386 2512;;;;;;;;;
13-45-95-10703-2601A;CUOTA 00007546 2601;;;;;;;;;
13-45-95-10703-2601C;EXTRA 00007546 2601;;;;;;;;;
13-45-95-10703-2602A;CUOTA 00007707 2602;;;;;;;;;
13-45-95-10703-2602C;EXTRA 00007707 2602;;;;;;;;;
13-45-95-10703-2603A;CUOTA 00007867 2603;;;;;;;;;
13-45-95-10703-2603C;EXTRA 00007867 2603;;;;;;;;;
13-45-95-10703-2604A;CUOTA 00008027 2604;;383000.00;;383000.00;;;;;
13-45-95-10704;ALEJANDRA MARIA LARA GARCIA;;;;;;;;;
13-45-95-10704-00007;CUENTA00007547 2601;;;;;;;;;
13-45-95-10704-2510A;CUOTA SI 2510;;;;;;;;;
13-45-95-10704-2510B;INT SI ADMON;;;;;;;;;
13-45-95-10704-2510C;EXTRA SI 2510;;;;;;;;;
13-45-95-10704-2510D;RETRO SI 2510;;;;;;;;;
13-45-95-10704-2511A;CUOTA 00000028 2511;;;;;;;;;
13-45-95-10704-2511B;INT.  00000028 2511;;;;;;;;;
13-45-95-10704-2511C;EXTRA 00000028 2511;;;;;;;;;
13-45-95-10704-2512A;CUOTA 00007387 2512;21853.00;;;21853.00;;;;;
13-45-95-10704-2512B;INT.  00007387 2512;;;;;;;;;
13-45-95-10704-2512C;EXTRA 00007387 2512;;;;;;;;;
13-45-95-10704-2601A;CUOTA 00007547 2601;383000.00;;;383000.00;;;;;
13-45-95-10704-2601B;INT.  00007547 2601;;;;;;;;;
13-45-95-10704-2601C;EXTRA 00007547 2601;;;;;;;;;
13-45-95-10704-2602A;CUOTA 00007708 2602;383000.00;;;383000.00;;;;;
13-45-95-10704-2602B;INT.  00007708 2602;;;;;;;;;
13-45-95-10704-2602C;EXTRA 00007708 2602;;;;;;;;;
13-45-95-10704-2603A;CUOTA 00007868 2603;383000.00;;;383000.00;;;;;
13-45-95-10704-2603B;INT.  00007868 2603;;;;;;;;;
13-45-95-10704-2603C;EXTRA 00007868 2603;;;;;;;;;
13-45-95-10704-2604A;CUOTA 00008028 2604;;383000.00;;383000.00;;;;;
13-45-95-10704-2604B;INT.  00008028 2604;;17563.00;;17563.00;;;;;
13-45-95-10801;ANA CECILIA SANCHEZ GARCIA;;;;;;;;;
13-45-95-10801-00007;CUENTA00007548 2601;;;;;;;;;
13-45-95-10801-2510A;CUOTA SI 2510;;;;;;;;;
13-45-95-10801-2510C;EXTRA SI 2510;;;;;;;;;
13-45-95-10801-2510D;RETRO SI 2510;;;;;;;;;
13-45-95-10801-2511A;CUOTA 00000029 2511;;;;;;;;;
13-45-95-10801-2511C;EXTRA 00000029 2511;;;;;;;;;
13-45-95-10801-2512A;CUOTA 00007388 2512;;;;;;;;;
13-45-95-10801-2512C;EXTRA 00007388 2512;;;;;;;;;
13-45-95-10801-2601A;CUOTA 00007548 2601;;;;;;;;;
13-45-95-10801-2601B;INT.  00007548 2601;;;;;;;;;
13-45-95-10801-2601C;EXTRA 00007548 2601;;;;;;;;;
13-45-95-10801-2602A;CUOTA 00007709 2602;;;;;;;;;
13-45-95-10801-2602B;INT.  00007709 2602;;;;;;;;;
13-45-95-10801-2602C;EXTRA 00007709 2602;;;;;;;;;
13-45-95-10801-2603A;CUOTA 00007869 2603;318218.00;;;318218.00;;;;;
13-45-95-10801-2603B;INT.  00007869 2603;;;;;;;;;
13-45-95-10801-2603C;EXTRA 00007869 2603;;;;;;;;;
13-45-95-10801-2604A;CUOTA 00008029 2604;;383000.00;;383000.00;;;;;
13-45-95-10801-2604B;INT.  00008029 2604;;4773.00;;4773.00;;;;;
13-45-95-10802;DAYANA LONDOÑO DIAZ;;;;;;;;;
13-45-95-10802-00007;CUENTA00007549 2601;;;;;;;;;
13-45-95-10802-2510A;CUOTA SI 2510;;;;;;;;;
13-45-95-10802-2510B;INT SI ADMON;;;;;;;;;
13-45-95-10802-2510C;EXTRA SI 2510;;;;;;;;;
13-45-95-10802-2510D;RETRO SI 2510;;;;;;;;;
13-45-95-10802-2511A;CUOTA 00000030 2511;;;;;;;;;
13-45-95-10802-2511B;INT.  00000030 2511;;;;;;;;;
13-45-95-10802-2511C;EXTRA 00000030 2511;;;;;;;;;
13-45-95-10802-2512A;CUOTA 00007389 2512;;;;;;;;;
13-45-95-10802-2512B;INT.  00007389 2512;;;;;;;;;
13-45-95-10802-2512C;EXTRA 00007389 2512;;;;;;;;;
13-45-95-10802-2601A;CUOTA 00007549 2601;;;;;;;;;
13-45-95-10802-2601B;INT.  00007549 2601;;;;;;;;;
13-45-95-10802-2601C;EXTRA 00007549 2601;;;;;;;;;
13-45-95-10802-2602A;CUOTA 00007710 2602;379588.00;;;379588.00;;;;;
13-45-95-10802-2602B;INT.  00007710 2602;;;;;;;;;
13-45-95-10802-2602C;EXTRA 00007710 2602;30000.00;;;30000.00;;;;;
13-45-95-10802-2603A;CUOTA 00007870 2603;383000.00;;;383000.00;;;;;
13-45-95-10802-2603B;INT.  00007870 2603;5694.00;;;5694.00;;;;;
13-45-95-10802-2603C;EXTRA 00007870 2603;30000.00;;;30000.00;;;;;
13-45-95-10802-2604A;CUOTA 00008030 2604;;383000.00;;383000.00;;;;;
13-45-95-10802-2604B;INT.  00008030 2604;;11439.00;;11439.00;;;;;
13-45-95-10803;JORGE EDUARDO LENIS ZAPATA;;;;;;;;;
13-45-95-10803-2510A;CUOTA SI 2510;;;;;;;;;
13-45-95-10803-2510C;EXTRA SI 2510;;;;;;;;;
13-45-95-10803-2510D;RETRO SI 2510;;;;;;;;;
13-45-95-10803-2511A;CUOTA 00000031 2511;;;;;;;;;
13-45-95-10803-2511C;EXTRA 00000031 2511;;;;;;;;;
13-45-95-10803-2512A;CUOTA 00007390 2512;;;;;;;;;
13-45-95-10803-2512C;EXTRA 00007390 2512;;;;;;;;;
13-45-95-10803-2601A;CUOTA 00007550 2601;71500.00;;;71500.00;;;;;
13-45-95-10803-2601C;EXTRA 00007550 2601;;;;;;;;;
13-45-95-10803-2602A;CUOTA 00007711 2602;383000.00;;;383000.00;;;;;
13-45-95-10803-2602B;INT.  00007711 2602;1073.00;;;1073.00;;;;;
13-45-95-10803-2602C;EXTRA 00007711 2602;30000.00;;;30000.00;;;;;
13-45-95-10803-2603A;CUOTA 00007871 2603;383000.00;;;383000.00;;;;;
13-45-95-10803-2603B;INT.  00007871 2603;6818.00;;;6818.00;;;;;
13-45-95-10803-2603C;EXTRA 00007871 2603;30000.00;;;30000.00;;;;;
13-45-95-10803-2604A;CUOTA 00008031 2604;;383000.00;;383000.00;;;;;
13-45-95-10803-2604B;INT.  00008031 2604;;12563.00;;12563.00;;;;;
13-45-95-10804;WALTER PORTO CARRERO CUERO;;;;;;;;;
13-45-95-10804-2510A;CUOTA SI 2510;;;;;;;;;
13-45-95-10804-2510B;INT SI ADMON;;;;;;;;;
13-45-95-10804-2510C;EXTRA SI 2510;;;;;;;;;
13-45-95-10804-2510D;RETRO SI 2510;;;;;;;;;
13-45-95-10804-2511A;CUOTA 00000032 2511;;;;;;;;;
13-45-95-10804-2511C;EXTRA 00000032 2511;;;;;;;;;
13-45-95-10804-2512A;CUOTA 00007391 2512;;;;;;;;;
13-45-95-10804-2512C;EXTRA 00007391 2512;;;;;;;;;
13-45-95-10804-2601A;CUOTA 00007551 2601;;;;;;;;;
13-45-95-10804-2601C;EXTRA 00007551 2601;;;;;;;;;
13-45-95-10804-2602A;CUOTA 00007712 2602;;;;;;;;;
13-45-95-10804-2602B;INT.  00007712 2602;;;;;;;;;
13-45-95-10804-2602C;EXTRA 00007712 2602;;;;;;;;;
13-45-95-10804-2603A;CUOTA 00007872 2603;202112.00;;;202112.00;;;;;
13-45-95-10804-2603B;INT.  00007872 2603;;;;;;;;;
13-45-95-10804-2603C;EXTRA 00007872 2603;;;;;;;;;
13-45-95-10804-2604A;CUOTA 00008032 2604;;383000.00;;383000.00;;;;;
13-45-95-10804-2604B;INT.  00008032 2604;;3032.00;;3032.00;;;;;
13-45-95-10901;ASTRID SERNA;;;;;;;;;
13-45-95-10901-2510A;CUOTA SI 2510;;;;;;;;;
13-45-95-10901-2510C;EXTRA SI 2510;;;;;;;;;
13-45-95-10901-2510D;RETRO SI 2510;;;;;;;;;
13-45-95-10901-2511A;CUOTA 00000033 2511;;;;;;;;;
13-45-95-10901-2511C;EXTRA 00000033 2511;;;;;;;;;
13-45-95-10901-2512A;CUOTA 00007392 2512;;;;;;;;;
13-45-95-10901-2512C;EXTRA 00007392 2512;;;;;;;;;
13-45-95-10901-2601A;CUOTA 00007552 2601;;;;;;;;;
13-45-95-10901-2601C;EXTRA 00007552 2601;;;;;;;;;
13-45-95-10901-2602A;CUOTA 00007713 2602;;;;;;;;;
13-45-95-10901-2602C;EXTRA 00007713 2602;;;;;;;;;
13-45-95-10901-2603A;CUOTA 00007873 2603;383000.00;;;383000.00;;;;;
13-45-95-10901-2603C;EXTRA 00007873 2603;30000.00;;;30000.00;;;;;
13-45-95-10901-2604A;CUOTA 00008033 2604;;383000.00;;383000.00;;;;;
13-45-95-10901-2604B;INT.  00008033 2604;;5745.00;;5745.00;;;;;
13-45-95-10902;PABLO DAVID RODRIGUEZI;;;;;;;;;
13-45-95-10902-2510A;CUOTA SI 2510;;;;;;;;;
13-45-95-10902-2510C;EXTRA SI 2510;;;;;;;;;
13-45-95-10902-2510D;RETRO SI 2510;;;;;;;;;
13-45-95-10902-2511A;CUOTA 00000034 2511;;;;;;;;;
13-45-95-10902-2511C;EXTRA 00000034 2511;;;;;;;;;
13-45-95-10902-2512A;CUOTA 00007393 2512;;;;;;;;;
13-45-95-10902-2512C;EXTRA 00007393 2512;;;;;;;;;
13-45-95-10902-2601A;CUOTA 00007553 2601;;;;;;;;;
13-45-95-10902-2601C;EXTRA 00007553 2601;;;;;;;;;
13-45-95-10902-2602A;CUOTA 00007714 2602;;;;;;;;;
13-45-95-10902-2602B;INT.  00007714 2602;;;;;;;;;
13-45-95-10902-2602C;EXTRA 00007714 2602;;;;;;;;;
13-45-95-10902-2603A;CUOTA 00007874 2603;;;;;;;;;
13-45-95-10902-2603C;EXTRA 00007874 2603;;;;;;;;;
13-45-95-10902-2604A;CUOTA 00008034 2604;;383000.00;;383000.00;;;;;
13-45-95-10903;MARIELLI RAMOS TORRES;;;;;;;;;
13-45-95-10903-2510A;CUOTA SI 2510;;;;;;;;;
13-45-95-10903-2510B;INT SI ADMON;;;;;;;;;
13-45-95-10903-2510C;EXTRA SI 2510;;;;;;;;;
13-45-95-10903-2510D;RETRO SI 2510;;;;;;;;;
13-45-95-10903-2511A;CUOTA 00000035 2511;;;;;;;;;
13-45-95-10903-2511B;INT.  00000035 2511;;;;;;;;;
13-45-95-10903-2511C;EXTRA 00000035 2511;;;;;;;;;
13-45-95-10903-2512A;CUOTA 00007394 2512;;;;;;;;;
13-45-95-10903-2512B;INT.  00007394 2512;;;;;;;;;
13-45-95-10903-2512C;EXTRA 00007394 2512;;;;;;;;;
13-45-95-10903-2601A;CUOTA 00007554 2601;;;;;;;;;
13-45-95-10903-2601C;EXTRA 00007554 2601;;;;;;;;;
13-45-95-10903-2602A;CUOTA 00007715 2602;239747.00;;;239747.00;;;;;
13-45-95-10903-2602B;INT.  00007715 2602;;;;;;;;;
13-45-95-10903-2602C;EXTRA 00007715 2602;;;;;;;;;
13-45-95-10903-2603A;CUOTA 00007875 2603;383000.00;;;383000.00;;;;;
13-45-95-10903-2603B;INT.  00007875 2603;;;;;;;;;
13-45-95-10903-2603C;EXTRA 00007875 2603;;;;;;;;;
13-45-95-10903-2604A;CUOTA 00008035 2604;;383000.00;;383000.00;;;;;
13-45-95-10903-2604B;INT.  00008035 2604;;9341.00;;9341.00;;;;;
13-45-95-10904;JAVIER ALONSO QUIJANO;;;;;;;;;
13-45-95-10904-2510A;CUOTA SI 2510;;;;;;;;;
13-45-95-10904-2510B;INT SI ADMON;;;;;;;;;
13-45-95-10904-2510C;EXTRA SI 2510;;;;;;;;;
13-45-95-10904-2510D;RETRO SI 2510;;;;;;;;;
13-45-95-10904-2511A;CUOTA 00000036 2511;;;;;;;;;
13-45-95-10904-2511C;EXTRA 00000036 2511;;;;;;;;;
13-45-95-10904-2511E;SANCION CONVIVENCIA;;;;;;;;;
13-45-95-10904-2512A;CUOTA 00007395 2512;;;;;;;;;
13-45-95-10904-2512C;EXTRA 00007395 2512;;;;;;;;;
13-45-95-10904-2601A;CUOTA 00007555 2601;;;;;;;;;
13-45-95-10904-2601C;EXTRA 00007555 2601;;;;;;;;;
13-45-95-10904-2602A;CUOTA 00007716 2602;;;;;;;;;
13-45-95-10904-2602C;EXTRA 00007716 2602;;;;;;;;;
13-45-95-10904-2603A;CUOTA 00007876 2603;254049.00;;;254049.00;;;;;
13-45-95-10904-2603B;INT.  00007876 2603;;;;;;;;;
13-45-95-10904-2603C;EXTRA 00007876 2603;;;;;;;;;
13-45-95-10904-2604A;CUOTA 00008036 2604;;383000.00;;383000.00;;;;;
13-45-95-10904-2604B;INT.  00008036 2604;;3811.00;;3811.00;;;;;
13-45-95-11001;1 WILSON ALEJANDRO GOMEZ MOR;;;;;;;;;
13-45-95-11001-2510A;CUOTA SI 2510;;;;;;;;;
13-45-95-11001-2510B;INT SI ADMON;;;;;;;;;
13-45-95-11001-2510C;EXTRA SI 2510;;;;;;;;;
13-45-95-11001-2510D;RETRO SI 2510;;;;;;;;;
13-45-95-11001-2511A;CUOTA 00000037 2511;;;;;;;;;
13-45-95-11001-2511C;EXTRA 00000037 2511;;;;;;;;;
13-45-95-11001-2512A;CUOTA 00007396 2512;;;;;;;;;
13-45-95-11001-2512C;EXTRA 00007396 2512;;;;;;;;;
13-45-95-11001-2601A;CUOTA 00007556 2601;;;;;;;;;
13-45-95-11001-2601C;EXTRA 00007556 2601;;;;;;;;;
13-45-95-11001-2602A;CUOTA 00007717 2602;;;;;;;;;
13-45-95-11001-2602C;EXTRA 00007717 2602;;;;;;;;;
13-45-95-11001-2603A;CUOTA 00007877 2603;;;;;;;;;
13-45-95-11001-2603C;EXTRA 00007877 2603;;;;;;;;;
13-45-95-11001-2604A;CUOTA 00008037 2604;;383000.00;;383000.00;;;;;
13-45-95-11002;2 CARLOS RENE LEON PARRA;;;;;;;;;
13-45-95-11002-00007;CUENTA00007557 2601;;;;;;;;;
13-45-95-11002-2510A;CUOTA SI 2510;;;;;;;;;
13-45-95-11002-2510B;INT SI ADMON;;;;;;;;;
13-45-95-11002-2510C;EXTRA SI 2510;;;;;;;;;
13-45-95-11002-2510D;RETRO SI 2510;;;;;;;;;
13-45-95-11002-2510E;MULTA SI 2510;;;;;;;;;
13-45-95-11002-2511A;CUOTA 00000038 2511;;;;;;;;;
13-45-95-11002-2511B;INT.  00000038 2511;;;;;;;;;
13-45-95-11002-2511C;EXTRA 00000038 2511;;;;;;;;;
13-45-95-11002-2512A;CUOTA 00007397 2512;;;;;;;;;
13-45-95-11002-2512B;INT.  00007397 2512;;;;;;;;;
13-45-95-11002-2512C;EXTRA 00007397 2512;;;;;;;;;
13-45-95-11002-2601A;CUOTA 00007557 2601;;;;;;;;;
13-45-95-11002-2601B;INT.  00007557 2601;;;;;;;;;
13-45-95-11002-2601C;EXTRA 00007557 2601;;;;;;;;;
13-45-95-11002-2602A;CUOTA 00007718 2602;322839.00;;;322839.00;;;;;
13-45-95-11002-2602B;INT.  00007718 2602;;;;;;;;;
13-45-95-11002-2602C;EXTRA 00007718 2602;;;;;;;;;
13-45-95-11002-2603A;CUOTA 00007878 2603;383000.00;;;383000.00;;;;;
13-45-95-11002-2603B;INT.  00007878 2603;;;;;;;;;
13-45-95-11002-2603C;EXTRA 00007878 2603;;;;;;;;;
13-45-95-11002-2604A;CUOTA 00008038 2604;;383000.00;;383000.00;;;;;
13-45-95-11002-2604B;INT.  00008038 2604;;10588.00;;10588.00;;;;;
13-45-95-11003;3 HARVEY DE JESUS OSPINA ROM;;;;;;;;;
13-45-95-11003-00007;CUENTA00007558 2601;;;;;;;;;
13-45-95-11003-2510A;CUOTA SI 2510;;;;;;;;;
13-45-95-11003-2510B;INT SI ADMON;;;;;;;;;
13-45-95-11003-2510C;EXTRA SI 2510;;;;;;;;;
13-45-95-11003-2510D;RETRO SI 2510;;;;;;;;;
13-45-95-11003-2511A;CUOTA 00000039 2511;;;;;;;;;
13-45-95-11003-2511C;EXTRA 00000039 2511;;;;;;;;;
13-45-95-11003-2512A;CUOTA 00007398 2512;;;;;;;;;
13-45-95-11003-2512C;EXTRA 00007398 2512;;;;;;;;;
13-45-95-11003-2601A;CUOTA 00007558 2601;;;;;;;;;
13-45-95-11003-2601B;INT.  00007558 2601;;;;;;;;;
13-45-95-11003-2601C;EXTRA 00007558 2601;;;;;;;;;
13-45-95-11003-2602A;CUOTA 00007719 2602;35838.00;;;35838.00;;;;;
13-45-95-11003-2602B;INT.  00007719 2602;;;;;;;;;
13-45-95-11003-2602C;EXTRA 00007719 2602;;;;;;;;;
13-45-95-11003-2603A;CUOTA 00007879 2603;383000.00;;;383000.00;;;;;
13-45-95-11003-2603B;INT.  00007879 2603;538.00;;;538.00;;;;;
13-45-95-11003-2603C;EXTRA 00007879 2603;30000.00;;;30000.00;;;;;
13-45-95-11003-2604A;CUOTA 00008039 2604;;383000.00;;383000.00;;;;;
13-45-95-11003-2604B;INT.  00008039 2604;;6283.00;;6283.00;;;;;
13-45-95-11004;4 CARLOS EDUARDO RAMIREZ ROD;;;;;;;;;
13-45-95-11004-2510A;CUOTA SI 2510;;;;;;;;;
13-45-95-11004-2510C;EXTRA SI 2510;;;;;;;;;
13-45-95-11004-2510D;RETRO SI 2510;;;;;;;;;
13-45-95-11004-2511A;CUOTA 00000040 2511;;;;;;;;;
13-45-95-11004-2511C;EXTRA 00000040 2511;;;;;;;;;
13-45-95-11004-2512A;CUOTA 00007399 2512;;;;;;;;;
13-45-95-11004-2512C;EXTRA 00007399 2512;;;;;;;;;
13-45-95-11004-2601A;CUOTA 00007559 2601;;;;;;;;;
13-45-95-11004-2601C;EXTRA 00007559 2601;;;;;;;;;
13-45-95-11004-2602A;CUOTA 00007720 2602;;;;;;;;;
13-45-95-11004-2602C;EXTRA 00007720 2602;;;;;;;;;
13-45-95-11004-2603A;CUOTA 00007880 2603;;;;;;;;;
13-45-95-11004-2603C;EXTRA 00007880 2603;;;;;;;;;
13-45-95-11004-2604A;CUOTA 00008040 2604;;383000.00;;383000.00;;;;;
13-45-95-20101;CARLOS VELASQUEZ BERNAL;;;;;;;;;
13-45-95-20101-2510A;CUOTA SI 2510;;;;;;;;;
13-45-95-20101-2510C;EXTRA SI 2510;;;;;;;;;
13-45-95-20101-2510D;RETRO SI 2510;;;;;;;;;
13-45-95-20101-2511A;CUOTA 00000041 2511;;;;;;;;;
13-45-95-20101-2511C;EXTRA 00000041 2511;;;;;;;;;
13-45-95-20101-2512A;CUOTA 00007400 2512;;;;;;;;;
13-45-95-20101-2512C;EXTRA 00007400 2512;;;;;;;;;
13-45-95-20101-2601A;CUOTA 00007560 2601;;;;;;;;;
13-45-95-20101-2601C;EXTRA 00007560 2601;;;;;;;;;
13-45-95-20101-2602A;CUOTA 00007721 2602;;;;;;;;;
13-45-95-20101-2602C;EXTRA 00007721 2602;;;;;;;;;
13-45-95-20101-2603A;CUOTA 00007881 2603;;;;;;;;;
13-45-95-20101-2603C;EXTRA 00007881 2603;;;;;;;;;
13-45-95-20101-2604A;CUOTA 00008041 2604;;383000.00;;383000.00;;;;;
13-45-95-20102;DIEGO NAVIA SIERRA;;;;;;;;;
13-45-95-20102-2510A;CUOTA SI 2510;;;;;;;;;
13-45-95-20102-2510B;INT SI ADMON;;;;;;;;;
13-45-95-20102-2510C;EXTRA SI 2510;;;;;;;;;
13-45-95-20102-2510D;RETRO SI 2510;;;;;;;;;
13-45-95-20102-2511A;CUOTA 00000042 2511;;;;;;;;;
13-45-95-20102-2511C;EXTRA 00000042 2511;;;;;;;;;
13-45-95-20102-2512A;CUOTA 00007401 2512;;;;;;;;;
13-45-95-20102-2512C;EXTRA 00007401 2512;;;;;;;;;
13-45-95-20102-2601A;CUOTA 00007561 2601;;;;;;;;;
13-45-95-20102-2601C;EXTRA 00007561 2601;;;;;;;;;
13-45-95-20102-2602A;CUOTA 00007722 2602;;;;;;;;;
13-45-95-20102-2602C;EXTRA 00007722 2602;;;;;;;;;
13-45-95-20102-2603A;CUOTA 00007882 2603;;;;;;;;;
13-45-95-20102-2603C;EXTRA 00007882 2603;;;;;;;;;
13-45-95-20102-2604A;CUOTA 2604A;4566.00-;383000.00;;378434.00;;;;;
13-45-95-20103;SOL ANGEL VALENCIA VASCO;;;;;;;;;
13-45-95-20103-00007;CUENTA00007562 2601;;;;;;;;;
13-45-95-20103-2510A;CUOTA SI 2510;;;;;;;;;
13-45-95-20103-2510C;EXTRA SI 2510;;;;;;;;;
13-45-95-20103-2510D;RETRO SI 2510;;;;;;;;;
13-45-95-20103-2511A;CUOTA 00000043 2511;;;;;;;;;
13-45-95-20103-2511C;EXTRA 00000043 2511;;;;;;;;;
13-45-95-20103-2512A;CUOTA 00007402 2512;;;;;;;;;
13-45-95-20103-2512B;INT.  00007402 2512;;;;;;;;;
13-45-95-20103-2512C;EXTRA 00007402 2512;;;;;;;;;
13-45-95-20103-2601A;CUOTA 00007562 2601;;;;;;;;;
13-45-95-20103-2601B;INT.  00007562 2601;;;;;;;;;
13-45-95-20103-2601C;EXTRA 00007562 2601;;;;;;;;;
13-45-95-20103-2602A;CUOTA 00007723 2602;;;;;;;;;
13-45-95-20103-2602C;EXTRA 00007723 2602;;;;;;;;;
13-45-95-20103-2603A;CUOTA 00007883 2603;;;;;;;;;
13-45-95-20103-2603C;EXTRA 00007883 2603;;;;;;;;;
13-45-95-20103-2604A;CUOTA 00008043 2604;;383000.00;;383000.00;;;;;
13-45-95-20104;DANIELA GUTIERREZ CIFUENTES;;;;;;;;;
13-45-95-20104-00007;CUENTA00007563 2601;;;;;;;;;
13-45-95-20104-2510A;CUOTA SI 2510;;;;;;;;;
13-45-95-20104-2510B;INT SI ADMON;;;;;;;;;
13-45-95-20104-2510C;EXTRA SI 2510;;;;;;;;;
13-45-95-20104-2510D;RETRO SI 2510;;;;;;;;;
13-45-95-20104-2511A;CUOTA 00000044 2511;;;;;;;;;
13-45-95-20104-2511C;EXTRA 00000044 2511;;;;;;;;;
13-45-95-20104-2512A;CUOTA 00007403 2512;;;;;;;;;
13-45-95-20104-2512B;INT.  00007403 2512;;;;;;;;;
13-45-95-20104-2512C;EXTRA 00007403 2512;;;;;;;;;
13-45-95-20104-2601A;CUOTA 00007563 2601;;;;;;;;;
13-45-95-20104-2601B;INT.  00007563 2601;;;;;;;;;
13-45-95-20104-2601C;EXTRA 00007563 2601;;;;;;;;;
13-45-95-20104-2602A;CUOTA 00007724 2602;104729.00;;;104729.00;;;;;
13-45-95-20104-2602B;INT.  00007724 2602;;;;;;;;;
13-45-95-20104-2602C;EXTRA 00007724 2602;;;;;;;;;
13-45-95-20104-2603A;CUOTA 00007884 2603;383000.00;;;383000.00;;;;;
13-45-95-20104-2603B;INT.  00007884 2603;;;;;;;;;
13-45-95-20104-2603C;EXTRA 00007884 2603;;;;;;;;;
13-45-95-20104-2604A;CUOTA 00008044 2604;;383000.00;;383000.00;;;;;
13-45-95-20104-2604B;INT.  00008044 2604;;7316.00;;7316.00;;;;;
13-45-95-20201;ROSE MARY FALLA CAMPOS;;;;;;;;;
13-45-95-20201-2510A;CUOTA SI 2510;;;;;;;;;
13-45-95-20201-2510C;EXTRA SI 2510;;;;;;;;;
13-45-95-20201-2510D;RETRO SI 2510;;;;;;;;;
13-45-95-20201-2511A;CUOTA 00000045 2511;;;;;;;;;
13-45-95-20201-2511C;EXTRA 00000045 2511;;;;;;;;;
13-45-95-20201-2512A;CUOTA 2512;;;;;;;;;
13-45-95-20201-2512C;EXTRA 00007404 2512;;;;;;;;;
13-45-95-20201-2601A;CUOTA 00007564 2601;;;;;;;;;
13-45-95-20201-2601C;EXTRA 00007564 2601;;;;;;;;;
13-45-95-20201-2602A;CUOTA 00007725 2602;;;;;;;;;
13-45-95-20201-2602C;EXTRA 00007725 2602;;;;;;;;;
13-45-95-20201-2603A;CUOTA 00007885 2603;;;;;;;;;
13-45-95-20201-2603C;EXTRA 00007885 2603;;;;;;;;;
13-45-95-20201-2604A;CUOTA 00008045 2604;;383000.00;;383000.00;;;;;
13-45-95-20202;ROSSE MARY FALLA CAMPOS;;;;;;;;;
13-45-95-20202-00007;CUENTA00007565 2601;;;;;;;;;
13-45-95-20202-2510A;CUOTA SI 2510;;;;;;;;;
13-45-95-20202-2510B;INT SI ADMON;;;;;;;;;
13-45-95-20202-2510C;EXTRA SI 2510;;;;;;;;;
13-45-95-20202-2510D;RETRO SI 2510;;;;;;;;;
13-45-95-20202-2511A;CUOTA 00000046 2511;;;;;;;;;
13-45-95-20202-2511B;INT.  00000046 2511;;;;;;;;;
13-45-95-20202-2511C;EXTRA 00000046 2511;;;;;;;;;
13-45-95-20202-2512A;CUOTA 00007405 2512;;;;;;;;;
13-45-95-20202-2512B;INT.  00007405 2512;;;;;;;;;
13-45-95-20202-2512C;EXTRA 00007405 2512;;;;;;;;;
13-45-95-20202-2601A;CUOTA 00007565 2601;;;;;;;;;
13-45-95-20202-2601B;INT.  00007565 2601;;;;;;;;;
13-45-95-20202-2601C;EXTRA 00007565 2601;;;;;;;;;
13-45-95-20202-2602A;CUOTA 00007726 2602;199372.00;;;199372.00;;;;;
13-45-95-20202-2602B;INT.  00007726 2602;;;;;;;;;
13-45-95-20202-2602C;EXTRA 00007726 2602;;;;;;;;;
13-45-95-20202-2603A;CUOTA 00007886 2603;383000.00;;;383000.00;;;;;
13-45-95-20202-2603B;INT.  00007886 2603;;;;;;;;;
13-45-95-20202-2603C;EXTRA 00007886 2603;;;;;;;;;
13-45-95-20202-2604A;CUOTA 00008046 2604;;383000.00;;383000.00;;;;;
13-45-95-20202-2604B;INT.  00008046 2604;;8736.00;;8736.00;;;;;
13-45-95-20202-2604E;SANCION  CONVIVENCIA;;383000.00;;383000.00;;;;;
13-45-95-20203;ALBA LORENA TEJADA IBARGUEN;;;;;;;;;
13-45-95-20203-00007;CUENTA00007566 2601;;;;;;;;;
13-45-95-20203-2510A;CUOTA SI 2510;;;;;;;;;
13-45-95-20203-2510B;INT SI ADMON;;;;;;;;;
13-45-95-20203-2510C;EXTRA SI 2510;;;;;;;;;
13-45-95-20203-2510D;RETRO SI 2510;;;;;;;;;
13-45-95-20203-2511A;CUOTA 00000047 2511;;;;;;;;;
13-45-95-20203-2511B;INT.  00000047 2511;;;;;;;;;
13-45-95-20203-2511C;EXTRA 00000047 2511;;;;;;;;;
13-45-95-20203-2512A;CUOTA 00007406 2512;;;;;;;;;
13-45-95-20203-2512B;INT.  00007406 2512;;;;;;;;;
13-45-95-20203-2512C;EXTRA 00007406 2512;;;;;;;;;
13-45-95-20203-2601A;CUOTA 00007566 2601;;71500.00;71500.00;;;;;;
13-45-95-20203-2601B;INT.  00007566 2601;;;;;;;;;
13-45-95-20203-2601C;EXTRA 00007566 2601;;;;;;;;;
13-45-95-20203-2602A;CUOTA 00007727 2602;100000.00;283000.00;383000.00;;;;;;
13-45-95-20203-2602B;INT.  00007727 2602;;1073.00;1073.00;;;;;;
13-45-95-20203-2602C;EXTRA 00007727 2602;;30000.00;30000.00;;;;;;
13-45-95-20203-2603A;CUOTA 00007887 2603;92391.00;3036.00;95427.00;;;;;;
13-45-95-20203-2603B;INT.  00007887 2603;;;;;;;;;
13-45-95-20203-2603C;EXTRA 00007887 2603;30000.00;;30000.00;;;;;;
13-45-95-20203-2604A;CUOTA 00008047 2604;;383000.00;367500.00;15500.00;;;;;
13-45-95-20203-2604B;INT.  00008047 2604;;12563.00;12563.00;;;;;;
13-45-95-20204;JESSICA ECHEVERRY LOPEZ;;;;;;;;;
13-45-95-20204-2510A;CUOTA SI 2510;;;;;;;;;
13-45-95-20204-2510C;EXTRA SI 2510;;;;;;;;;
13-45-95-20204-2510D;RETRO SI 2510;;;;;;;;;
13-45-95-20204-2511A;CUOTA 00000048 2511;;;;;;;;;
13-45-95-20204-2511C;EXTRA 00000048 2511;;;;;;;;;
13-45-95-20204-2512A;CUOTA 00007407 2512;;;;;;;;;
13-45-95-20204-2512B;INT.  00007407 2512;;;;;;;;;
13-45-95-20204-2512C;EXTRA 00007407 2512;;;;;;;;;
13-45-95-20204-2601A;CUOTA 00007567 2601;;;;;;;;;
13-45-95-20204-2601C;EXTRA 00007567 2601;;;;;;;;;
13-45-95-20204-2602A;CUOTA 00007728 2602;;;;;;;;;
13-45-95-20204-2602B;INT.  00007728 2602;;;;;;;;;
13-45-95-20204-2602C;EXTRA 00007728 2602;;;;;;;;;
13-45-95-20204-2603A;CUOTA 00007888 2603;222391.00;;;222391.00;;;;;
13-45-95-20204-2603B;INT.  00007888 2603;;;;;;;;;
13-45-95-20204-2603C;EXTRA 00007888 2603;;;;;;;;;
13-45-95-20204-2604A;CUOTA 00008048 2604;;383000.00;;383000.00;;;;;
13-45-95-20204-2604B;INT.  00008048 2604;;3336.00;;3336.00;;;;;
13-45-95-20301;ANA MARIA GOMEZ PEREA;;;;;;;;;
13-45-95-20301-2510A;CUOTA SI 2510;;;;;;;;;
13-45-95-20301-2510B;INT SI ADMON;690.00-;;;;690.00;;;;
13-45-95-20301-2510C;EXTRA SI 2510;;;;;;;;;
13-45-95-20301-2510D;RETRO SI 2510;;;;;;;;;
13-45-95-20301-2511A;CUOTA 00000049 2511;;;;;;;;;
13-45-95-20301-2511B;INT.  00000049 2511;;;;;;;;;
13-45-95-20301-2511C;EXTRA 00000049 2511;;;;;;;;;
13-45-95-20301-2512A;CUOTA 2512;;;;;;;;;
13-45-95-20301-2512C;EXTRA 00007408 2512;;;;;;;;;
13-45-95-20301-2601A;CUOTA 00007568 2601;;;;;;;;;
13-45-95-20301-2601C;EXTRA 00007568 2601;;;;;;;;;
13-45-95-20301-2602A;CUOTA 00007729 2602;;;;;;;;;
13-45-95-20301-2602C;EXTRA 00007729 2602;;;;;;;;;
13-45-95-20301-2603A;CUOTA 00007889 2603;383000.00;;;383000.00;;;;;
13-45-95-20301-2603C;EXTRA 00007889 2603;30000.00;;;30000.00;;;;;
13-45-95-20301-2604A;CUOTA 00008049 2604;;383000.00;;383000.00;;;;;
13-45-95-20301-2604B;INT.  00008049 2604;;5745.00;;5745.00;;;;;
13-45-95-20302;JOSE ARDELY BEDOYA CORRALES;;;;;;;;;
13-45-95-20302-00007;CUENTA00007569 2601;;;;;;;;;
13-45-95-20302-2510A;CUOTA SI 2510;;;;;;;;;
13-45-95-20302-2510B;INT SI ADMON;;;;;;;;;
13-45-95-20302-2510C;EXTRA SI 2510;;;;;;;;;
13-45-95-20302-2510D;RETRO SI 2510;;;;;;;;;
13-45-95-20302-2511A;CUOTA 00000050 2511;;;;;;;;;
13-45-95-20302-2511C;EXTRA 00000050 2511;;;;;;;;;
13-45-95-20302-2512A;CUOTA 00007409 2512;;;;;;;;;
13-45-95-20302-2512B;INT.  00007409 2512;;;;;;;;;
13-45-95-20302-2512C;EXTRA 00007409 2512;;;;;;;;;
13-45-95-20302-2601A;CUOTA 00007569 2601;;;;;;;;;
13-45-95-20302-2601B;INT.  00007569 2601;;;;;;;;;
13-45-95-20302-2601C;EXTRA 00007569 2601;;;;;;;;;
13-45-95-20302-2602A;CUOTA 00007730 2602;;;;;;;;;
13-45-95-20302-2602B;INT.  00007730 2602;;;;;;;;;
13-45-95-20302-2602C;EXTRA 00007730 2602;;;;;;;;;
13-45-95-20302-2603A;CUOTA 00007890 2603;;;;;;;;;
13-45-95-20302-2603C;EXTRA 00007890 2603;;;;;;;;;
13-45-95-20302-2604A;CUOTA 2604A;95.00-;383000.00;;382905.00;;;;;
13-45-95-20303;DANIEL FERNANDO FRANCO NAVAR;;;;;;;;;
13-45-95-20303-2510A;CUOTA SI 2510;;;;;;;;;
13-45-95-20303-2510C;EXTRA SI 2510;;;;;;;;;
13-45-95-20303-2510D;RETRO SI 2510;;;;;;;;;
13-45-95-20303-2511A;CUOTA 00000051 2511;;;;;;;;;
13-45-95-20303-2511C;EXTRA 00000051 2511;;;;;;;;;
13-45-95-20303-2512A;CUOTA 2512;;;;;;;;;
13-45-95-20303-2512C;EXTRA 00007410 2512;;;;;;;;;
13-45-95-20303-2601A;CUOTA 00007570 2601;;;;;;;;;
13-45-95-20303-2601C;EXTRA 00007570 2601;;;;;;;;;
13-45-95-20303-2602A;CUOTA 00007731 2602;;;;;;;;;
13-45-95-20303-2602C;EXTRA 00007731 2602;;;;;;;;;
13-45-95-20303-2603A;CUOTA 00007891 2603;;;;;;;;;
13-45-95-20303-2603C;EXTRA 00007891 2603;;;;;;;;;
13-45-95-20303-2604A;CUOTA 2604A;3000.00-;383000.00;;380000.00;;;;;
13-45-95-20304;HERBERT ALBERTO BONILLA ESCO;;;;;;;;;
13-45-95-20304-00007;CUENTA00007571 2601;;;;;;;;;
13-45-95-20304-2510A;CUOTA SI 2510;;;;;;;;;
13-45-95-20304-2510B;INT SI ADMON;;;;;;;;;
13-45-95-20304-2510C;EXTRA SI 2510;;;;;;;;;
13-45-95-20304-2510D;RETRO SI 2510;;;;;;;;;
13-45-95-20304-2511A;CUOTA 00000052 2511;;;;;;;;;
13-45-95-20304-2511C;EXTRA 00000052 2511;;;;;;;;;
13-45-95-20304-2512A;CUOTA 00007411 2512;;;;;;;;;
13-45-95-20304-2512B;INT.  00007411 2512;;;;;;;;;
13-45-95-20304-2512C;EXTRA 00007411 2512;;;;;;;;;
13-45-95-20304-2601A;CUOTA 00007571 2601;;;;;;;;;
13-45-95-20304-2601B;INT.  00007571 2601;;;;;;;;;
13-45-95-20304-2601C;EXTRA 00007571 2601;;;;;;;;;
13-45-95-20304-2602A;CUOTA 00007732 2602;;;;;;;;;
13-45-95-20304-2602C;EXTRA 00007732 2602;;;;;;;;;
13-45-95-20304-2603A;CUOTA 00007892 2603;;;;;;;;;
13-45-95-20304-2603C;EXTRA 00007892 2603;;;;;;;;;
13-45-95-20304-2604A;CUOTA 00008052 2604;;383000.00;;383000.00;;;;;
13-45-95-20401;LUZ DARY CASTÑEDA LOPEZ;;;;;;;;;
13-45-95-20401-00007;CUENTA00007572 2601;;;;;;;;;
13-45-95-20401-2510A;CUOTA SI 2510;;;;;;;;;
13-45-95-20401-2510B;INT SI ADMON;;;;;;;;;
13-45-95-20401-2510C;EXTRA SI 2510;;;;;;;;;
13-45-95-20401-2510D;RETRO SI 2510;;;;;;;;;
13-45-95-20401-2511A;CUOTA 00000053 2511;;;;;;;;;
13-45-95-20401-2511B;INT.  00000053 2511;;;;;;;;;
13-45-95-20401-2511C;EXTRA 00000053 2511;;;;;;;;;
13-45-95-20401-2512A;CUOTA 00007412 2512;;;;;;;;;
13-45-95-20401-2512B;INT.  00007412 2512;;;;;;;;;
13-45-95-20401-2512C;EXTRA 00007412 2512;;;;;;;;;
13-45-95-20401-2601A;CUOTA 00007572 2601;;;;;;;;;
13-45-95-20401-2601B;INT.  00007572 2601;;;;;;;;;
13-45-95-20401-2601C;EXTRA 00007572 2601;;;;;;;;;
13-45-95-20401-2602A;CUOTA 00007733 2602;;;;;;;;;
13-45-95-20401-2602C;EXTRA 00007733 2602;;;;;;;;;
13-45-95-20401-2603A;CUOTA 00007893 2603;2534.00;;;2534.00;;;;;
13-45-95-20401-2603B;INT.  00007893 2603;;;;;;;;;
13-45-95-20401-2603C;EXTRA 00007893 2603;;;;;;;;;
13-45-95-20401-2604A;CUOTA 00008053 2604;;383000.00;;383000.00;;;;;
13-45-95-20401-2604B;INT.  00008053 2604;;38.00;;38.00;;;;;
13-45-95-20402;JORGE ARMANDO ORTEGA PARRA;;;;;;;;;
13-45-95-20402-2510A;CUOTA SI 2510;;;;;;;;;
13-45-95-20402-2510C;EXTRA SI 2510;;;;;;;;;
13-45-95-20402-2510D;RETRO SI 2510;;;;;;;;;
13-45-95-20402-2511A;CUOTA 00000054 2511;;;;;;;;;
13-45-95-20402-2511C;EXTRA 00000054 2511;;;;;;;;;
13-45-95-20402-2512A;CUOTA 2512;;;;;;;;;
13-45-95-20402-2512C;EXTRA 00007413 2512;;;;;;;;;
13-45-95-20402-2601A;CUOTA 00007573 2601;;;;;;;;;
13-45-95-20402-2601C;EXTRA 00007573 2601;;;;;;;;;
13-45-95-20402-2602A;CUOTA 00007734 2602;;;;;;;;;
13-45-95-20402-2602B;INT.  00007734 2602;;;;;;;;;
13-45-95-20402-2602C;EXTRA 00007734 2602;;;;;;;;;
13-45-95-20402-2603A;CUOTA 00007894 2603;;;;;;;;;
13-45-95-20402-2603C;EXTRA 00007894 2603;;;;;;;;;
13-45-95-20402-2604A;CUOTA 2604A;2000.00-;383000.00;;381000.00;;;;;
13-45-95-20403;LILIANA ANDREA TOBON BECERRA;;;;;;;;;
13-45-95-20403-2510A;CUOTA SI 2510;;;;;;;;;
13-45-95-20403-2510C;EXTRA SI 2510;;;;;;;;;
13-45-95-20403-2510D;RETRO SI 2510;;;;;;;;;
13-45-95-20403-2511A;CUOTA 00000055 2511;;;;;;;;;
13-45-95-20403-2511B;INT.  00000055 2511;;;;;;;;;
13-45-95-20403-2511C;EXTRA 00000055 2511;;;;;;;;;
13-45-95-20403-2512A;CUOTA 2512;;;;;;;;;
13-45-95-20403-2512C;EXTRA 00007414 2512;;;;;;;;;
13-45-95-20403-2601A;CUOTA 00007574 2601;308376.00-;;;;308376.00;;;;
13-45-95-20403-2601C;EXTRA 00007574 2601;;;;;;;;;
13-45-95-20403-2602A;CUOTA 00007735 2602;37000.00-;;;;37000.00;;;;
13-45-95-20403-2602C;EXTRA 00007735 2602;;;;;;;;;
13-45-95-20403-2603A;CUOTA 00007895 2603;383000.00;;;383000.00;;;;;
13-45-95-20403-2603C;EXTRA 00007895 2603;30000.00;;;30000.00;;;;;
13-45-95-20403-2604A;CUOTA 00008055 2604;;383000.00;;383000.00;;;;;
13-45-95-20403-2604B;INT.  00008055 2604;;564.00;;564.00;;;;;
13-45-95-20404;ESPERANZA VILLLEGAS LOPEZ;;;;;;;;;
13-45-95-20404-00007;CUENTA00007575 2601;;;;;;;;;
13-45-95-20404-2510A;CUOTA SI 2510;;;;;;;;;
13-45-95-20404-2510B;INT SI ADMON;;;;;;;;;
13-45-95-20404-2510C;EXTRA SI 2510;;;;;;;;;
13-45-95-20404-2510D;RETRO SI 2510;;;;;;;;;
13-45-95-20404-2511A;CUOTA 00000056 2511;;;;;;;;;
13-45-95-20404-2511B;INT.  00000056 2511;;;;;;;;;
13-45-95-20404-2511C;EXTRA 00000056 2511;;;;;;;;;
13-45-95-20404-2512A;CUOTA 00007415 2512;;;;;;;;;
13-45-95-20404-2512B;INT.  00007415 2512;;;;;;;;;
13-45-95-20404-2512C;EXTRA 00007415 2512;;;;;;;;;
13-45-95-20404-2601A;CUOTA 00007575 2601;;;;;;;;;
13-45-95-20404-2601B;INT.  00007575 2601;;;;;;;;;
13-45-95-20404-2601C;EXTRA 00007575 2601;;;;;;;;;
13-45-95-20404-2602A;CUOTA 00007736 2602;;;;;;;;;
13-45-95-20404-2602B;INT.  00007736 2602;;;;;;;;;
13-45-95-20404-2602C;EXTRA 00007736 2602;;;;;;;;;
13-45-95-20404-2603A;CUOTA 00007896 2603;361081.00;;;361081.00;;;;;
13-45-95-20404-2603B;INT.  00007896 2603;;;;;;;;;
13-45-95-20404-2603C;EXTRA 00007896 2603;;;;;;;;;
13-45-95-20404-2604A;CUOTA 00008056 2604;;383000.00;;383000.00;;;;;
13-45-95-20404-2604B;INT.  00008056 2604;;5416.00;;5416.00;;;;;
13-45-95-20501;YENNY ALVAREZ;;;;;;;;;
13-45-95-20501-00007;CUENTA00007576 2601;;;;;;;;;
13-45-95-20501-2510A;CUOTA SI 2510;;;;;;;;;
13-45-95-20501-2510B;INT SI ADMON;;;;;;;;;
13-45-95-20501-2510C;EXTRA SI 2510;;;;;;;;;
13-45-95-20501-2510D;RETRO SI 2510;;;;;;;;;
13-45-95-20501-2511A;CUOTA 00000057 2511;;;;;;;;;
13-45-95-20501-2511B;INT.  00000057 2511;;;;;;;;;
13-45-95-20501-2511C;EXTRA 00000057 2511;;;;;;;;;
13-45-95-20501-2512A;CUOTA 00007416 2512;;;;;;;;;
13-45-95-20501-2512C;EXTRA 00007416 2512;;;;;;;;;
13-45-95-20501-2601A;CUOTA 00007576 2601;;;;;;;;;
13-45-95-20501-2601B;INT.  00007576 2601;;;;;;;;;
13-45-95-20501-2601C;EXTRA 00007576 2601;;;;;;;;;
13-45-95-20501-2602A;CUOTA 00007737 2602;35745.00;;;35745.00;;;;;
13-45-95-20501-2602C;EXTRA 00007737 2602;;;;;;;;;
13-45-95-20501-2603A;CUOTA 00007897 2603;383000.00;;;383000.00;;;;;
13-45-95-20501-2603B;INT.  00007897 2603;;;;;;;;;
13-45-95-20501-2603C;EXTRA 00007897 2603;;;;;;;;;
13-45-95-20501-2604A;CUOTA 00008057 2604;;383000.00;;383000.00;;;;;
13-45-95-20501-2604B;INT.  00008057 2604;;6281.00;;6281.00;;;;;
13-45-95-20502;LUIS ALFREDO ENRIQUEZ GRANAD;;;;;;;;;
13-45-95-20502-2510A;CUOTA SI 2510;;;;;;;;;
13-45-95-20502-2510C;EXTRA SI 2510;;;;;;;;;
13-45-95-20502-2510D;RETRO SI 2510;;;;;;;;;
13-45-95-20502-2511A;CUOTA 00000058 2511;;;;;;;;;
13-45-95-20502-2511C;EXTRA 00000058 2511;;;;;;;;;
13-45-95-20502-2512A;CUOTA 00007417 2512;;;;;;;;;
13-45-95-20502-2512C;EXTRA 00007417 2512;;;;;;;;;
13-45-95-20502-2601A;CUOTA 00007577 2601;;;;;;;;;
13-45-95-20502-2601C;EXTRA 00007577 2601;;;;;;;;;
13-45-95-20502-2602A;CUOTA 00007738 2602;;;;;;;;;
13-45-95-20502-2602C;EXTRA 00007738 2602;;;;;;;;;
13-45-95-20502-2603A;CUOTA 00007898 2603;;;;;;;;;
13-45-95-20502-2603C;EXTRA 00007898 2603;;;;;;;;;
13-45-95-20502-2604A;CUOTA 00008058 2604;;383000.00;;383000.00;;;;;
13-45-95-20503;LUISA MARIA ALVAREZ VALENCIA;;;;;;;;;
13-45-95-20503-00007;CUENTA00007578 2601;;;;;;;;;
13-45-95-20503-2510A;CUOTA SI 2510;;;;;;;;;
13-45-95-20503-2510B;INT SI ADMON;;;;;;;;;
13-45-95-20503-2510C;EXTRA SI 2510;;;;;;;;;
13-45-95-20503-2510D;RETRO SI 2510;;;;;;;;;
13-45-95-20503-2511A;CUOTA 00000059 2511;;;;;;;;;
13-45-95-20503-2511B;INT.  00000059 2511;;;;;;;;;
13-45-95-20503-2511C;EXTRA 00000059 2511;;;;;;;;;
13-45-95-20503-2512A;CUOTA 00007418 2512;;;;;;;;;
13-45-95-20503-2512B;INT.  00007418 2512;;;;;;;;;
13-45-95-20503-2512C;EXTRA 00007418 2512;;;;;;;;;
13-45-95-20503-2601A;CUOTA 00007578 2601;;;;;;;;;
13-45-95-20503-2601B;INT.  00007578 2601;;;;;;;;;
13-45-95-20503-2601C;EXTRA 00007578 2601;;;;;;;;;
13-45-95-20503-2602A;CUOTA 00007739 2602;;;;;;;;;
13-45-95-20503-2602B;INT.  00007739 2602;;;;;;;;;
13-45-95-20503-2602C;EXTRA 00007739 2602;;;;;;;;;
13-45-95-20503-2603A;CUOTA 00007899 2603;39913.00;;;39913.00;;;;;
13-45-95-20503-2603B;INT.  00007899 2603;;;;;;;;;
13-45-95-20503-2603C;EXTRA 00007899 2603;;;;;;;;;
13-45-95-20503-2604A;CUOTA 00008059 2604;;383000.00;;383000.00;;;;;
13-45-95-20503-2604B;INT.  00008059 2604;;599.00;;599.00;;;;;
13-45-95-20504;MALLEN MAGDA SIERRA URREGO;;;;;;;;;
13-45-95-20504-00007;CUENTA00007579 2601;;;;;;;;;
13-45-95-20504-2510A;CUOTA SI 2510;;;;;;;;;
13-45-95-20504-2510B;INT SI ADMON;;;;;;;;;
13-45-95-20504-2510C;EXTRA SI 2510;;;;;;;;;
13-45-95-20504-2510D;RETRO SI 2510;;;;;;;;;
13-45-95-20504-2510E;MULTA SI 2510;;;;;;;;;
13-45-95-20504-2511A;CUOTA 00000060 2511;;;;;;;;;
13-45-95-20504-2511B;INT.  00000060 2511;;;;;;;;;
13-45-95-20504-2511C;EXTRA 00000060 2511;;;;;;;;;
13-45-95-20504-2512A;CUOTA 00007419 2512;214168.00;;;214168.00;;;;;
13-45-95-20504-2512B;INT.  00007419 2512;;;;;;;;;
13-45-95-20504-2512C;EXTRA 00007419 2512;;;;;;;;;
13-45-95-20504-2601A;CUOTA 00007579 2601;383000.00;;;383000.00;;;;;
13-45-95-20504-2601B;INT.  00007579 2601;9345.00;;;9345.00;;;;;
13-45-95-20504-2601C;EXTRA 00007579 2601;30000.00;;;30000.00;;;;;
13-45-95-20504-2602A;CUOTA 00007740 2602;383000.00;;;383000.00;;;;;
13-45-95-20504-2602B;INT.  00007740 2602;13568.00;;;13568.00;;;;;
13-45-95-20504-2602C;EXTRA 00007740 2602;30000.00;;;30000.00;;;;;
13-45-95-20504-2603A;CUOTA 00007900 2603;383000.00;;;383000.00;;;;;
13-45-95-20504-2603B;INT.  00007900 2603;14703.00;;;14703.00;;;;;
13-45-95-20504-2603C;EXTRA 00007900 2603;30000.00;;;30000.00;;;;;
13-45-95-20504-2604A;CUOTA 00008060 2604;;383000.00;;383000.00;;;;;
13-45-95-20504-2604B;INT.  00008060 2604;;20448.00;;20448.00;;;;;
13-45-95-20601;ANDRES FELIPE SANCHEZ JAMA;;;;;;;;;
13-45-95-20601-2510A;CUOTA SI 2510;;;;;;;;;
13-45-95-20601-2510B;INT SI ADMON;;;;;;;;;
13-45-95-20601-2510C;EXTRA SI 2510;;;;;;;;;
13-45-95-20601-2510D;RETRO SI 2510;;;;;;;;;
13-45-95-20601-2511A;CUOTA 00000061 2511;;;;;;;;;
13-45-95-20601-2511C;EXTRA 00000061 2511;;;;;;;;;
13-45-95-20601-2512A;CUOTA 00007420 2512;;;;;;;;;
13-45-95-20601-2512C;EXTRA 00007420 2512;;;;;;;;;
13-45-95-20601-2601A;CUOTA 00007580 2601;;;;;;;;;
13-45-95-20601-2601C;EXTRA 00007580 2601;;;;;;;;;
13-45-95-20601-2602A;CUOTA 00007741 2602;;;;;;;;;
13-45-95-20601-2602B;INT.  00007741 2602;;;;;;;;;
13-45-95-20601-2602C;EXTRA 00007741 2602;;;;;;;;;
13-45-95-20601-2603A;CUOTA 00007901 2603;158991.00;;;158991.00;;;;;
13-45-95-20601-2603B;INT.  00007901 2603;;;;;;;;;
13-45-95-20601-2603C;EXTRA 00007901 2603;;;;;;;;;
13-45-95-20601-2604A;CUOTA 00008061 2604;;383000.00;;383000.00;;;;;
13-45-95-20601-2604B;INT.  00008061 2604;;2385.00;;2385.00;;;;;
13-45-95-20602;PAOLO RAMIREZ;;;;;;;;;
13-45-95-20602-00007;CUENTA00007581 2601;;;;;;;;;
13-45-95-20602-2510A;CUOTA SI 2510;;;;;;;;;
13-45-95-20602-2510C;EXTRA SI 2510;;;;;;;;;
13-45-95-20602-2510D;RETRO SI 2510;;;;;;;;;
13-45-95-20602-2511A;CUOTA 00000062 2511;;;;;;;;;
13-45-95-20602-2511C;EXTRA 00000062 2511;;;;;;;;;
13-45-95-20602-2512A;CUOTA 00007421 2512;;;;;;;;;
13-45-95-20602-2512B;INT.  00007421 2512;;;;;;;;;
13-45-95-20602-2512C;EXTRA 00007421 2512;;;;;;;;;
13-45-95-20602-2601A;CUOTA 00007581 2601;;;;;;;;;
13-45-95-20602-2601B;INT.  00007581 2601;;;;;;;;;
13-45-95-20602-2601C;EXTRA 00007581 2601;;;;;;;;;
13-45-95-20602-2602A;CUOTA 00007742 2602;;;;;;;;;
13-45-95-20602-2602C;EXTRA 00007742 2602;;;;;;;;;
13-45-95-20602-2603A;CUOTA 00007902 2603;;;;;;;;;
13-45-95-20602-2603C;EXTRA 00007902 2603;;;;;;;;;
13-45-95-20602-2604A;CUOTA 2604A;449500.00-;383000.00;;;66500.00;;;;
13-45-95-20603;EDGAR POLANIA ORTIZ;;;;;;;;;
13-45-95-20603-00007;CUENTA00007582 2601;;;;;;;;;
13-45-95-20603-2510A;CUOTA SI 2510;;;;;;;;;
13-45-95-20603-2510B;INT SI ADMON;;;;;;;;;
13-45-95-20603-2510C;EXTRA SI 2510;;;;;;;;;
13-45-95-20603-2510D;RETRO SI 2510;;;;;;;;;
13-45-95-20603-2511A;CUOTA 00000063 2511;;;;;;;;;
13-45-95-20603-2511B;INT.  00000063 2511;;;;;;;;;
13-45-95-20603-2511C;EXTRA 00000063 2511;;;;;;;;;
13-45-95-20603-2512A;CUOTA 00007422 2512;;;;;;;;;
13-45-95-20603-2512B;INT.  00007422 2512;;;;;;;;;
13-45-95-20603-2512C;EXTRA 00007422 2512;;;;;;;;;
13-45-95-20603-2601A;CUOTA 00007582 2601;;;;;;;;;
13-45-95-20603-2601B;INT.  00007582 2601;;;;;;;;;
13-45-95-20603-2601C;EXTRA 00007582 2601;;;;;;;;;
13-45-95-20603-2602A;CUOTA 00007743 2602;;;;;;;;;
13-45-95-20603-2602B;INT.  00007743 2602;;;;;;;;;
13-45-95-20603-2602C;EXTRA 00007743 2602;;;;;;;;;
13-45-95-20603-2603A;CUOTA 00007903 2603;;;;;;;;;
13-45-95-20603-2603B;INT.  00007903 2603;;;;;;;;;
13-45-95-20603-2603C;EXTRA 00007903 2603;;;;;;;;;
13-45-95-20603-2604A;CUOTA 2604A;168974.00-;383000.00;;214026.00;;;;;
13-45-95-20604;GERMAN SIERRA PADILLA;;;;;;;;;
13-45-95-20604-2510A;CUOTA SI 2510;;;;;;;;;
13-45-95-20604-2510B;INT SI ADMON;;;;;;;;;
13-45-95-20604-2510C;EXTRA SI 2510;;;;;;;;;
13-45-95-20604-2510D;RETRO SI 2510;;;;;;;;;
13-45-95-20604-2511A;CUOTA 00000064 2511;;;;;;;;;
13-45-95-20604-2511C;EXTRA 00000064 2511;;;;;;;;;
13-45-95-20604-2512A;CUOTA 2512;;;;;;;;;
13-45-95-20604-2512C;EXTRA 00007423 2512;;;;;;;;;
13-45-95-20604-2601A;CUOTA 00007583 2601;;;;;;;;;
13-45-95-20604-2601C;EXTRA 00007583 2601;;;;;;;;;
13-45-95-20604-2602A;CUOTA 00007744 2602;;;;;;;;;
13-45-95-20604-2602C;EXTRA 00007744 2602;;;;;;;;;
13-45-95-20604-2603A;CUOTA 00007904 2603;;;;;;;;;
13-45-95-20604-2603C;EXTRA 00007904 2603;;;;;;;;;
13-45-95-20604-2604A;CUOTA 2604A;329483.00-;714483.00;2083.00;382917.00;;;;;
13-45-95-20701;JOSE HARVEY SANCHEZ HURTADO;;;;;;;;;
13-45-95-20701-00007;CUENTA00007584 2601;;;;;;;;;
13-45-95-20701-2510A;CUOTA SI 2510;;;;;;;;;
13-45-95-20701-2510B;INT SI ADMON;;;;;;;;;
13-45-95-20701-2510C;EXTRA SI 2510;;;;;;;;;
13-45-95-20701-2510D;RETRO SI 2510;;;;;;;;;
13-45-95-20701-2511A;CUOTA 00000065 2511;;;;;;;;;
13-45-95-20701-2511B;INT.  00000065 2511;;;;;;;;;
13-45-95-20701-2511C;EXTRA 00000065 2511;;;;;;;;;
13-45-95-20701-2512A;CUOTA 2512;;;;;;;;;
13-45-95-20701-2512C;EXTRA 00007424 2512;;;;;;;;;
13-45-95-20701-2601A;CUOTA 00007584 2601;;;;;;;;;
13-45-95-20701-2601B;INT.  00007584 2601;;;;;;;;;
13-45-95-20701-2601C;EXTRA 00007584 2601;;;;;;;;;
13-45-95-20701-2602A;CUOTA 00007745 2602;;;;;;;;;
13-45-95-20701-2602B;INT.  00007745 2602;;;;;;;;;
13-45-95-20701-2602C;EXTRA 00007745 2602;;;;;;;;;
13-45-95-20701-2603A;CUOTA 00007905 2603;383000.00;;;383000.00;;;;;
13-45-95-20701-2603C;EXTRA 00007905 2603;30000.00;;;30000.00;;;;;
13-45-95-20701-2604A;CUOTA 00008065 2604;;383000.00;;383000.00;;;;;
13-45-95-20701-2604B;INT.  00008065 2604;;5745.00;;5745.00;;;;;
13-45-95-20702;DIANA FERNANDA HINAOUI SALAZ;;;;;;;;;
13-45-95-20702-00007;CUENTA00007585 2601;;;;;;;;;
13-45-95-20702-2510A;CUOTA SI 2510;;;;;;;;;
13-45-95-20702-2510B;INT SI ADMON;;;;;;;;;
13-45-95-20702-2510C;EXTRA SI 2510;;;;;;;;;
13-45-95-20702-2510D;RETRO SI 2510;;;;;;;;;
13-45-95-20702-2511A;CUOTA 00000066 2511;;;;;;;;;
13-45-95-20702-2511B;INT.  00000066 2511;;;;;;;;;
13-45-95-20702-2511C;EXTRA 00000066 2511;;;;;;;;;
13-45-95-20702-2512A;CUOTA 00007425 2512;;;;;;;;;
13-45-95-20702-2512B;INT.  00007425 2512;;;;;;;;;
13-45-95-20702-2512C;EXTRA 00007425 2512;;;;;;;;;
13-45-95-20702-2601A;CUOTA 00007585 2601;144321.00;;;144321.00;;;;;
13-45-95-20702-2601B;INT.  00007585 2601;;;;;;;;;
13-45-95-20702-2601C;EXTRA 00007585 2601;;;;;;;;;
13-45-95-20702-2602A;CUOTA 00007746 2602;383000.00;;;383000.00;;;;;
13-45-95-20702-2602B;INT.  00007746 2602;2165.00;;;2165.00;;;;;
13-45-95-20702-2602C;EXTRA 00007746 2602;30000.00;;;30000.00;;;;;
13-45-95-20702-2603A;CUOTA 00007906 2603;383000.00;;;383000.00;;;;;
13-45-95-20702-2603B;INT.  00007906 2603;7910.00;;;7910.00;;;;;
13-45-95-20702-2603C;EXTRA 00007906 2603;30000.00;;;30000.00;;;;;
13-45-95-20702-2604A;CUOTA 00008066 2604;;383000.00;;383000.00;;;;;
13-45-95-20702-2604B;INT.  00008066 2604;;13655.00;;13655.00;;;;;
13-45-95-20703;MARIA ALEIDA OSORIO VALENCIA;;;;;;;;;
13-45-95-20703-00007;CUENTA00007586 2601;;;;;;;;;
13-45-95-20703-2510A;CUOTA SI 2510;;;;;;;;;
13-45-95-20703-2510B;INT SI ADMON;;;;;;;;;
13-45-95-20703-2510C;EXTRA SI 2510;;;;;;;;;
13-45-95-20703-2510D;RETRO SI 2510;;;;;;;;;
13-45-95-20703-2511A;CUOTA 00000067 2511;;;;;;;;;
13-45-95-20703-2511C;EXTRA 00000067 2511;;;;;;;;;
13-45-95-20703-2512A;CUOTA 00007426 2512;;;;;;;;;
13-45-95-20703-2512C;EXTRA 00007426 2512;;;;;;;;;
13-45-95-20703-2601A;CUOTA 00007586 2601;;;;;;;;;
13-45-95-20703-2601B;INT.  00007586 2601;;;;;;;;;
13-45-95-20703-2601C;EXTRA 00007586 2601;;;;;;;;;
13-45-95-20703-2602A;CUOTA 00007747 2602;41311.00;;;41311.00;;;;;
13-45-95-20703-2602B;INT.  00007747 2602;;;;;;;;;
13-45-95-20703-2602C;EXTRA 00007747 2602;;;;;;;;;
13-45-95-20703-2603A;CUOTA 00007907 2603;383000.00;;;383000.00;;;;;
13-45-95-20703-2603B;INT.  00007907 2603;;;;;;;;;
13-45-95-20703-2603C;EXTRA 00007907 2603;;;;;;;;;
13-45-95-20703-2604A;CUOTA 00008067 2604;;383000.00;;383000.00;;;;;
13-45-95-20703-2604B;INT.  00008067 2604;;6365.00;;6365.00;;;;;
13-45-95-20704;CAROLINA PAEZ CALVO;;;;;;;;;
13-45-95-20704-00007;CUENTA00007587 2601;;;;;;;;;
13-45-95-20704-2510A;CUOTA SI 2510;;;;;;;;;
13-45-95-20704-2510B;INT SI ADMON;88476.00-;;;;88476.00;;;;
13-45-95-20704-2510C;EXTRA SI 2510;;;;;;;;;
13-45-95-20704-2510D;RETRO SI 2510;;;;;;;;;
13-45-95-20704-2510E;MULTA SI 2510;;;;;;;;;
13-45-95-20704-2511A;CUOTA 00000068 2511;311500.00;;;311500.00;;;;;
13-45-95-20704-2511C;EXTRA 00000068 2511;30000.00;;;30000.00;;;;;
13-45-95-20704-2512A;CUOTA 00007427 2512;311500.00;;;311500.00;;;;;
13-45-95-20704-2512B;INT.  00007427 2512;5825.00;;;5825.00;;;;;
13-45-95-20704-2512C;EXTRA 00007427 2512;30000.00;;;30000.00;;;;;
13-45-95-20704-2601A;CUOTA 00007587 2601;383000.00;;;383000.00;;;;;
13-45-95-20704-2601B;INT.  00007587 2601;9345.00;;;9345.00;;;;;
13-45-95-20704-2601C;EXTRA 00007587 2601;30000.00;;;30000.00;;;;;
13-45-95-20704-2602A;CUOTA 00007748 2602;383000.00;;;383000.00;;;;;
13-45-95-20704-2602B;INT.  00007748 2602;15090.00;;;15090.00;;;;;
13-45-95-20704-2602C;EXTRA 00007748 2602;30000.00;;;30000.00;;;;;
13-45-95-20704-2603A;CUOTA 00007908 2603;383000.00;;;383000.00;;;;;
13-45-95-20704-2603B;INT.  00007908 2603;20835.00;;;20835.00;;;;;
13-45-95-20704-2603C;EXTRA 00007908 2603;30000.00;;;30000.00;;;;;
13-45-95-20704-2604A;CUOTA 00008068 2604;;383000.00;;383000.00;;;;;
13-45-95-20704-2604B;INT.  00008068 2604;;26580.00;;26580.00;;;;;
13-45-95-30101;LUIS ALBERTO ORTIZ DORADO;;;;;;;;;
13-45-95-30101-00007;CUENTA00007588 2601;;;;;;;;;
13-45-95-30101-2510A;CUOTA SI 2510;;;;;;;;;
13-45-95-30101-2510B;INT SI ADMON;;;;;;;;;
13-45-95-30101-2510C;EXTRA SI 2510;;;;;;;;;
13-45-95-30101-2510D;RETRO SI 2510;;;;;;;;;
13-45-95-30101-2511A;CUOTA 00000069 2511;2.00-;;;;2.00;;;;
13-45-95-30101-2511B;INT.  00000069 2511;;;;;;;;;
13-45-95-30101-2511C;EXTRA 00000069 2511;;;;;;;;;
13-45-95-30101-2512A;CUOTA 00007428 2512;;;;;;;;;
13-45-95-30101-2512B;INT.  00007428 2512;28580.00;;;28580.00;;;;;
13-45-95-30101-2512C;EXTRA 00007428 2512;;;;;;;;;
13-45-95-30101-2601A;CUOTA 00007588 2601;383000.00;;;383000.00;;;;;
13-45-95-30101-2601B;INT.  00007588 2601;4672.00;;;4672.00;;;;;
13-45-95-30101-2601C;EXTRA 00007588 2601;30000.00;;;30000.00;;;;;
13-45-95-30101-2602A;CUOTA 00007749 2602;383000.00;;;383000.00;;;;;
13-45-95-30101-2602B;INT.  00007749 2602;5745.00;;;5745.00;;;;;
13-45-95-30101-2602C;EXTRA 00007749 2602;30000.00;;;30000.00;;;;;
13-45-95-30101-2603A;CUOTA 00007909 2603;383000.00;;;383000.00;;;;;
13-45-95-30101-2603B;INT.  00007909 2603;11490.00;;;11490.00;;;;;
13-45-95-30101-2603C;EXTRA 00007909 2603;30000.00;;;30000.00;;;;;
13-45-95-30101-2604A;CUOTA 00008069 2604;;383000.00;;383000.00;;;;;
13-45-95-30101-2604B;INT.  00008069 2604;;17235.00;;17235.00;;;;;
13-45-95-30102;RAFAEL ANTONIO BELALCAZAR SA;;;;;;;;;
13-45-95-30102-00007;CUENTA00007589 2601;;;;;;;;;
13-45-95-30102-2510A;CUOTA SI 2510;;;;;;;;;
13-45-95-30102-2510B;INT SI ADMON;;;;;;;;;
13-45-95-30102-2510C;EXTRA SI 2510;;;;;;;;;
13-45-95-30102-2510D;RETRO SI 2510;;;;;;;;;
13-45-95-30102-2510E;MULTA SI 2510;569784.00;;;569784.00;;;;;
13-45-95-30102-2511A;CUOTA 00000070 2511;;;;;;;;;
13-45-95-30102-2511B;INT.  00000070 2511;;;;;;;;;
13-45-95-30102-2511C;EXTRA 00000070 2511;;;;;;;;;
13-45-95-30102-2511F;GASTOS JURIDICOS;;;;;;;;;
13-45-95-30102-2512A;CUOTA 00007429 2512;166497.00;;;166497.00;;;;;
13-45-95-30102-2512B;INT.  00007429 2512;;;;;;;;;
13-45-95-30102-2512C;EXTRA 00007429 2512;;;;;;;;;
13-45-95-30102-2601A;CUOTA 00007589 2601;383000.00;;;383000.00;;;;;
13-45-95-30102-2601B;INT.  00007589 2601;;;;;;;;;
13-45-95-30102-2601C;EXTRA 00007589 2601;;;;;;;;;
13-45-95-30102-2602A;CUOTA 00007750 2602;383000.00;;;383000.00;;;;;
13-45-95-30102-2602B;INT.  00007750 2602;;;;;;;;;
13-45-95-30102-2602C;EXTRA 00007750 2602;;;;;;;;;
13-45-95-30102-2603A;CUOTA 00007910 2603;383000.00;;;383000.00;;;;;
13-45-95-30102-2603B;INT.  00007910 2603;;;;;;;;;
13-45-95-30102-2603C;EXTRA 00007910 2603;;;;;;;;;
13-45-95-30102-2604A;CUOTA 00008070 2604;;383000.00;;383000.00;;;;;
13-45-95-30102-2604B;INT.  00008070 2604;;19732.00;;19732.00;;;;;
13-45-95-30103;JULIETH PALOMINO FRANCO;;;;;;;;;
13-45-95-30103-2510A;CUOTA SI 2510;;;;;;;;;
13-45-95-30103-2510B;INT SI ADMON;;;;;;;;;
13-45-95-30103-2510C;EXTRA SI 2510;;;;;;;;;
13-45-95-30103-2510D;RETRO SI 2510;;;;;;;;;
13-45-95-30103-2511A;CUOTA 00000071 2511;;;;;;;;;
13-45-95-30103-2511B;INT.  00000071 2511;;;;;;;;;
13-45-95-30103-2511C;EXTRA 00000071 2511;;;;;;;;;
13-45-95-30103-2512A;CUOTA 2512;;;;;;;;;
13-45-95-30103-2512C;EXTRA 00007430 2512;;;;;;;;;
13-45-95-30103-2601A;CUOTA 00007590 2601;;;;;;;;;
13-45-95-30103-2601C;EXTRA 00007590 2601;;;;;;;;;
13-45-95-30103-2602A;CUOTA 00007751 2602;;;;;;;;;
13-45-95-30103-2602C;EXTRA 00007751 2602;;;;;;;;;
13-45-95-30103-2603A;CUOTA 00007911 2603;246.00;;;246.00;;;;;
13-45-95-30103-2603B;INT.  00007911 2603;;;;;;;;;
13-45-95-30103-2603C;EXTRA 00007911 2603;;;;;;;;;
13-45-95-30103-2604A;CUOTA 00008071 2604;;383000.00;;383000.00;;;;;
13-45-95-30103-2604B;INT.  00008071 2604;;4.00;;4.00;;;;;
13-45-95-30104;LANDY TORRES MILLER;;;;;;;;;
13-45-95-30104-2510A;CUOTA SI 2510;;;;;;;;;
13-45-95-30104-2510B;INT SI ADMON;;;;;;;;;
13-45-95-30104-2510C;EXTRA SI 2510;;;;;;;;;
13-45-95-30104-2510D;RETRO SI 2510;;;;;;;;;
13-45-95-30104-2511A;CUOTA 00000072 2511;;;;;;;;;
13-45-95-30104-2511C;EXTRA 00000072 2511;;;;;;;;;
13-45-95-30104-2512A;CUOTA 2512;;;;;;;;;
13-45-95-30104-2512C;EXTRA 00007431 2512;;;;;;;;;
13-45-95-30104-2601A;CUOTA 00007591 2601;;;;;;;;;
13-45-95-30104-2601C;EXTRA 00007591 2601;;;;;;;;;
13-45-95-30104-2602A;CUOTA 00007752 2602;;;;;;;;;
13-45-95-30104-2602C;EXTRA 00007752 2602;;;;;;;;;
13-45-95-30104-2603A;CUOTA 00007912 2603;;;;;;;;;
13-45-95-30104-2603C;EXTRA 00007912 2603;;;;;;;;;
13-45-95-30104-2604A;CUOTA 2604A;2000.00-;383000.00;;381000.00;;;;;
13-45-95-30201;MARTHA EMILIA QUIÑONEZ RAMIR;;;;;;;;;
13-45-95-30201-2510A;CUOTA SI 2510;;;;;;;;;
13-45-95-30201-2510C;EXTRA SI 2510;;;;;;;;;
13-45-95-30201-2510D;RETRO SI 2510;;;;;;;;;
13-45-95-30201-2511A;CUOTA 00000073 2511;;;;;;;;;
13-45-95-30201-2511C;EXTRA 00000073 2511;;;;;;;;;
13-45-95-30201-2512A;CUOTA 00007432 2512;;;;;;;;;
13-45-95-30201-2512C;EXTRA 00007432 2512;;;;;;;;;
13-45-95-30201-2601A;CUOTA 00007592 2601;;;;;;;;;
13-45-95-30201-2601C;EXTRA 00007592 2601;;;;;;;;;
13-45-95-30201-2602A;CUOTA 00007753 2602;;;;;;;;;
13-45-95-30201-2602C;EXTRA 00007753 2602;;;;;;;;;
13-45-95-30201-2603A;CUOTA 00007913 2603;;;;;;;;;
13-45-95-30201-2603C;EXTRA 00007913 2603;;;;;;;;;
13-45-95-30201-2604A;CUOTA 00008073 2604;;383000.00;;383000.00;;;;;
13-45-95-30202;KATHERINE FRANCO CEDANO;;;;;;;;;
13-45-95-30202-2510A;CUOTA SI 2510;;;;;;;;;
13-45-95-30202-2510C;EXTRA SI 2510;;;;;;;;;
13-45-95-30202-2510D;RETRO SI 2510;;;;;;;;;
13-45-95-30202-2511A;CUOTA 00000074 2511;;;;;;;;;
13-45-95-30202-2511C;EXTRA 00000074 2511;;;;;;;;;
13-45-95-30202-2512A;CUOTA 00007433 2512;;;;;;;;;
13-45-95-30202-2512C;EXTRA 00007433 2512;;;;;;;;;
13-45-95-30202-2601A;CUOTA 00007593 2601;;;;;;;;;
13-45-95-30202-2601C;EXTRA 00007593 2601;;;;;;;;;
13-45-95-30202-2602A;CUOTA 00007754 2602;;;;;;;;;
13-45-95-30202-2602B;INT.  00007754 2602;;;;;;;;;
13-45-95-30202-2602C;EXTRA 00007754 2602;;;;;;;;;
13-45-95-30202-2603A;CUOTA 00007914 2603;67670.00;;;67670.00;;;;;
13-45-95-30202-2603B;INT.  00007914 2603;;;;;;;;;
13-45-95-30202-2603C;EXTRA 00007914 2603;;;;;;;;;
13-45-95-30202-2604A;CUOTA 00008074 2604;;383000.00;;383000.00;;;;;
13-45-95-30202-2604B;INT.  00008074 2604;;1015.00;;1015.00;;;;;
13-45-95-30203;JHON JAIRO MURCIA CAMPO;;;;;;;;;
13-45-95-30203-2510A;CUOTA SI 2510;;;;;;;;;
13-45-95-30203-2510C;EXTRA SI 2510;;;;;;;;;
13-45-95-30203-2510D;RETRO SI 2510;;;;;;;;;
13-45-95-30203-2511A;CUOTA 00000075 2511;;;;;;;;;
13-45-95-30203-2511C;EXTRA 00000075 2511;;;;;;;;;
13-45-95-30203-2512A;CUOTA 2512;;;;;;;;;
13-45-95-30203-2512C;EXTRA 00007434 2512;;;;;;;;;
13-45-95-30203-2601A;CUOTA 00007594 2601;;;;;;;;;
13-45-95-30203-2601C;EXTRA 00007594 2601;;;;;;;;;
13-45-95-30203-2602A;CUOTA 00007755 2602;;;;;;;;;
13-45-95-30203-2602C;EXTRA 00007755 2602;;;;;;;;;
13-45-95-30203-2603A;CUOTA 00007915 2603;;;;;;;;;
13-45-95-30203-2603C;EXTRA 00007915 2603;;;;;;;;;
13-45-95-30203-2604A;CUOTA 2604A;2324.00-;383000.00;;380676.00;;;;;
13-45-95-30204;MIRIAN FABIOLA MOSQUERA VALO;;;;;;;;;
13-45-95-30204-2510A;CUOTA SI 2510;;;;;;;;;
13-45-95-30204-2510B;INT SI ADMON;;;;;;;;;
13-45-95-30204-2510C;EXTRA SI 2510;;;;;;;;;
13-45-95-30204-2510D;RETRO SI 2510;;;;;;;;;
13-45-95-30204-2511A;CUOTA 00000076 2511;;;;;;;;;
13-45-95-30204-2511C;EXTRA 00000076 2511;;;;;;;;;
13-45-95-30204-2512A;CUOTA 00007435 2512;;;;;;;;;
13-45-95-30204-2512C;EXTRA 00007435 2512;;;;;;;;;
13-45-95-30204-2601A;CUOTA 00007595 2601;;;;;;;;;
13-45-95-30204-2601C;EXTRA 00007595 2601;;;;;;;;;
13-45-95-30204-2602A;CUOTA 00007756 2602;;;;;;;;;
13-45-95-30204-2602C;EXTRA 00007756 2602;;;;;;;;;
13-45-95-30204-2603A;CUOTA 00007916 2603;;;;;;;;;
13-45-95-30204-2603C;EXTRA 00007916 2603;;;;;;;;;
13-45-95-30204-2604A;CUOTA 00008076 2604;;383000.00;;383000.00;;;;;
13-45-95-30301;MAGDALENA PEREZ;;;;;;;;;
13-45-95-30301-00007;CUENTA00007596 2601;;;;;;;;;
13-45-95-30301-2510A;CUOTA SI 2510;;;;;;;;;
13-45-95-30301-2510B;INT SI ADMON;;;;;;;;;
13-45-95-30301-2510C;EXTRA SI 2510;;;;;;;;;
13-45-95-30301-2510D;RETRO SI 2510;;;;;;;;;
13-45-95-30301-2511A;CUOTA 00000077 2511;;;;;;;;;
13-45-95-30301-2511C;EXTRA 00000077 2511;;;;;;;;;
13-45-95-30301-2512A;CUOTA 00007436 2512;;;;;;;;;
13-45-95-30301-2512B;INT.  00007436 2512;;;;;;;;;
13-45-95-30301-2512C;EXTRA 00007436 2512;;;;;;;;;
13-45-95-30301-2601A;CUOTA 00007596 2601;71500.00;;;71500.00;;;;;
13-45-95-30301-2601B;INT.  00007596 2601;;;;;;;;;
13-45-95-30301-2601C;EXTRA 00007596 2601;;;;;;;;;
13-45-95-30301-2602A;CUOTA 00007757 2602;71500.00;;;71500.00;;;;;
13-45-95-30301-2602B;INT.  00007757 2602;;;;;;;;;
13-45-95-30301-2602C;EXTRA 00007757 2602;;;;;;;;;
13-45-95-30301-2603A;CUOTA 00007917 2603;2860.00;;;2860.00;;;;;
13-45-95-30301-2603B;INT.  00007917 2603;;;;;;;;;
13-45-95-30301-2603C;EXTRA 00007917 2603;30000.00;;;30000.00;;;;;
13-45-95-30301-2604A;CUOTA 00008077 2604;;383000.00;;383000.00;;;;;
13-45-95-30301-2604B;INT.  00008077 2604;;2188.00;;2188.00;;;;;
13-45-95-30302;ALBERTO JUNIOR GUAGUA MONTAÑ;;;;;;;;;
13-45-95-30302-2510A;CUOTA SI 2510;;;;;;;;;
13-45-95-30302-2510B;INT SI ADMON;;;;;;;;;
13-45-95-30302-2510C;EXTRA SI 2510;;;;;;;;;
13-45-95-30302-2510D;RETRO SI 2510;;;;;;;;;
13-45-95-30302-2511A;CUOTA 00000078 2511;;;;;;;;;
13-45-95-30302-2511C;EXTRA 00000078 2511;;;;;;;;;
13-45-95-30302-2512A;CUOTA 00007437 2512;;;;;;;;;
13-45-95-30302-2512C;EXTRA 00007437 2512;;;;;;;;;
13-45-95-30302-2601A;CUOTA 00007597 2601;;;;;;;;;
13-45-95-30302-2601C;EXTRA 00007597 2601;;;;;;;;;
13-45-95-30302-2602A;CUOTA 00007758 2602;383000.00-;;;;383000.00;;;;
13-45-95-30302-2602C;EXTRA 00007758 2602;;;;;;;;;
13-45-95-30302-2603A;CUOTA 00007918 2603;383000.00;;;383000.00;;;;;
13-45-95-30302-2603B;INT.  00007918 2603;;;;;;;;;
13-45-95-30302-2603C;EXTRA 00007918 2603;;;;;;;;;
13-45-95-30302-2604A;CUOTA 00008078 2604;;383000.00;;383000.00;;;;;
13-45-95-30303;JOSE ANDRES ESCOBAR SOTO;;;;;;;;;
13-45-95-30303-00007;CUENTA00007598 2601;;;;;;;;;
13-45-95-30303-2510A;CUOTA SI 2510;;;;;;;;;
13-45-95-30303-2510B;INT SI ADMON;;;;;;;;;
13-45-95-30303-2510C;EXTRA SI 2510;;;;;;;;;
13-45-95-30303-2510D;RETRO SI 2510;;;;;;;;;
13-45-95-30303-2511A;CUOTA 00000079 2511;;;;;;;;;
13-45-95-30303-2511B;INT.  00000079 2511;;;;;;;;;
13-45-95-30303-2511C;EXTRA 00000079 2511;;;;;;;;;
13-45-95-30303-2512A;CUOTA 00007438 2512;;;;;;;;;
13-45-95-30303-2512B;INT.  00007438 2512;;;;;;;;;
13-45-95-30303-2512C;EXTRA 00007438 2512;;;;;;;;;
13-45-95-30303-2601A;CUOTA 00007598 2601;127671.00;;;127671.00;;;;;
13-45-95-30303-2601B;INT.  00007598 2601;;;;;;;;;
13-45-95-30303-2601C;EXTRA 00007598 2601;;;;;;;;;
13-45-95-30303-2602A;CUOTA 00007759 2602;383000.00;;;383000.00;;;;;
13-45-95-30303-2602B;INT.  00007759 2602;;;;;;;;;
13-45-95-30303-2602C;EXTRA 00007759 2602;;;;;;;;;
13-45-95-30303-2603A;CUOTA 00007919 2603;383000.00;;;383000.00;;;;;
13-45-95-30303-2603B;INT.  00007919 2603;;;;;;;;;
13-45-95-30303-2603C;EXTRA 00007919 2603;;;;;;;;;
13-45-95-30303-2604A;CUOTA 00008079 2604;;383000.00;;383000.00;;;;;
13-45-95-30303-2604B;INT.  00008079 2604;;13405.00;;13405.00;;;;;
13-45-95-30304;JOHN ARIEL VARELA TRUJILLO;;;;;;;;;
13-45-95-30304-2510A;CUOTA SI 2510;;;;;;;;;
13-45-95-30304-2510C;EXTRA SI 2510;;;;;;;;;
13-45-95-30304-2510D;RETRO SI 2510;;;;;;;;;
13-45-95-30304-2511A;CUOTA 00000080 2511;;;;;;;;;
13-45-95-30304-2511C;EXTRA 00000080 2511;;;;;;;;;
13-45-95-30304-2512A;CUOTA 00007439 2512;;;;;;;;;
13-45-95-30304-2512C;EXTRA 00007439 2512;;;;;;;;;
13-45-95-30304-2601A;CUOTA 00007599 2601;;;;;;;;;
13-45-95-30304-2601C;EXTRA 00007599 2601;;;;;;;;;
13-45-95-30304-2602A;CUOTA 00007760 2602;;;;;;;;;
13-45-95-30304-2602B;INT.  00007760 2602;;;;;;;;;
13-45-95-30304-2602C;EXTRA 00007760 2602;;;;;;;;;
13-45-95-30304-2603A;CUOTA 00007920 2603;217718.00;;;217718.00;;;;;
13-45-95-30304-2603B;INT.  00007920 2603;;;;;;;;;
13-45-95-30304-2603C;EXTRA 00007920 2603;;;;;;;;;
13-45-95-30304-2604A;CUOTA 00008080 2604;;383000.00;;383000.00;;;;;
13-45-95-30304-2604B;INT.  00008080 2604;;3266.00;;3266.00;;;;;
13-45-95-30401;MARTHA LUCIA CORTES BENAVIDE;;;;;;;;;
13-45-95-30401-2510A;CUOTA SI 2510;;;;;;;;;
13-45-95-30401-2510C;EXTRA SI 2510;;;;;;;;;
13-45-95-30401-2510D;RETRO SI 2510;;;;;;;;;
13-45-95-30401-2511A;CUOTA 00000081 2511;;;;;;;;;
13-45-95-30401-2511C;EXTRA 00000081 2511;;;;;;;;;
13-45-95-30401-2512A;CUOTA 00007440 2512;;;;;;;;;
13-45-95-30401-2512C;EXTRA 00007440 2512;;;;;;;;;
13-45-95-30401-2601A;CUOTA 00007600 2601;;;;;;;;;
13-45-95-30401-2601C;EXTRA 00007600 2601;;;;;;;;;
13-45-95-30401-2602A;CUOTA 00007761 2602;;;;;;;;;
13-45-95-30401-2602B;INT.  00007761 2602;;;;;;;;;
13-45-95-30401-2602C;EXTRA 00007761 2602;;;;;;;;;
13-45-95-30401-2603A;CUOTA 00007921 2603;352004.00;;;352004.00;;;;;
13-45-95-30401-2603B;INT.  00007921 2603;;;;;;;;;
13-45-95-30401-2603C;EXTRA 00007921 2603;;;;;;;;;
13-45-95-30401-2604A;CUOTA 00008081 2604;;383000.00;;383000.00;;;;;
13-45-95-30401-2604B;INT.  00008081 2604;;5280.00;;5280.00;;;;;
13-45-95-30402;LEONARDO FABIO MOTOA HENAO;;;;;;;;;
13-45-95-30402-2510A;CUOTA SI 2510;;;;;;;;;
13-45-95-30402-2510B;INT SI ADMON;;;;;;;;;
13-45-95-30402-2510C;EXTRA SI 2510;;;;;;;;;
13-45-95-30402-2510D;RETRO SI 2510;;;;;;;;;
13-45-95-30402-2510E;MULTA SI 2510;;;;;;;;;
13-45-95-30402-2511A;CUOTA 00000082 2511;;;;;;;;;
13-45-95-30402-2511B;INT.  00000082 2511;;;;;;;;;
13-45-95-30402-2511C;EXTRA 00000082 2511;;;;;;;;;
13-45-95-30402-2511F;GASTOS JURIDICOS;;;;;;;;;
13-45-95-30402-2512A;CUOTA 00007441 2512;;;;;;;;;
13-45-95-30402-2512B;INT.  00007441 2512;;;;;;;;;
13-45-95-30402-2512C;EXTRA 00007441 2512;;;;;;;;;
13-45-95-30402-2601A;CUOTA 00007601 2601;;;;;;;;;
13-45-95-30402-2601C;EXTRA 00007601 2601;;;;;;;;;
13-45-95-30402-2602A;CUOTA 00007762 2602;43395.00;;;43395.00;;;;;
13-45-95-30402-2602B;INT.  00007762 2602;;;;;;;;;
13-45-95-30402-2602C;EXTRA 00007762 2602;;;;;;;;;
13-45-95-30402-2603A;CUOTA 00007922 2603;383000.00;;;383000.00;;;;;
13-45-95-30402-2603B;INT.  00007922 2603;;;;;;;;;
13-45-95-30402-2603C;EXTRA 00007922 2603;;;;;;;;;
13-45-95-30402-2604A;CUOTA 00008082 2604;;383000.00;;383000.00;;;;;
13-45-95-30402-2604B;INT.  00008082 2604;;6396.00;;6396.00;;;;;
13-45-95-30403;MAYLEN FARIDE CALDERON ARCHI;;;;;;;;;
13-45-95-30403-2510A;CUOTA SI 2510;;;;;;;;;
13-45-95-30403-2510C;EXTRA SI 2510;;;;;;;;;
13-45-95-30403-2510D;RETRO SI 2510;;;;;;;;;
13-45-95-30403-2510E;MULTA SI 2510;;;;;;;;;
13-45-95-30403-2511A;CUOTA 00000083 2511;;;;;;;;;
13-45-95-30403-2511C;EXTRA 00000083 2511;;;;;;;;;
13-45-95-30403-2512A;CUOTA 2512;;;;;;;;;
13-45-95-30403-2512C;EXTRA 00007442 2512;;;;;;;;;
13-45-95-30403-2601A;CUOTA 00007602 2601;;;;;;;;;
13-45-95-30403-2601C;EXTRA 00007602 2601;;;;;;;;;
13-45-95-30403-2602A;CUOTA 00007763 2602;;;;;;;;;
13-45-95-30403-2602C;EXTRA 00007763 2602;;;;;;;;;
13-45-95-30403-2603A;CUOTA 00007923 2603;;;;;;;;;
13-45-95-30403-2603C;EXTRA 00007923 2603;;;;;;;;;
13-45-95-30403-2604A;CUOTA 2604A;271777.00-;383000.00;;111223.00;;;;;
13-45-95-30404;ALEXANDER RODRIGUEZ GOMEZ;;;;;;;;;
13-45-95-30404-2510A;CUOTA SI 2510;;;;;;;;;
13-45-95-30404-2510B;INT SI ADMON;;;;;;;;;
13-45-95-30404-2510C;EXTRA SI 2510;;;;;;;;;
13-45-95-30404-2510D;RETRO SI 2510;;;;;;;;;
13-45-95-30404-2510E;MULTA SI 2510;;;;;;;;;
13-45-95-30404-2511A;CUOTA 00000084 2511;;;;;;;;;
13-45-95-30404-2511B;INT.  00000084 2511;;;;;;;;;
13-45-95-30404-2511C;EXTRA 00000084 2511;;;;;;;;;
13-45-95-30404-2512A;CUOTA 2512;;;;;;;;;
13-45-95-30404-2512C;EXTRA 00007443 2512;;;;;;;;;
13-45-95-30404-2601A;CUOTA 00007603 2601;;;;;;;;;
13-45-95-30404-2601C;EXTRA 00007603 2601;;;;;;;;;
13-45-95-30404-2602A;CUOTA 00007764 2602;;;;;;;;;
13-45-95-30404-2602C;EXTRA 00007764 2602;;;;;;;;;
13-45-95-30404-2603A;CUOTA 00007924 2603;;;;;;;;;
13-45-95-30404-2603C;EXTRA 00007924 2603;;;;;;;;;
13-45-95-30404-2604A;CUOTA 2604A;178111.00-;383000.00;;204889.00;;;;;
13-45-95-30501;JUAN FERNANDO ARANGO PRADO;;;;;;;;;
13-45-95-30501-00007;CUENTA00007604 2601;;;;;;;;;
13-45-95-30501-2510A;CUOTA SI 2510;;;;;;;;;
13-45-95-30501-2510B;INT SI ADMON;32425.00-;;;;32425.00;;;;
13-45-95-30501-2510C;EXTRA SI 2510;;;;;;;;;
13-45-95-30501-2510D;RETRO SI 2510;;;;;;;;;
13-45-95-30501-2511A;CUOTA 00000085 2511;;;;;;;;;
13-45-95-30501-2511B;INT.  00000085 2511;2302.00;;;2302.00;;;;;
13-45-95-30501-2511C;EXTRA 00000085 2511;;;;;;;;;
13-45-95-30501-2512A;CUOTA 00007444 2512;;;;;;;;;
13-45-95-30501-2512C;EXTRA 00007444 2512;;;;;;;;;
13-45-95-30501-2601A;CUOTA 00007604 2601;;;;;;;;;
13-45-95-30501-2601B;INT.  00007604 2601;;;;;;;;;
13-45-95-30501-2601C;EXTRA 00007604 2601;;;;;;;;;
13-45-95-30501-2602A;CUOTA 00007765 2602;383000.00;;;383000.00;;;;;
13-45-95-30501-2602B;INT.  00007765 2602;10418.00;;;10418.00;;;;;
13-45-95-30501-2602C;EXTRA 00007765 2602;30000.00;;;30000.00;;;;;
13-45-95-30501-2603A;CUOTA 00007925 2603;383000.00;;;383000.00;;;;;
13-45-95-30501-2603B;INT.  00007925 2603;5745.00;;;5745.00;;;;;
13-45-95-30501-2603C;EXTRA 00007925 2603;30000.00;;;30000.00;;;;;
13-45-95-30501-2604A;CUOTA 00008085 2604;;383000.00;;383000.00;;;;;
13-45-95-30501-2604B;INT.  00008085 2604;;11490.00;;11490.00;;;;;
13-45-95-30502;LADY JHOANA LASSO PEÑAFIEL;;;;;;;;;
13-45-95-30502-2510A;CUOTA SI 2510;;;;;;;;;
13-45-95-30502-2510C;EXTRA SI 2510;;;;;;;;;
13-45-95-30502-2510D;RETRO SI 2510;;;;;;;;;
13-45-95-30502-2511A;CUOTA 00000086 2511;;;;;;;;;
13-45-95-30502-2511C;EXTRA 00000086 2511;;;;;;;;;
13-45-95-30502-2512A;CUOTA 00007445 2512;;;;;;;;;
13-45-95-30502-2512C;EXTRA 00007445 2512;;;;;;;;;
13-45-95-30502-2601A;CUOTA 00007605 2601;71500.00;;;71500.00;;;;;
13-45-95-30502-2601C;EXTRA 00007605 2601;;;;;;;;;
13-45-95-30502-2602A;CUOTA 00007766 2602;;;;;;;;;
13-45-95-30502-2602B;INT.  00007766 2602;1073.00;;;1073.00;;;;;
13-45-95-30502-2602C;EXTRA 00007766 2602;;;;;;;;;
13-45-95-30502-2603A;CUOTA 00007926 2603;383000.00;;;383000.00;;;;;
13-45-95-30502-2603B;INT.  00007926 2603;1073.00;;;1073.00;;;;;
13-45-95-30502-2603C;EXTRA 00007926 2603;30000.00;;;30000.00;;;;;
13-45-95-30502-2604A;CUOTA 00008086 2604;;383000.00;;383000.00;;;;;
13-45-95-30502-2604B;INT.  00008086 2604;;6818.00;;6818.00;;;;;
13-45-95-30503;ROBERTO MONTOYA LONGA;;;;;;;;;
13-45-95-30503-00007;CUENTA00007606 2601;;;;;;;;;
13-45-95-30503-2510A;CUOTA SI 2510;;;;;;;;;
13-45-95-30503-2510B;INT SI ADMON;;;;;;;;;
13-45-95-30503-2510C;EXTRA SI 2510;;;;;;;;;
13-45-95-30503-2510D;RETRO SI 2510;;;;;;;;;
13-45-95-30503-2511A;CUOTA 00000087 2511;;;;;;;;;
13-45-95-30503-2511C;EXTRA 00000087 2511;;;;;;;;;
13-45-95-30503-2512A;CUOTA 00007446 2512;;;;;;;;;
13-45-95-30503-2512B;INT.  00007446 2512;;;;;;;;;
13-45-95-30503-2512C;EXTRA 00007446 2512;;;;;;;;;
13-45-95-30503-2601A;CUOTA 00007606 2601;;;;;;;;;
13-45-95-30503-2601B;INT.  00007606 2601;;;;;;;;;
13-45-95-30503-2601C;EXTRA 00007606 2601;;;;;;;;;
13-45-95-30503-2602A;CUOTA 00007767 2602;;;;;;;;;
13-45-95-30503-2602B;INT.  00007767 2602;;;;;;;;;
13-45-95-30503-2602C;EXTRA 00007767 2602;;;;;;;;;
13-45-95-30503-2603A;CUOTA 00007927 2603;337742.00;;;337742.00;;;;;
13-45-95-30503-2603B;INT.  00007927 2603;;;;;;;;;
13-45-95-30503-2603C;EXTRA 00007927 2603;;;;;;;;;
13-45-95-30503-2604A;CUOTA 00008087 2604;;383000.00;;383000.00;;;;;
13-45-95-30503-2604B;INT.  00008087 2604;;5066.00;;5066.00;;;;;
13-45-95-30504;WILLIAM GALLEGO MADRIÑAN CC1;;;;;;;;;
13-45-95-30504-2510A;CUOTA SI 2510;;;;;;;;;
13-45-95-30504-2510C;EXTRA SI 2510;;;;;;;;;
13-45-95-30504-2510D;RETRO SI 2510;;;;;;;;;
13-45-95-30504-2511A;CUOTA 00000088 2511;;;;;;;;;
13-45-95-30504-2511C;EXTRA 00000088 2511;;;;;;;;;
13-45-95-30504-2512A;CUOTA 00007447 2512;;;;;;;;;
13-45-95-30504-2512C;EXTRA 00007447 2512;;;;;;;;;
13-45-95-30504-2601A;CUOTA 00007607 2601;;;;;;;;;
13-45-95-30504-2601C;EXTRA 00007607 2601;;;;;;;;;
13-45-95-30504-2602A;CUOTA 00007768 2602;;;;;;;;;
13-45-95-30504-2602B;INT.  00007768 2602;;;;;;;;;
13-45-95-30504-2602C;EXTRA 00007768 2602;;;;;;;;;
13-45-95-30504-2603A;CUOTA 00007928 2603;;;;;;;;;
13-45-95-30504-2603C;EXTRA 00007928 2603;;;;;;;;;
13-45-95-30504-2604A;CUOTA 00008088 2604;;383000.00;;383000.00;;;;;
13-45-95-30601;STEFHANIA GALINDO CORAL;;;;;;;;;
13-45-95-30601-00007;CUENTA00007608 2601;;;;;;;;;
13-45-95-30601-2510A;CUOTA SI 2510;;;;;;;;;
13-45-95-30601-2510C;EXTRA SI 2510;;;;;;;;;
13-45-95-30601-2510D;RETRO SI 2510;;;;;;;;;
13-45-95-30601-2511A;CUOTA 00000089 2511;;;;;;;;;
13-45-95-30601-2511C;EXTRA 00000089 2511;;;;;;;;;
13-45-95-30601-2512A;CUOTA 00007448 2512;;;;;;;;;
13-45-95-30601-2512B;INT.  00007448 2512;;;;;;;;;
13-45-95-30601-2512C;EXTRA 00007448 2512;;;;;;;;;
13-45-95-30601-2601A;CUOTA 00007608 2601;;;;;;;;;
13-45-95-30601-2601B;INT.  00007608 2601;;;;;;;;;
13-45-95-30601-2601C;EXTRA 00007608 2601;;;;;;;;;
13-45-95-30601-2602A;CUOTA 00007769 2602;;;;;;;;;
13-45-95-30601-2602B;INT.  00007769 2602;;;;;;;;;
13-45-95-30601-2602C;EXTRA 00007769 2602;;;;;;;;;
13-45-95-30601-2603A;CUOTA 00007929 2603;33177.00;;;33177.00;;;;;
13-45-95-30601-2603B;INT.  00007929 2603;;;;;;;;;
13-45-95-30601-2603C;EXTRA 00007929 2603;;;;;;;;;
13-45-95-30601-2604A;CUOTA 00008089 2604;;383000.00;;383000.00;;;;;
13-45-95-30601-2604B;INT.  00008089 2604;;498.00;;498.00;;;;;
13-45-95-30602;CHRISTIAN DAVID CORREA MAZUE;;;;;;;;;
13-45-95-30602-2510A;CUOTA SI 2510;;;;;;;;;
13-45-95-30602-2510B;INT SI ADMON;;;;;;;;;
13-45-95-30602-2510C;EXTRA SI 2510;;;;;;;;;
13-45-95-30602-2510D;RETRO SI 2510;;;;;;;;;
13-45-95-30602-2511A;CUOTA 00000090 2511;;;;;;;;;
13-45-95-30602-2511C;EXTRA 00000090 2511;;;;;;;;;
13-45-95-30602-2512A;CUOTA 00007449 2512;;;;;;;;;
13-45-95-30602-2512C;EXTRA 00007449 2512;;;;;;;;;
13-45-95-30602-2601A;CUOTA 00007609 2601;;;;;;;;;
13-45-95-30602-2601C;EXTRA 00007609 2601;;;;;;;;;
13-45-95-30602-2602A;CUOTA 00007770 2602;;;;;;;;;
13-45-95-30602-2602B;INT.  00007770 2602;;;;;;;;;
13-45-95-30602-2602C;EXTRA 00007770 2602;;;;;;;;;
13-45-95-30602-2603A;CUOTA 00007930 2603;73646.00;;;73646.00;;;;;
13-45-95-30602-2603B;INT.  00007930 2603;;;;;;;;;
13-45-95-30602-2603C;EXTRA 00007930 2603;;;;;;;;;
13-45-95-30602-2604A;CUOTA 00008090 2604;;383000.00;;383000.00;;;;;
13-45-95-30602-2604B;INT.  00008090 2604;;1105.00;;1105.00;;;;;
13-45-95-30603;ANGIE ANDREA SALAZAR CC31658;;;;;;;;;
13-45-95-30603-00007;CUENTA00007610 2601;;;;;;;;;
13-45-95-30603-2510A;CUOTA SI 2510;;;;;;;;;
13-45-95-30603-2510B;INT SI ADMON;32233.00-;;;;32233.00;;;;
13-45-95-30603-2510C;EXTRA SI 2510;;;;;;;;;
13-45-95-30603-2510D;RETRO SI 2510;;;;;;;;;
13-45-95-30603-2511A;CUOTA 00000091 2511;;;;;;;;;
13-45-95-30603-2511B;INT.  00000091 2511;1152.00;;;1152.00;;;;;
13-45-95-30603-2511C;EXTRA 00000091 2511;;;;;;;;;
13-45-95-30603-2512A;CUOTA 00007450 2512;;;;;;;;;
13-45-95-30603-2512C;EXTRA 00007450 2512;;;;;;;;;
13-45-95-30603-2601A;CUOTA 00007610 2601;;;;;;;;;
13-45-95-30603-2601B;INT.  00007610 2601;;;;;;;;;
13-45-95-30603-2601C;EXTRA 00007610 2601;;;;;;;;;
13-45-95-30603-2602A;CUOTA 00007771 2602;383000.00;;;383000.00;;;;;
13-45-95-30603-2602C;EXTRA 00007771 2602;30000.00;;;30000.00;;;;;
13-45-95-30603-2603A;CUOTA 00007931 2603;383000.00;;;383000.00;;;;;
13-45-95-30603-2603B;INT.  00007931 2603;5745.00;;;5745.00;;;;;
13-45-95-30603-2603C;EXTRA 00007931 2603;30000.00;;;30000.00;;;;;
13-45-95-30603-2604A;CUOTA 00008091 2604;;383000.00;;383000.00;;;;;
13-45-95-30603-2604B;INT.  00008091 2604;;11490.00;;11490.00;;;;;
13-45-95-30604;GERMAN ERNESTO QUINTERO BELT;;;;;;;;;
13-45-95-30604-00007;CUENTA00007611 2601;;;;;;;;;
13-45-95-30604-2510A;CUOTA SI 2510;;;;;;;;;
13-45-95-30604-2510B;INT SI ADMON;;;;;;;;;
13-45-95-30604-2510C;EXTRA SI 2510;;;;;;;;;
13-45-95-30604-2510D;RETRO SI 2510;;;;;;;;;
13-45-95-30604-2511A;CUOTA 00000092 2511;;;;;;;;;
13-45-95-30604-2511B;INT.  00000092 2511;;;;;;;;;
13-45-95-30604-2511C;EXTRA 00000092 2511;;;;;;;;;
13-45-95-30604-2512A;CUOTA 00007451 2512;;;;;;;;;
13-45-95-30604-2512B;INT.  00007451 2512;;;;;;;;;
13-45-95-30604-2512C;EXTRA 00007451 2512;;;;;;;;;
13-45-95-30604-2601A;CUOTA 00007611 2601;70098.00;;;70098.00;;;;;
13-45-95-30604-2601B;INT.  00007611 2601;;;;;;;;;
13-45-95-30604-2601C;EXTRA 00007611 2601;;;;;;;;;
13-45-95-30604-2602A;CUOTA 00007772 2602;383000.00;;;383000.00;;;;;
13-45-95-30604-2602B;INT.  00007772 2602;;;;;;;;;
13-45-95-30604-2602C;EXTRA 00007772 2602;;;;;;;;;
13-45-95-30604-2603A;CUOTA 00007932 2603;383000.00;;;383000.00;;;;;
13-45-95-30604-2603B;INT.  00007932 2603;;;;;;;;;
13-45-95-30604-2603C;EXTRA 00007932 2603;;;;;;;;;
13-45-95-30604-2604A;CUOTA 00008092 2604;;383000.00;;383000.00;;;;;
13-45-95-30604-2604B;INT.  00008092 2604;;12541.00;;12541.00;;;;;
13-45-95-30701;LUISA FERNANDA ESCAMILLA SAN;;;;;;;;;
13-45-95-30701-2510A;CUOTA SI 2510;;;;;;;;;
13-45-95-30701-2510B;INT SI ADMON;;;;;;;;;
13-45-95-30701-2510C;EXTRA SI 2510;;;;;;;;;
13-45-95-30701-2510D;RETRO SI 2510;;;;;;;;;
13-45-95-30701-2511A;CUOTA 00000093 2511;;;;;;;;;
13-45-95-30701-2511C;EXTRA 00000093 2511;;;;;;;;;
13-45-95-30701-2512A;CUOTA 00007452 2512;;;;;;;;;
13-45-95-30701-2512C;EXTRA 00007452 2512;;;;;;;;;
13-45-95-30701-2601A;CUOTA 00007612 2601;;;;;;;;;
13-45-95-30701-2601C;EXTRA 00007612 2601;;;;;;;;;
13-45-95-30701-2602A;CUOTA 00007773 2602;;;;;;;;;
13-45-95-30701-2602C;EXTRA 00007773 2602;;;;;;;;;
13-45-95-30701-2603A;CUOTA 00007933 2603;;;;;;;;;
13-45-95-30701-2603C;EXTRA 00007933 2603;;;;;;;;;
13-45-95-30701-2604A;CUOTA 2604A;112.00-;383000.00;;382888.00;;;;;
13-45-95-30702;TATIANA CAICEDO CASTAÑO;;;;;;;;;
13-45-95-30702-00007;CUENTA00007613 2601;;;;;;;;;
13-45-95-30702-2510A;CUOTA SI 2510;;;;;;;;;
13-45-95-30702-2510B;INT SI ADMON;;;;;;;;;
13-45-95-30702-2510C;EXTRA SI 2510;;;;;;;;;
13-45-95-30702-2510D;RETRO SI 2510;;;;;;;;;
13-45-95-30702-2511A;CUOTA 00000094 2511;;;;;;;;;
13-45-95-30702-2511B;INT.  00000094 2511;;;;;;;;;
13-45-95-30702-2511C;EXTRA 00000094 2511;;;;;;;;;
13-45-95-30702-2512A;CUOTA 00007453 2512;;;;;;;;;
13-45-95-30702-2512B;INT.  00007453 2512;;;;;;;;;
13-45-95-30702-2512C;EXTRA 00007453 2512;;;;;;;;;
13-45-95-30702-2601A;CUOTA 00007613 2601;;;;;;;;;
13-45-95-30702-2601B;INT.  00007613 2601;;;;;;;;;
13-45-95-30702-2601C;EXTRA 00007613 2601;;;;;;;;;
13-45-95-30702-2602A;CUOTA 00007774 2602;207100.00;;;207100.00;;;;;
13-45-95-30702-2602B;INT.  00007774 2602;;;;;;;;;
13-45-95-30702-2602C;EXTRA 00007774 2602;;;;;;;;;
13-45-95-30702-2603A;CUOTA 00007934 2603;383000.00;;;383000.00;;;;;
13-45-95-30702-2603B;INT.  00007934 2603;;;;;;;;;
13-45-95-30702-2603C;EXTRA 00007934 2603;;;;;;;;;
13-45-95-30702-2604A;CUOTA 00008094 2604;;383000.00;;383000.00;;;;;
13-45-95-30702-2604B;INT.  00008094 2604;;8852.00;;8852.00;;;;;
13-45-95-30703;HERNAN ACEVEDO ALVAREZ;;;;;;;;;
13-45-95-30703-00007;CUENTA00007614 2601;;;;;;;;;
13-45-95-30703-2510A;CUOTA SI 2510;6681339.00;;;6681339.00;;;;;
13-45-95-30703-2510B;INT SI ADMON;499937.00;;;499937.00;;;;;
13-45-95-30703-2510C;EXTRA SI 2510;210000.00;;;210000.00;;;;;
13-45-95-30703-2510D;RETRO SI 2510;100500.00;;;100500.00;;;;;
13-45-95-30703-2511A;CUOTA 00000095 2511;311500.00;;;311500.00;;;;;
13-45-95-30703-2511B;INT.  00000095 2511;100220.00;;;100220.00;;;;;
13-45-95-30703-2511C;EXTRA 00000095 2511;30000.00;;;30000.00;;;;;
13-45-95-30703-2511F;GASTOS JURIDICOS;35000.00;;;35000.00;;;;;
13-45-95-30703-2512A;CUOTA 00007454 2512;311500.00;;;311500.00;;;;;
13-45-95-30703-2512B;INT.  00007454 2512;130766.00;;;130766.00;;;;;
13-45-95-30703-2512C;EXTRA 00007454 2512;30000.00;;;30000.00;;;;;
13-45-95-30703-2512F;GASTO JURIDICOS;420000.00;;;420000.00;;;;;
13-45-95-30703-2601A;CUOTA 00007614 2601;383000.00;;;383000.00;;;;;
13-45-95-30703-2601B;INT.  00007614 2601;109565.00;;;109565.00;;;;;
13-45-95-30703-2601C;EXTRA 00007614 2601;30000.00;;;30000.00;;;;;
13-45-95-30703-2602A;CUOTA 00007775 2602;383000.00;;;383000.00;;;;;
13-45-95-30703-2602B;INT.  00007775 2602;115310.00;;;115310.00;;;;;
13-45-95-30703-2602C;EXTRA 00007775 2602;30000.00;;;30000.00;;;;;
13-45-95-30703-2603A;CUOTA 00007935 2603;383000.00;;;383000.00;;;;;
13-45-95-30703-2603B;INT.  00007935 2603;121055.00;;;121055.00;;;;;
13-45-95-30703-2603C;EXTRA 00007935 2603;30000.00;;;30000.00;;;;;
13-45-95-30703-2604A;CUOTA 00008095 2604;;383000.00;;383000.00;;;;;
13-45-95-30703-2604B;INT.  00008095 2604;;126800.00;;126800.00;;;;;
13-45-95-30704;VICTOR ALFONSO BURGOS MUÑOZ;;;;;;;;;
13-45-95-30704-00007;CUENTA00007615 2601;;;;;;;;;
13-45-95-30704-2510A;CUOTA SI 2510;;;;;;;;;
13-45-95-30704-2510B;INT SI ADMON;;;;;;;;;
13-45-95-30704-2510C;EXTRA SI 2510;;;;;;;;;
13-45-95-30704-2510D;RETRO SI 2510;;;;;;;;;
13-45-95-30704-2511A;CUOTA 00000096 2511;;;;;;;;;
13-45-95-30704-2511C;EXTRA 00000096 2511;;;;;;;;;
13-45-95-30704-2512A;CUOTA 00007455 2512;;;;;;;;;
13-45-95-30704-2512B;INT.  00007455 2512;;;;;;;;;
13-45-95-30704-2512C;EXTRA 00007455 2512;;;;;;;;;
13-45-95-30704-2601A;CUOTA 00007615 2601;45799.00;;;45799.00;;;;;
13-45-95-30704-2601B;INT.  00007615 2601;;;;;;;;;
13-45-95-30704-2601C;EXTRA 00007615 2601;;;;;;;;;
13-45-95-30704-2602A;CUOTA 00007776 2602;383000.00;;;383000.00;;;;;
13-45-95-30704-2602B;INT.  00007776 2602;;;;;;;;;
13-45-95-30704-2602C;EXTRA 00007776 2602;;;;;;;;;
13-45-95-30704-2603A;CUOTA 00007936 2603;383000.00;;;383000.00;;;;;
13-45-95-30704-2603B;INT.  00007936 2603;;;;;;;;;
13-45-95-30704-2603C;EXTRA 00007936 2603;;;;;;;;;
13-45-95-30704-2604A;CUOTA 00008096 2604;;383000.00;;383000.00;;;;;
13-45-95-30704-2604B;INT.  00008096 2604;;12177.00;;12177.00;;;;;
13-45-95-30801;DEBBIE MARGELLY GARCIA ARBOL;;;;;;;;;
13-45-95-30801-2510A;CUOTA SI 2510;;;;;;;;;
13-45-95-30801-2510B;INT SI ADMON;;;;;;;;;
13-45-95-30801-2510C;EXTRA SI 2510;;;;;;;;;
13-45-95-30801-2510D;RETRO SI 2510;;;;;;;;;
13-45-95-30801-2511A;CUOTA 00000097 2511;;;;;;;;;
13-45-95-30801-2511C;EXTRA 00000097 2511;;;;;;;;;
13-45-95-30801-2512A;CUOTA 00007456 2512;;;;;;;;;
13-45-95-30801-2512C;EXTRA 00007456 2512;;;;;;;;;
13-45-95-30801-2601A;CUOTA 00007616 2601;;;;;;;;;
13-45-95-30801-2601C;EXTRA 00007616 2601;;;;;;;;;
13-45-95-30801-2602A;CUOTA 00007777 2602;;;;;;;;;
13-45-95-30801-2602B;INT.  00007777 2602;;;;;;;;;
13-45-95-30801-2602C;EXTRA 00007777 2602;;;;;;;;;
13-45-95-30801-2603A;CUOTA 00007937 2603;;;;;;;;;
13-45-95-30801-2603C;EXTRA 00007937 2603;;;;;;;;;
13-45-95-30801-2604A;CUOTA 00008097 2604;;383000.00;;383000.00;;;;;
13-45-95-30802;ANGIE VILLAMARIN LIZARAZO/ED;;;;;;;;;
13-45-95-30802-2510A;CUOTA SI 2510;;;;;;;;;
13-45-95-30802-2510C;EXTRA SI 2510;;;;;;;;;
13-45-95-30802-2510D;RETRO SI 2510;;;;;;;;;
13-45-95-30802-2511A;CUOTA 00000098 2511;;;;;;;;;
13-45-95-30802-2511C;EXTRA 00000098 2511;;;;;;;;;
13-45-95-30802-2512A;CUOTA 00007457 2512;;;;;;;;;
13-45-95-30802-2512C;EXTRA 00007457 2512;;;;;;;;;
13-45-95-30802-2601A;CUOTA 00007617 2601;;;;;;;;;
13-45-95-30802-2601C;EXTRA 00007617 2601;;;;;;;;;
13-45-95-30802-2602A;CUOTA 00007778 2602;;;;;;;;;
13-45-95-30802-2602C;EXTRA 00007778 2602;;;;;;;;;
13-45-95-30802-2603A;CUOTA 00007938 2603;;;;;;;;;
13-45-95-30802-2603C;EXTRA 00007938 2603;;;;;;;;;
13-45-95-30802-2604A;CUOTA 00008098 2604;;383000.00;;383000.00;;;;;
13-45-95-30803;DORA INES CORREA GALLEGO;;;;;;;;;
13-45-95-30803-00007;CUENTA00007618 2601;;;;;;;;;
13-45-95-30803-2510A;CUOTA SI 2510;;;;;;;;;
13-45-95-30803-2510B;INT SI ADMON;;;;;;;;;
13-45-95-30803-2510C;EXTRA SI 2510;;;;;;;;;
13-45-95-30803-2510D;RETRO SI 2510;;;;;;;;;
13-45-95-30803-2511A;CUOTA 00000099 2511;;;;;;;;;
13-45-95-30803-2511C;EXTRA 00000099 2511;;;;;;;;;
13-45-95-30803-2512A;CUOTA 00007458 2512;;;;;;;;;
13-45-95-30803-2512C;EXTRA 00007458 2512;;;;;;;;;
13-45-95-30803-2601A;CUOTA 00007618 2601;;;;;;;;;
13-45-95-30803-2601B;INT.  00007618 2601;;;;;;;;;
13-45-95-30803-2601C;EXTRA 00007618 2601;;;;;;;;;
13-45-95-30803-2602A;CUOTA 00007779 2602;;;;;;;;;
13-45-95-30803-2602B;INT.  00007779 2602;;;;;;;;;
13-45-95-30803-2602C;EXTRA 00007779 2602;;;;;;;;;
13-45-95-30803-2603A;CUOTA 00007939 2603;;;;;;;;;
13-45-95-30803-2603B;INT.  00007939 2603;;;;;;;;;
13-45-95-30803-2603C;EXTRA 00007939 2603;;;;;;;;;
13-45-95-30803-2604A;CUOTA 2604A;301453.00-;383000.00;;81547.00;;;;;
13-45-95-30804;GABRIELA FORERO DUARTE;;;;;;;;;
13-45-95-30804-00007;CUENTA00007619 2601;;;;;;;;;
13-45-95-30804-2510A;CUOTA SI 2510;;;;;;;;;
13-45-95-30804-2510B;INT SI ADMON;;;;;;;;;
13-45-95-30804-2510C;EXTRA SI 2510;;;;;;;;;
13-45-95-30804-2510D;RETRO SI 2510;;;;;;;;;
13-45-95-30804-2511A;CUOTA 00000100 2511;;;;;;;;;
13-45-95-30804-2511B;INT.  00000100 2511;;;;;;;;;
13-45-95-30804-2511C;EXTRA 00000100 2511;;;;;;;;;
13-45-95-30804-2512A;CUOTA 00007459 2512;;;;;;;;;
13-45-95-30804-2512B;INT.  00007459 2512;;;;;;;;;
13-45-95-30804-2512C;EXTRA 00007459 2512;;;;;;;;;
13-45-95-30804-2601A;CUOTA 00007619 2601;;;;;;;;;
13-45-95-30804-2601B;INT.  00007619 2601;;;;;;;;;
13-45-95-30804-2601C;EXTRA 00007619 2601;;;;;;;;;
13-45-95-30804-2602A;CUOTA 00007780 2602;;;;;;;;;
13-45-95-30804-2602B;INT.  00007780 2602;;;;;;;;;
13-45-95-30804-2602C;EXTRA 00007780 2602;;;;;;;;;
13-45-95-30804-2603A;CUOTA 00007940 2603;;;;;;;;;
13-45-95-30804-2603C;EXTRA 00007940 2603;;;;;;;;;
13-45-95-30804-2604A;CUOTA 2604A;254.00-;383000.00;;382746.00;;;;;
13-45-95-30901;JUAN DAVID LOZANO SANCHEZ;;;;;;;;;
13-45-95-30901-00007;CUENTA00007620 2601;;;;;;;;;
13-45-95-30901-2510A;CUOTA SI 2510;733419.00;;733419.00;;;;;;
13-45-95-30901-2510B;INT SI ADMON;;;;;;;;;
13-45-95-30901-2510C;EXTRA SI 2510;;;;;;;;;
13-45-95-30901-2510D;RETRO SI 2510;;;;;;;;;
13-45-95-30901-2511A;CUOTA 00000101 2511;311500.00;;120354.00;191146.00;;;;;
13-45-95-30901-2511B;INT.  00000101 2511;;;;;;;;;
13-45-95-30901-2511C;EXTRA 00000101 2511;;;;;;;;;
13-45-95-30901-2512A;CUOTA 00007460 2512;311500.00;;;311500.00;;;;;
13-45-95-30901-2512B;INT.  00007460 2512;;;;;;;;;
13-45-95-30901-2512C;EXTRA 00007460 2512;;;;;;;;;
13-45-95-30901-2601A;CUOTA 00007620 2601;383000.00;;;383000.00;;;;;
13-45-95-30901-2601B;INT.  00007620 2601;;;;;;;;;
13-45-95-30901-2601C;EXTRA 00007620 2601;;;;;;;;;
13-45-95-30901-2602A;CUOTA 00007781 2602;383000.00;;;383000.00;;;;;
13-45-95-30901-2602B;INT.  00007781 2602;;;;;;;;;
13-45-95-30901-2602C;EXTRA 00007781 2602;;;;;;;;;
13-45-95-30901-2603A;CUOTA 00007941 2603;383000.00;;;383000.00;;;;;
13-45-95-30901-2603B;INT.  00007941 2603;;;;;;;;;
13-45-95-30901-2603C;EXTRA 00007941 2603;;;;;;;;;
13-45-95-30901-2604A;CUOTA 00008101 2604;;383000.00;;383000.00;;;;;
13-45-95-30901-2604B;INT.  00008101 2604;;37581.00;;37581.00;;;;;
13-45-95-30902;JHON ESTEBAN OROZCO MUÑOZ;;;;;;;;;
13-45-95-30902-00007;CUENTA00007621 2601;;;;;;;;;
13-45-95-30902-2510A;CUOTA SI 2510;;;;;;;;;
13-45-95-30902-2510B;INT SI ADMON;;;;;;;;;
13-45-95-30902-2510C;EXTRA SI 2510;;;;;;;;;
13-45-95-30902-2510D;RETRO SI 2510;;;;;;;;;
13-45-95-30902-2511A;CUOTA 00000102 2511;;;;;;;;;
13-45-95-30902-2511B;INT.  00000102 2511;;;;;;;;;
13-45-95-30902-2511C;EXTRA 00000102 2511;;;;;;;;;
13-45-95-30902-2512A;CUOTA 00007461 2512;;;;;;;;;
13-45-95-30902-2512B;INT.  00007461 2512;;;;;;;;;
13-45-95-30902-2512C;EXTRA 00007461 2512;;;;;;;;;
13-45-95-30902-2601A;CUOTA 00007621 2601;;;;;;;;;
13-45-95-30902-2601B;INT.  00007621 2601;;;;;;;;;
13-45-95-30902-2601C;EXTRA 00007621 2601;;;;;;;;;
13-45-95-30902-2602A;CUOTA 00007782 2602;34692.00;;;34692.00;;;;;
13-45-95-30902-2602B;INT.  00007782 2602;;;;;;;;;
13-45-95-30902-2602C;EXTRA 00007782 2602;;;;;;;;;
13-45-95-30902-2603A;CUOTA 00007942 2603;383000.00;;;383000.00;;;;;
13-45-95-30902-2603B;INT.  00007942 2603;;;;;;;;;
13-45-95-30902-2603C;EXTRA 00007942 2603;;;;;;;;;
13-45-95-30902-2604A;CUOTA 00008102 2604;;383000.00;;383000.00;;;;;
13-45-95-30902-2604B;INT.  00008102 2604;;6265.00;;6265.00;;;;;
13-45-95-30903;SAMUEL COLIN HITCH;;;;;;;;;
13-45-95-30903-2510A;CUOTA SI 2510;;;;;;;;;
13-45-95-30903-2510C;EXTRA SI 2510;;;;;;;;;
13-45-95-30903-2510D;RETRO SI 2510;;;;;;;;;
13-45-95-30903-2511A;CUOTA 00000103 2511;;;;;;;;;
13-45-95-30903-2511C;EXTRA 00000103 2511;;;;;;;;;
13-45-95-30903-2512A;CUOTA 00007462 2512;;;;;;;;;
13-45-95-30903-2512C;EXTRA 00007462 2512;;;;;;;;;
13-45-95-30903-2601A;CUOTA 00007622 2601;;;;;;;;;
13-45-95-30903-2601C;EXTRA 00007622 2601;;;;;;;;;
13-45-95-30903-2602A;CUOTA 00007783 2602;;;;;;;;;
13-45-95-30903-2602C;EXTRA 00007783 2602;;;;;;;;;
13-45-95-30903-2603A;CUOTA 00007943 2603;;;;;;;;;
13-45-95-30903-2603B;INT.  00007943 2603;;;;;;;;;
13-45-95-30903-2603C;EXTRA 00007943 2603;;;;;;;;;
13-45-95-30903-2604A;CUOTA 00008103 2604;;383000.00;;383000.00;;;;;
13-45-95-30903-2604B;INT.  00008103 2604;;;;;;;;;
13-45-95-30904;LUIS VICENTE ESCAMILLA CAMAC;;;;;;;;;
13-45-95-30904-2510A;CUOTA SI 2510;;;;;;;;;
13-45-95-30904-2510B;INT SI ADMON;;;;;;;;;
13-45-95-30904-2510C;EXTRA SI 2510;;;;;;;;;
13-45-95-30904-2510D;RETRO SI 2510;;;;;;;;;
13-45-95-30904-2511A;CUOTA 00000104 2511;;;;;;;;;
13-45-95-30904-2511C;EXTRA 00000104 2511;;;;;;;;;
13-45-95-30904-2512A;CUOTA 00007463 2512;;;;;;;;;
13-45-95-30904-2512C;EXTRA 00007463 2512;;;;;;;;;
13-45-95-30904-2601A;CUOTA 00007623 2601;;;;;;;;;
13-45-95-30904-2601C;EXTRA 00007623 2601;;;;;;;;;
13-45-95-30904-2602A;CUOTA 00007784 2602;;;;;;;;;
13-45-95-30904-2602C;EXTRA 00007784 2602;;;;;;;;;
13-45-95-30904-2603A;CUOTA 00007944 2603;;;;;;;;;
13-45-95-30904-2603C;EXTRA 00007944 2603;;;;;;;;;
13-45-95-30904-2604A;CUOTA 00008104 2604;;383000.00;;383000.00;;;;;
13-45-95-31001;1 PAOLA ANDREA LOPEZ HERNAND;;;;;;;;;
13-45-95-31001-00007;CUENTA00007624 2601;;;;;;;;;
13-45-95-31001-2510A;CUOTA SI 2510;;;;;;;;;
13-45-95-31001-2510B;INT SI ADMON;;;;;;;;;
13-45-95-31001-2510C;EXTRA SI 2510;;;;;;;;;
13-45-95-31001-2510D;RETRO SI 2510;;;;;;;;;
13-45-95-31001-2511A;CUOTA 00000105 2511;;;;;;;;;
13-45-95-31001-2511C;EXTRA 00000105 2511;;;;;;;;;
13-45-95-31001-2512A;CUOTA 00007464 2512;;;;;;;;;
13-45-95-31001-2512B;INT.  00007464 2512;;;;;;;;;
13-45-95-31001-2512C;EXTRA 00007464 2512;;;;;;;;;
13-45-95-31001-2601A;CUOTA 00007624 2601;;;;;;;;;
13-45-95-31001-2601B;INT.  00007624 2601;;;;;;;;;
13-45-95-31001-2601C;EXTRA 00007624 2601;;;;;;;;;
13-45-95-31001-2602A;CUOTA 00007785 2602;75093.00;;;75093.00;;;;;
13-45-95-31001-2602B;INT.  00007785 2602;;;;;;;;;
13-45-95-31001-2602C;EXTRA 00007785 2602;;;;;;;;;
13-45-95-31001-2603A;CUOTA 00007945 2603;383000.00;;;383000.00;;;;;
13-45-95-31001-2603B;INT.  00007945 2603;;;;;;;;;
13-45-95-31001-2603C;EXTRA 00007945 2603;;;;;;;;;
13-45-95-31001-2604A;CUOTA 00008105 2604;;383000.00;;383000.00;;;;;
13-45-95-31001-2604B;INT.  00008105 2604;;6871.00;;6871.00;;;;;
13-45-95-31002;2 CHRISTIAN DAVID MOSQUERA;;;;;;;;;
13-45-95-31002-00007;CUENTA00007625 2601;;;;;;;;;
13-45-95-31002-2510A;CUOTA SI 2510;18078652.00;;;18078652.00;;;;;
13-45-95-31002-2510B;INT SI ADMON;16575235.00;;;16575235.00;;;;;
13-45-95-31002-2510C;EXTRA SI 2510;;;;;;;;;
13-45-95-31002-2510D;RETRO SI 2510;27000.00;;;27000.00;;;;;
13-45-95-31002-2510F;JURIDICO SI 2510;61722.00;;;61722.00;;;;;
13-45-95-31002-2511A;CUOTA 00000106 2511;311500.00;;;311500.00;;;;;
13-45-95-31002-2511B;INT.  00000106 2511;271180.00;;;271180.00;;;;;
13-45-95-31002-2511C;EXTRA 00000106 2511;30000.00;;;30000.00;;;;;
13-45-95-31002-2511F;GASTOS JURIDICOS;35000.00;;;35000.00;;;;;
13-45-95-31002-2512A;CUOTA 00007465 2512;311500.00;;;311500.00;;;;;
13-45-95-31002-2512B;INT.  00007465 2512;343896.00;;;343896.00;;;;;
13-45-95-31002-2512C;EXTRA 00007465 2512;30000.00;;;30000.00;;;;;
13-45-95-31002-2512F;GASTOS JURIDICOS;420000.00;;;420000.00;;;;;
13-45-95-31002-2601A;CUOTA 00007625 2601;383000.00;;;383000.00;;;;;
13-45-95-31002-2601B;INT.  00007625 2601;280525.00;;;280525.00;;;;;
13-45-95-31002-2601C;EXTRA 00007625 2601;30000.00;;;30000.00;;;;;
13-45-95-31002-2602A;CUOTA 00007786 2602;383000.00;;;383000.00;;;;;
13-45-95-31002-2602B;INT.  00007786 2602;286270.00;;;286270.00;;;;;
13-45-95-31002-2602C;EXTRA 00007786 2602;30000.00;;;30000.00;;;;;
13-45-95-31002-2603A;CUOTA 00007946 2603;383000.00;;;383000.00;;;;;
13-45-95-31002-2603B;INT.  00007946 2603;292015.00;;;292015.00;;;;;
13-45-95-31002-2603C;EXTRA 00007946 2603;30000.00;;;30000.00;;;;;
13-45-95-31002-2604A;CUOTA 00008106 2604;;383000.00;;383000.00;;;;;
13-45-95-31002-2604B;INT.  00008106 2604;;297760.00;;297760.00;;;;;
13-45-95-31003;3 DIEGO FERNANDO ARANZAZU BU;;;;;;;;;
13-45-95-31003-2510A;CUOTA SI 2510;;;;;;;;;
13-45-95-31003-2510C;EXTRA SI 2510;;;;;;;;;
13-45-95-31003-2510D;RETRO SI 2510;;;;;;;;;
13-45-95-31003-2511A;CUOTA 00000107 2511;;;;;;;;;
13-45-95-31003-2511C;EXTRA 00000107 2511;;;;;;;;;
13-45-95-31003-2512A;CUOTA 00007466 2512;;;;;;;;;
13-45-95-31003-2512C;EXTRA 00007466 2512;;;;;;;;;
13-45-95-31003-2601A;CUOTA 00007626 2601;;;;;;;;;
13-45-95-31003-2601C;EXTRA 00007626 2601;;;;;;;;;
13-45-95-31003-2602A;CUOTA 00007787 2602;;;;;;;;;
13-45-95-31003-2602C;EXTRA 00007787 2602;;;;;;;;;
13-45-95-31003-2603A;CUOTA 00007947 2603;;;;;;;;;
13-45-95-31003-2603B;INT.  00007947 2603;;;;;;;;;
13-45-95-31003-2603C;EXTRA 00007947 2603;;;;;;;;;
13-45-95-31003-2604A;CUOTA 00008107 2604;;383000.00;371000.00;12000.00;;;;;
13-45-95-31003-2604B;INT.  00008107 2604;;6281.00;;6281.00;;;;;
13-45-95-31004;4 ANDRES FELIPE HERNANDEZ OS;;;;;;;;;
13-45-95-31004-00007;CUENTA00007627 2601;;;;;;;;;
13-45-95-31004-2510A;CUOTA SI 2510;;;;;;;;;
13-45-95-31004-2510B;INT SI ADMON;;;;;;;;;
13-45-95-31004-2510C;EXTRA SI 2510;;;;;;;;;
13-45-95-31004-2510D;RETRO SI 2510;;;;;;;;;
13-45-95-31004-2511A;CUOTA 00000108 2511;;;;;;;;;
13-45-95-31004-2511B;INT.  00000108 2511;;;;;;;;;
13-45-95-31004-2511C;EXTRA 00000108 2511;;;;;;;;;
13-45-95-31004-2512A;CUOTA 00007467 2512;;;;;;;;;
13-45-95-31004-2512B;INT.  00007467 2512;;;;;;;;;
13-45-95-31004-2512C;EXTRA 00007467 2512;;;;;;;;;
13-45-95-31004-2601A;CUOTA 00007627 2601;206606.00-;;;;206606.00;;;;
13-45-95-31004-2601B;INT.  00007627 2601;;;;;;;;;
13-45-95-31004-2601C;EXTRA 00007627 2601;;;;;;;;;
13-45-95-31004-2602A;CUOTA 00007788 2602;1355394.00-;;;;1355394.00;;;;
13-45-95-31004-2602C;EXTRA 00007788 2602;;;;;;;;;
13-45-95-31004-2603A;CUOTA 00007948 2603;383000.00;;;383000.00;;;;;
13-45-95-31004-2603C;EXTRA 00007948 2603;30000.00;;;30000.00;;;;;
13-45-95-31004-2604A;CUOTA 00008108 2604;;383000.00;;383000.00;;;;;
13-45-95-40101;ANA LIDA QUINTERO PRADO;;;;;;;;;
13-45-95-40101-00007;CUENTA00007628 2601;;;;;;;;;
13-45-95-40101-2510A;CUOTA SI 2510;311500.00;;;311500.00;;;;;
13-45-95-40101-2510B;INT SI ADMON;60512.00;;;60512.00;;;;;
13-45-95-40101-2510C;EXTRA SI 2510;30000.00;;;30000.00;;;;;
13-45-95-40101-2510D;RETRO SI 2510;;;;;;;;;
13-45-95-40101-2511A;CUOTA 00000109 2511;311500.00;;;311500.00;;;;;
13-45-95-40101-2511B;INT.  00000109 2511;4673.00;;;4673.00;;;;;
13-45-95-40101-2511C;EXTRA 00000109 2511;30000.00;;;30000.00;;;;;
13-45-95-40101-2512A;CUOTA 00007468 2512;311500.00;;;311500.00;;;;;
13-45-95-40101-2512B;INT.  00007468 2512;11650.00;;;11650.00;;;;;
13-45-95-40101-2512C;EXTRA 00007468 2512;30000.00;;;30000.00;;;;;
13-45-95-40101-2601A;CUOTA 00007628 2601;383000.00;;;383000.00;;;;;
13-45-95-40101-2601B;INT.  00007628 2601;14018.00;;;14018.00;;;;;
13-45-95-40101-2601C;EXTRA 00007628 2601;30000.00;;;30000.00;;;;;
13-45-95-40101-2602A;CUOTA 00007789 2602;383000.00;;;383000.00;;;;;
13-45-95-40101-2602B;INT.  00007789 2602;19763.00;;;19763.00;;;;;
13-45-95-40101-2602C;EXTRA 00007789 2602;30000.00;;;30000.00;;;;;
13-45-95-40101-2603A;CUOTA 00007949 2603;383000.00;;;383000.00;;;;;
13-45-95-40101-2603B;INT.  00007949 2603;25508.00;;;25508.00;;;;;
13-45-95-40101-2603C;EXTRA 00007949 2603;30000.00;;;30000.00;;;;;
13-45-95-40101-2604A;CUOTA 00008109 2604;;383000.00;;383000.00;;;;;
13-45-95-40101-2604B;INT.  00008109 2604;;31253.00;;31253.00;;;;;
13-45-95-40102;CRISTIAN RODRIGO VERJAN SIER;;;;;;;;;
13-45-95-40102-00007;CUENTA00007629 2601;;;;;;;;;
13-45-95-40102-2510A;CUOTA SI 2510;;;;;;;;;
13-45-95-40102-2510B;INT SI ADMON;;;;;;;;;
13-45-95-40102-2510C;EXTRA SI 2510;;;;;;;;;
13-45-95-40102-2510D;RETRO SI 2510;;;;;;;;;
13-45-95-40102-2511A;CUOTA 00000110 2511;;;;;;;;;
13-45-95-40102-2511C;EXTRA 00000110 2511;;;;;;;;;
13-45-95-40102-2512A;CUOTA 00007469 2512;;;;;;;;;
13-45-95-40102-2512B;INT.  00007469 2512;;;;;;;;;
13-45-95-40102-2512C;EXTRA 00007469 2512;;;;;;;;;
13-45-95-40102-2601A;CUOTA 00007629 2601;;;;;;;;;
13-45-95-40102-2601B;INT.  00007629 2601;;;;;;;;;
13-45-95-40102-2601C;EXTRA 00007629 2601;;;;;;;;;
13-45-95-40102-2602A;CUOTA 00007790 2602;;;;;;;;;
13-45-95-40102-2602C;EXTRA 00007790 2602;;;;;;;;;
13-45-95-40102-2603A;CUOTA 00007950 2603;;;;;;;;;
13-45-95-40102-2603B;INT.  00007950 2603;;;;;;;;;
13-45-95-40102-2603C;EXTRA 00007950 2603;;;;;;;;;
13-45-95-40102-2604A;CUOTA 2604A;3649.00-;383000.00;;379351.00;;;;;
13-45-95-40103;IVAN DARIO RICARD HERNANDEZ;;;;;;;;;
13-45-95-40103-2510A;CUOTA SI 2510;;;;;;;;;
13-45-95-40103-2510B;INT SI ADMON;;;;;;;;;
13-45-95-40103-2510C;EXTRA SI 2510;;;;;;;;;
13-45-95-40103-2510D;RETRO SI 2510;;;;;;;;;
13-45-95-40103-2511A;CUOTA 00000111 2511;;;;;;;;;
13-45-95-40103-2511B;INT.  00000111 2511;;;;;;;;;
13-45-95-40103-2511C;EXTRA 00000111 2511;;;;;;;;;
13-45-95-40103-2512A;CUOTA 00007470 2512;;;;;;;;;
13-45-95-40103-2512C;EXTRA 00007470 2512;;;;;;;;;
13-45-95-40103-2601A;CUOTA 00007630 2601;;;;;;;;;
13-45-95-40103-2601C;EXTRA 00007630 2601;;;;;;;;;
13-45-95-40103-2602A;CUOTA 00007791 2602;;;;;;;;;
13-45-95-40103-2602B;INT.  00007791 2602;;;;;;;;;
13-45-95-40103-2602C;EXTRA 00007791 2602;;;;;;;;;
13-45-95-40103-2603A;CUOTA 00007951 2603;383000.00;;;383000.00;;;;;
13-45-95-40103-2603C;EXTRA 00007951 2603;30000.00;;;30000.00;;;;;
13-45-95-40103-2604A;CUOTA 00008111 2604;;383000.00;;383000.00;;;;;
13-45-95-40103-2604B;INT.  00008111 2604;;5745.00;;5745.00;;;;;
13-45-95-40104;María Nathalia García Orrego;;;;;;;;;
13-45-95-40104-00007;CUENTA00007631 2601;;;;;;;;;
13-45-95-40104-2510A;CUOTA SI 2510;;;;;;;;;
13-45-95-40104-2510B;INT SI ADMON;;;;;;;;;
13-45-95-40104-2510C;EXTRA SI 2510;;;;;;;;;
13-45-95-40104-2510D;RETRO SI 2510;;;;;;;;;
13-45-95-40104-2511A;CUOTA 00000112 2511;;;;;;;;;
13-45-95-40104-2511B;INT.  00000112 2511;;;;;;;;;
13-45-95-40104-2511C;EXTRA 00000112 2511;;;;;;;;;
13-45-95-40104-2512A;CUOTA 00007471 2512;;;;;;;;;
13-45-95-40104-2512B;INT.  00007471 2512;;;;;;;;;
13-45-95-40104-2512C;EXTRA 00007471 2512;;;;;;;;;
13-45-95-40104-2601A;CUOTA 00007631 2601;;;;;;;;;
13-45-95-40104-2601B;INT.  00007631 2601;;;;;;;;;
13-45-95-40104-2601C;EXTRA 00007631 2601;;;;;;;;;
13-45-95-40104-2602A;CUOTA 00007792 2602;;;;;;;;;
13-45-95-40104-2602B;INT.  00007792 2602;;;;;;;;;
13-45-95-40104-2602C;EXTRA 00007792 2602;;;;;;;;;
13-45-95-40104-2603A;CUOTA 00007952 2603;304274.00;;;304274.00;;;;;
13-45-95-40104-2603B;INT.  00007952 2603;;;;;;;;;
13-45-95-40104-2603C;EXTRA 00007952 2603;;;;;;;;;
13-45-95-40104-2604A;CUOTA 00008112 2604;;383000.00;;383000.00;;;;;
13-45-95-40104-2604B;INT.  00008112 2604;;4564.00;;4564.00;;;;;
13-45-95-40201;CARLOS ALBERTO DUQUE GALLEGO;;;;;;;;;
13-45-95-40201-00007;CUENTA00007632 2601;;;;;;;;;
13-45-95-40201-2510A;CUOTA SI 2510;;;;;;;;;
13-45-95-40201-2510B;INT SI ADMON;;;;;;;;;
13-45-95-40201-2510C;EXTRA SI 2510;;;;;;;;;
13-45-95-40201-2510D;RETRO SI 2510;;;;;;;;;
13-45-95-40201-2511A;CUOTA 00000113 2511;;;;;;;;;
13-45-95-40201-2511B;INT.  00000113 2511;;;;;;;;;
13-45-95-40201-2511C;EXTRA 00000113 2511;;;;;;;;;
13-45-95-40201-2511F;GASTOS JURIDICOS;;;;;;;;;
13-45-95-40201-2512A;CUOTA 00007472 2512;;;;;;;;;
13-45-95-40201-2512B;INT.  00007472 2512;;;;;;;;;
13-45-95-40201-2512C;EXTRA 00007472 2512;;;;;;;;;
13-45-95-40201-2601A;CUOTA 00007632 2601;;;;;;;;;
13-45-95-40201-2601B;INT.  00007632 2601;;;;;;;;;
13-45-95-40201-2601C;EXTRA 00007632 2601;;;;;;;;;
13-45-95-40201-2602A;CUOTA 00007793 2602;;;;;;;;;
13-45-95-40201-2602B;INT.  00007793 2602;;;;;;;;;
13-45-95-40201-2602C;EXTRA 00007793 2602;;;;;;;;;
13-45-95-40201-2603A;CUOTA 00007953 2603;;;;;;;;;
13-45-95-40201-2603B;INT.  00007953 2603;;;;;;;;;
13-45-95-40201-2603C;EXTRA 00007953 2603;;;;;;;;;
13-45-95-40201-2604A;CUOTA 2604A;419000.00-;383000.00;;;36000.00;;;;
13-45-95-40202;KAREM NATHALIA MARTINEZ BUEN;;;;;;;;;
13-45-95-40202-2510A;CUOTA SI 2510;;;;;;;;;
13-45-95-40202-2510C;EXTRA SI 2510;;;;;;;;;
13-45-95-40202-2510D;RETRO SI 2510;;;;;;;;;
13-45-95-40202-2511A;CUOTA 00000114 2511;;;;;;;;;
13-45-95-40202-2511C;EXTRA 00000114 2511;;;;;;;;;
13-45-95-40202-2512A;CUOTA 00007473 2512;;;;;;;;;
13-45-95-40202-2512C;EXTRA 00007473 2512;;;;;;;;;
13-45-95-40202-2601A;CUOTA 00007633 2601;;;;;;;;;
13-45-95-40202-2601C;EXTRA 00007633 2601;;;;;;;;;
13-45-95-40202-2602A;CUOTA 00007794 2602;;;;;;;;;
13-45-95-40202-2602C;EXTRA 00007794 2602;;;;;;;;;
13-45-95-40202-2603A;CUOTA 00007954 2603;;;;;;;;;
13-45-95-40202-2603C;EXTRA 00007954 2603;;;;;;;;;
13-45-95-40202-2604A;CUOTA 2604A;412500.00-;383000.00;;;29500.00;;;;
13-45-95-40203;ANDRES FELIPE DUQUE FRANCO;;;;;;;;;
13-45-95-40203-00007;CUENTA00007634 2601;;;;;;;;;
13-45-95-40203-2510A;CUOTA SI 2510;;;;;;;;;
13-45-95-40203-2510B;INT SI ADMON;;;;;;;;;
13-45-95-40203-2510C;EXTRA SI 2510;;;;;;;;;
13-45-95-40203-2510D;RETRO SI 2510;;;;;;;;;
13-45-95-40203-2511A;CUOTA 00000115 2511;;;;;;;;;
13-45-95-40203-2511B;INT.  00000115 2511;;;;;;;;;
13-45-95-40203-2511C;EXTRA 00000115 2511;;;;;;;;;
13-45-95-40203-2512A;CUOTA 00007474 2512;;;;;;;;;
13-45-95-40203-2512B;INT.  00007474 2512;;;;;;;;;
13-45-95-40203-2512C;EXTRA 00007474 2512;;;;;;;;;
13-45-95-40203-2601A;CUOTA 00007634 2601;;;;;;;;;
13-45-95-40203-2601B;INT.  00007634 2601;;;;;;;;;
13-45-95-40203-2601C;EXTRA 00007634 2601;;;;;;;;;
13-45-95-40203-2602A;CUOTA 00007795 2602;;;;;;;;;
13-45-95-40203-2602C;EXTRA 00007795 2602;;;;;;;;;
13-45-95-40203-2603A;CUOTA 00007955 2603;;;;;;;;;
13-45-95-40203-2603C;EXTRA 00007955 2603;;;;;;;;;
13-45-95-40203-2604A;CUOTA 00008115 2604;;383000.00;;383000.00;;;;;
13-45-95-40204;JULIAN ANDRES CARDONA ARANGO;;;;;;;;;
13-45-95-40204-2510A;CUOTA SI 2510;;;;;;;;;
13-45-95-40204-2510B;INT SI ADMON;;;;;;;;;
13-45-95-40204-2510C;EXTRA SI 2510;;;;;;;;;
13-45-95-40204-2510D;RETRO SI 2510;;;;;;;;;
13-45-95-40204-2511A;CUOTA 00000116 2511;;;;;;;;;
13-45-95-40204-2511C;EXTRA 00000116 2511;;;;;;;;;
13-45-95-40204-2512A;CUOTA 00007475 2512;;;;;;;;;
13-45-95-40204-2512B;INT.  00007475 2512;;;;;;;;;
13-45-95-40204-2512C;EXTRA 00007475 2512;;;;;;;;;
13-45-95-40204-2601A;CUOTA 00007635 2601;;;;;;;;;
13-45-95-40204-2601C;EXTRA 00007635 2601;;;;;;;;;
13-45-95-40204-2602A;CUOTA 00007796 2602;;;;;;;;;
13-45-95-40204-2602C;EXTRA 00007796 2602;;;;;;;;;
13-45-95-40204-2603A;CUOTA 00007956 2603;;;;;;;;;
13-45-95-40204-2603C;EXTRA 00007956 2603;;;;;;;;;
13-45-95-40204-2604A;CUOTA 2604A;9151.00-;383000.00;;373849.00;;;;;
13-45-95-40301;JOSE GIRALDO NARVAEZ;;;;;;;;;
13-45-95-40301-2510A;CUOTA SI 2510;;;;;;;;;
13-45-95-40301-2510C;EXTRA SI 2510;;;;;;;;;
13-45-95-40301-2510D;RETRO SI 2510;;;;;;;;;
13-45-95-40301-2511A;CUOTA 00000117 2511;;;;;;;;;
13-45-95-40301-2511C;EXTRA 00000117 2511;;;;;;;;;
13-45-95-40301-2512A;CUOTA 00007476 2512;;;;;;;;;
13-45-95-40301-2512C;EXTRA 00007476 2512;;;;;;;;;
13-45-95-40301-2601A;CUOTA 00007636 2601;;;;;;;;;
13-45-95-40301-2601C;EXTRA 00007636 2601;;;;;;;;;
13-45-95-40301-2602A;CUOTA 00007797 2602;;;;;;;;;
13-45-95-40301-2602C;EXTRA 00007797 2602;;;;;;;;;
13-45-95-40301-2603A;CUOTA 00007957 2603;383000.00;;;383000.00;;;;;
13-45-95-40301-2603C;EXTRA 00007957 2603;30000.00;;;30000.00;;;;;
13-45-95-40301-2604A;CUOTA 00008117 2604;;383000.00;;383000.00;;;;;
13-45-95-40301-2604B;INT.  00008117 2604;;5745.00;;5745.00;;;;;
13-45-95-40302;OLGA LUCY QUINTERO QUIÑONEZ;;;;;;;;;
13-45-95-40302-2510A;CUOTA SI 2510;;;;;;;;;
13-45-95-40302-2510C;EXTRA SI 2510;;;;;;;;;
13-45-95-40302-2510D;RETRO SI 2510;;;;;;;;;
13-45-95-40302-2511A;CUOTA 00000118 2511;;;;;;;;;
13-45-95-40302-2511C;EXTRA 00000118 2511;;;;;;;;;
13-45-95-40302-2512A;CUOTA 2512;;;;;;;;;
13-45-95-40302-2512C;EXTRA 00007477 2512;;;;;;;;;
13-45-95-40302-2601A;CUOTA 00007637 2601;;;;;;;;;
13-45-95-40302-2601C;EXTRA 00007637 2601;;;;;;;;;
13-45-95-40302-2602A;CUOTA 00007798 2602;;;;;;;;;
13-45-95-40302-2602C;EXTRA 00007798 2602;;;;;;;;;
13-45-95-40302-2603A;CUOTA 00007958 2603;;;;;;;;;
13-45-95-40302-2603C;EXTRA 00007958 2603;;;;;;;;;
13-45-95-40302-2604A;CUOTA 00008118 2604;;383000.00;;383000.00;;;;;
13-45-95-40303;DIEGO MILLAN LONDOÑO;;;;;;;;;
13-45-95-40303-00007;CUENTA00007638 2601;;;;;;;;;
13-45-95-40303-2510A;CUOTA SI 2510;;;;;;;;;
13-45-95-40303-2510B;INT SI ADMON;;;;;;;;;
13-45-95-40303-2510C;EXTRA SI 2510;;;;;;;;;
13-45-95-40303-2510D;RETRO SI 2510;;;;;;;;;
13-45-95-40303-2511A;CUOTA 00000119 2511;;;;;;;;;
13-45-95-40303-2511C;EXTRA 00000119 2511;;;;;;;;;
13-45-95-40303-2512A;CUOTA 00007478 2512;;;;;;;;;
13-45-95-40303-2512B;INT.  00007478 2512;;;;;;;;;
13-45-95-40303-2512C;EXTRA 00007478 2512;;;;;;;;;
13-45-95-40303-2601A;CUOTA 00007638 2601;314772.00;;;314772.00;;;;;
13-45-95-40303-2601B;INT.  00007638 2601;;;;;;;;;
13-45-95-40303-2601C;EXTRA 00007638 2601;;;;;;;;;
13-45-95-40303-2602A;CUOTA 00007799 2602;383000.00;;;383000.00;;;;;
13-45-95-40303-2602B;INT.  00007799 2602;4722.00;;;4722.00;;;;;
13-45-95-40303-2602C;EXTRA 00007799 2602;30000.00;;;30000.00;;;;;
13-45-95-40303-2603A;CUOTA 00007959 2603;383000.00;;;383000.00;;;;;
13-45-95-40303-2603B;INT.  00007959 2603;10467.00;;;10467.00;;;;;
13-45-95-40303-2603C;EXTRA 00007959 2603;30000.00;;;30000.00;;;;;
13-45-95-40303-2604A;CUOTA 00008119 2604;;383000.00;;383000.00;;;;;
13-45-95-40303-2604B;INT.  00008119 2604;;16212.00;;16212.00;;;;;
13-45-95-40304;INGRID TATIANA LOPEZ ALARCON;;;;;;;;;
13-45-95-40304-2510A;CUOTA SI 2510;;;;;;;;;
13-45-95-40304-2510C;EXTRA SI 2510;;;;;;;;;
13-45-95-40304-2510D;RETRO SI 2510;;;;;;;;;
13-45-95-40304-2511A;CUOTA 00000120 2511;;;;;;;;;
13-45-95-40304-2511C;EXTRA 00000120 2511;;;;;;;;;
13-45-95-40304-2512A;CUOTA 2512;;;;;;;;;
13-45-95-40304-2512C;EXTRA 00007479 2512;;;;;;;;;
13-45-95-40304-2601A;CUOTA 00007639 2601;;;;;;;;;
13-45-95-40304-2601C;EXTRA 00007639 2601;;;;;;;;;
13-45-95-40304-2602A;CUOTA 00007800 2602;;;;;;;;;
13-45-95-40304-2602C;EXTRA 00007800 2602;;;;;;;;;
13-45-95-40304-2603A;CUOTA 00007960 2603;;;;;;;;;
13-45-95-40304-2603C;EXTRA 00007960 2603;;;;;;;;;
13-45-95-40304-2604A;CUOTA 00008120 2604;;383000.00;;383000.00;;;;;
13-45-95-40401;HAITIVY VERA HERRERA;;;;;;;;;
13-45-95-40401-2510A;CUOTA SI 2510;;;;;;;;;
13-45-95-40401-2510C;EXTRA SI 2510;;;;;;;;;
13-45-95-40401-2510D;RETRO SI 2510;;;;;;;;;
13-45-95-40401-2511A;CUOTA 00000121 2511;;;;;;;;;
13-45-95-40401-2511C;EXTRA 00000121 2511;;;;;;;;;
13-45-95-40401-2512A;CUOTA 2512;;;;;;;;;
13-45-95-40401-2512C;EXTRA 00007480 2512;;;;;;;;;
13-45-95-40401-2601A;CUOTA 00007640 2601;;;;;;;;;
13-45-95-40401-2601C;EXTRA 00007640 2601;;;;;;;;;
13-45-95-40401-2602A;CUOTA 00007801 2602;35745.00;;;35745.00;;;;;
13-45-95-40401-2602C;EXTRA 00007801 2602;;;;;;;;;
13-45-95-40401-2603A;CUOTA 00007961 2603;383000.00;;;383000.00;;;;;
13-45-95-40401-2603B;INT.  00007961 2603;;;;;;;;;
13-45-95-40401-2603C;EXTRA 00007961 2603;;;;;;;;;
13-45-95-40401-2604A;CUOTA 00008121 2604;;383000.00;;383000.00;;;;;
13-45-95-40401-2604B;INT.  00008121 2604;;6281.00;;6281.00;;;;;
13-45-95-40402;ANDRIANA PINO GARCES;;;;;;;;;
13-45-95-40402-2510A;CUOTA SI 2510;;;;;;;;;
13-45-95-40402-2510C;EXTRA SI 2510;;;;;;;;;
13-45-95-40402-2510D;RETRO SI 2510;;;;;;;;;
13-45-95-40402-2511A;CUOTA 00000122 2511;;;;;;;;;
13-45-95-40402-2511C;EXTRA 00000122 2511;;;;;;;;;
13-45-95-40402-2512A;CUOTA 00007481 2512;;;;;;;;;
13-45-95-40402-2512C;EXTRA 00007481 2512;;;;;;;;;
13-45-95-40402-2601A;CUOTA 00007641 2601;;;;;;;;;
13-45-95-40402-2601C;EXTRA 00007641 2601;;;;;;;;;
13-45-95-40402-2602A;CUOTA 00007802 2602;;;;;;;;;
13-45-95-40402-2602B;INT.  00007802 2602;;;;;;;;;
13-45-95-40402-2602C;EXTRA 00007802 2602;;;;;;;;;
13-45-95-40402-2603A;CUOTA 00007962 2603;;;;;;;;;
13-45-95-40402-2603C;EXTRA 00007962 2603;;;;;;;;;
13-45-95-40402-2604A;CUOTA 00008122 2604;;383000.00;;383000.00;;;;;
13-45-95-40403;MAGDALENA BENITEZ LOPEZ;;;;;;;;;
13-45-95-40403-00007;CUENTA00007642 2601;;;;;;;;;
13-45-95-40403-2510A;CUOTA SI 2510;;;;;;;;;
13-45-95-40403-2510B;INT SI ADMON;;;;;;;;;
13-45-95-40403-2510C;EXTRA SI 2510;;;;;;;;;
13-45-95-40403-2510D;RETRO SI 2510;;;;;;;;;
13-45-95-40403-2511A;CUOTA 00000123 2511;;;;;;;;;
13-45-95-40403-2511B;INT.  00000123 2511;;;;;;;;;
13-45-95-40403-2511C;EXTRA 00000123 2511;;;;;;;;;
13-45-95-40403-2512A;CUOTA 2512;;;;;;;;;
13-45-95-40403-2512B;INT.  00007482 2512;;;;;;;;;
13-45-95-40403-2512C;EXTRA 00007482 2512;;;;;;;;;
13-45-95-40403-2601A;CUOTA 00007642 2601;;;;;;;;;
13-45-95-40403-2601B;INT.  00007642 2601;;;;;;;;;
13-45-95-40403-2601C;EXTRA 00007642 2601;;;;;;;;;
13-45-95-40403-2602A;CUOTA 00007803 2602;;;;;;;;;
13-45-95-40403-2602B;INT.  00007803 2602;;;;;;;;;
13-45-95-40403-2602C;EXTRA 00007803 2602;;;;;;;;;
13-45-95-40403-2603A;CUOTA 00007963 2603;;;;;;;;;
13-45-95-40403-2603B;INT.  00007963 2603;;;;;;;;;
13-45-95-40403-2603C;EXTRA 00007963 2603;;;;;;;;;
13-45-95-40403-2604A;CUOTA 2604A;162811.00-;383000.00;;220189.00;;;;;
13-45-95-40404;HECTOR ENRIQUE GALEANO HERRE;;;;;;;;;
13-45-95-40404-00007;CUENTA00007643 2601;;;;;;;;;
13-45-95-40404-2510A;CUOTA SI 2510;;;;;;;;;
13-45-95-40404-2510B;INT SI ADMON;;;;;;;;;
13-45-95-40404-2510C;EXTRA SI 2510;;;;;;;;;
13-45-95-40404-2510D;RETRO SI 2510;;;;;;;;;
13-45-95-40404-2511A;CUOTA 00000124 2511;;;;;;;;;
13-45-95-40404-2511B;INT.  00000124 2511;;;;;;;;;
13-45-95-40404-2511C;EXTRA 00000124 2511;;;;;;;;;
13-45-95-40404-2512A;CUOTA 00007483 2512;;;;;;;;;
13-45-95-40404-2512B;INT.  00007483 2512;;;;;;;;;
13-45-95-40404-2512C;EXTRA 00007483 2512;;;;;;;;;
13-45-95-40404-2601A;CUOTA 00007643 2601;;;;;;;;;
13-45-95-40404-2601B;INT.  00007643 2601;;;;;;;;;
13-45-95-40404-2601C;EXTRA 00007643 2601;;;;;;;;;
13-45-95-40404-2602A;CUOTA 00007804 2602;413000.00-;;;;413000.00;;;;
13-45-95-40404-2602C;EXTRA 00007804 2602;;;;;;;;;
13-45-95-40404-2603A;CUOTA 00007964 2603;383000.00;;;383000.00;;;;;
13-45-95-40404-2603C;EXTRA 00007964 2603;30000.00;;;30000.00;;;;;
13-45-95-40404-2604A;CUOTA 00008124 2604;;383000.00;;383000.00;;;;;
13-45-95-40501;LUZ ANGELA OCAMPO ZAPATA CC3;;;;;;;;;
13-45-95-40501-2510A;CUOTA SI 2510;;;;;;;;;
13-45-95-40501-2510C;EXTRA SI 2510;;;;;;;;;
13-45-95-40501-2510D;RETRO SI 2510;;;;;;;;;
13-45-95-40501-2511A;CUOTA 00000125 2511;;;;;;;;;
13-45-95-40501-2511C;EXTRA 00000125 2511;;;;;;;;;
13-45-95-40501-2512A;CUOTA 00007484 2512;;;;;;;;;
13-45-95-40501-2512C;EXTRA 00007484 2512;;;;;;;;;
13-45-95-40501-2601A;CUOTA 00007644 2601;;;;;;;;;
13-45-95-40501-2601C;EXTRA 00007644 2601;;;;;;;;;
13-45-95-40501-2602A;CUOTA 00007805 2602;;;;;;;;;
13-45-95-40501-2602C;EXTRA 00007805 2602;;;;;;;;;
13-45-95-40501-2603A;CUOTA 00007965 2603;;;;;;;;;
13-45-95-40501-2603C;EXTRA 00007965 2603;;;;;;;;;
13-45-95-40501-2604A;CUOTA 00008125 2604;;383000.00;;383000.00;;;;;
13-45-95-40502;CATHERINE ACEVEDO GUEVARA;;;;;;;;;
13-45-95-40502-2510A;CUOTA SI 2510;;;;;;;;;
13-45-95-40502-2510B;INT SI ADMON;36231.00-;;;;36231.00;;;;
13-45-95-40502-2510C;EXTRA SI 2510;;;;;;;;;
13-45-95-40502-2510D;RETRO SI 2510;;;;;;;;;
13-45-95-40502-2511A;CUOTA 00000126 2511;;;;;;;;;
13-45-95-40502-2511B;INT.  00000126 2511;;;;;;;;;
13-45-95-40502-2511C;EXTRA 00000126 2511;;;;;;;;;
13-45-95-40502-2512A;CUOTA 00007485 2512;;;;;;;;;
13-45-95-40502-2512C;EXTRA 00007485 2512;;;;;;;;;
13-45-95-40502-2601A;CUOTA 00007645 2601;62864.00;;;62864.00;;;;;
13-45-95-40502-2601C;EXTRA 00007645 2601;;;;;;;;;
13-45-95-40502-2602A;CUOTA 00007806 2602;;;;;;;;;
13-45-95-40502-2602B;INT.  00007806 2602;;;;;;;;;
13-45-95-40502-2602C;EXTRA 00007806 2602;;;;;;;;;
13-45-95-40502-2603A;CUOTA 00007966 2603;383000.00;;;383000.00;;;;;
13-45-95-40502-2603B;INT.  00007966 2603;943.00;;;943.00;;;;;
13-45-95-40502-2603C;EXTRA 00007966 2603;30000.00;;;30000.00;;;;;
13-45-95-40502-2604A;CUOTA 00008126 2604;;383000.00;;383000.00;;;;;
13-45-95-40502-2604B;INT.  00008126 2604;;6688.00;;6688.00;;;;;
13-45-95-40503;DARIO GUERRERO SALAZAR;;;;;;;;;
13-45-95-40503-2510A;CUOTA SI 2510;;;;;;;;;
13-45-95-40503-2510C;EXTRA SI 2510;;;;;;;;;
13-45-95-40503-2510D;RETRO SI 2510;;;;;;;;;
13-45-95-40503-2511A;CUOTA 00000127 2511;;;;;;;;;
13-45-95-40503-2511C;EXTRA 00000127 2511;;;;;;;;;
13-45-95-40503-2512A;CUOTA 2512;;;;;;;;;
13-45-95-40503-2512C;EXTRA 00007486 2512;;;;;;;;;
13-45-95-40503-2601A;CUOTA 00007646 2601;;;;;;;;;
13-45-95-40503-2601C;EXTRA 00007646 2601;;;;;;;;;
13-45-95-40503-2602A;CUOTA 00007807 2602;;;;;;;;;
13-45-95-40503-2602C;EXTRA 00007807 2602;;;;;;;;;
13-45-95-40503-2603A;CUOTA 00007967 2603;;;;;;;;;
13-45-95-40503-2603C;EXTRA 00007967 2603;;;;;;;;;
13-45-95-40503-2604A;CUOTA 00008127 2604;;383000.00;;383000.00;;;;;
13-45-95-40504;HELVER GALINDO RIVAS;;;;;;;;;
13-45-95-40504-00007;CUENTA00007647 2601;;;;;;;;;
13-45-95-40504-2510A;CUOTA SI 2510;;;;;;;;;
13-45-95-40504-2510C;EXTRA SI 2510;;;;;;;;;
13-45-95-40504-2510D;RETRO SI 2510;;;;;;;;;
13-45-95-40504-2511A;CUOTA 00000128 2511;;;;;;;;;
13-45-95-40504-2511C;EXTRA 00000128 2511;;;;;;;;;
13-45-95-40504-2512A;CUOTA 00007487 2512;;;;;;;;;
13-45-95-40504-2512C;EXTRA 00007487 2512;;;;;;;;;
13-45-95-40504-2601A;CUOTA 00007647 2601;;;;;;;;;
13-45-95-40504-2601B;INT.  00007647 2601;;;;;;;;;
13-45-95-40504-2601C;EXTRA 00007647 2601;;;;;;;;;
13-45-95-40504-2602A;CUOTA 00007808 2602;;;;;;;;;
13-45-95-40504-2602C;EXTRA 00007808 2602;;;;;;;;;
13-45-95-40504-2603A;CUOTA 00007968 2603;;;;;;;;;
13-45-95-40504-2603C;EXTRA 00007968 2603;;;;;;;;;
13-45-95-40504-2604A;CUOTA 2604A;190649.00-;383000.00;;192351.00;;;;;
13-45-95-40601;JUAN JACOBO ACEVEDO AQUILE;;;;;;;;;
13-45-95-40601-2510A;CUOTA SI 2510;;;;;;;;;
13-45-95-40601-2510B;INT SI ADMON;;;;;;;;;
13-45-95-40601-2510C;EXTRA SI 2510;;;;;;;;;
13-45-95-40601-2510D;RETRO SI 2510;;;;;;;;;
13-45-95-40601-2511A;CUOTA 00000129 2511;;;;;;;;;
13-45-95-40601-2511B;INT.  00000129 2511;;;;;;;;;
13-45-95-40601-2511C;EXTRA 00000129 2511;;;;;;;;;
13-45-95-40601-2512A;INTERESES;;;;;;;;;
13-45-95-40601-2512B;INT.  00007488 2512;;;;;;;;;
13-45-95-40601-2512C;EXTRA 00007488 2512;;;;;;;;;
13-45-95-40601-2601A;CUOTA 00007648 2601;;;;;;;;;
13-45-95-40601-2601C;EXTRA 00007648 2601;;;;;;;;;
13-45-95-40601-2602A;CUOTA 00007809 2602;;;;;;;;;
13-45-95-40601-2602B;INT.  00007809 2602;;;;;;;;;
13-45-95-40601-2602C;EXTRA 00007809 2602;;;;;;;;;
13-45-95-40601-2603A;CUOTA 00007969 2603;161570.00;;;161570.00;;;;;
13-45-95-40601-2603B;INT.  00007969 2603;;;;;;;;;
13-45-95-40601-2603C;EXTRA 00007969 2603;;;;;;;;;
13-45-95-40601-2604A;CUOTA 00008129 2604;;383000.00;;383000.00;;;;;
13-45-95-40601-2604B;INT.  00008129 2604;;2424.00;;2424.00;;;;;
13-45-95-40602;ANDREA CAROLINA JARAMILLO BA;;;;;;;;;
13-45-95-40602-2510A;CUOTA SI 2510;;;;;;;;;
13-45-95-40602-2510B;INT SI ADMON;;;;;;;;;
13-45-95-40602-2510C;EXTRA SI 2510;;;;;;;;;
13-45-95-40602-2510D;RETRO SI 2510;;;;;;;;;
13-45-95-40602-2511A;CUOTA 00000130 2511;;;;;;;;;
13-45-95-40602-2511C;EXTRA 00000130 2511;;;;;;;;;
13-45-95-40602-2512A;CUOTA 00007489 2512;;;;;;;;;
13-45-95-40602-2512C;EXTRA 00007489 2512;;;;;;;;;
13-45-95-40602-2601A;CUOTA 00007649 2601;;;;;;;;;
13-45-95-40602-2601C;EXTRA 00007649 2601;;;;;;;;;
13-45-95-40602-2602A;CUOTA 00007810 2602;;;;;;;;;
13-45-95-40602-2602C;EXTRA 00007810 2602;;;;;;;;;
13-45-95-40602-2603A;CUOTA 00007970 2603;;;;;;;;;
13-45-95-40602-2603C;EXTRA 00007970 2603;;;;;;;;;
13-45-95-40602-2604A;CUOTA 2604A;3945.00-;383000.00;;379055.00;;;;;
13-45-95-40603;JULIETH EDITH GUZMAN;;;;;;;;;
13-45-95-40603-2510A;CUOTA SI 2510;;;;;;;;;
13-45-95-40603-2510B;INT SI ADMON;;;;;;;;;
13-45-95-40603-2510C;EXTRA SI 2510;;;;;;;;;
13-45-95-40603-2510D;RETRO SI 2510;;;;;;;;;
13-45-95-40603-2511A;CUOTA 00000131 2511;;;;;;;;;
13-45-95-40603-2511C;EXTRA 00000131 2511;;;;;;;;;
13-45-95-40603-2512A;CUOTA 00007490 2512;;;;;;;;;
13-45-95-40603-2512C;EXTRA 00007490 2512;;;;;;;;;
13-45-95-40603-2601A;CUOTA 00007650 2601;;;;;;;;;
13-45-95-40603-2601C;EXTRA 00007650 2601;;;;;;;;;
13-45-95-40603-2602A;CUOTA 00007811 2602;;;;;;;;;
13-45-95-40603-2602B;INT.  00007811 2602;;;;;;;;;
13-45-95-40603-2602C;EXTRA 00007811 2602;;;;;;;;;
13-45-95-40603-2603A;CUOTA 00007971 2603;;;;;;;;;
13-45-95-40603-2603C;EXTRA 00007971 2603;;;;;;;;;
13-45-95-40603-2604A;CUOTA 2604A;354714.00-;383000.00;;28286.00;;;;;
13-45-95-40604;LUIS GONZALO BECERRA;;;;;;;;;
13-45-95-40604-00007;CUENTA00007651 2601;;;;;;;;;
13-45-95-40604-2510A;CUOTA SI 2510;;;;;;;;;
13-45-95-40604-2510C;EXTRA SI 2510;;;;;;;;;
13-45-95-40604-2510D;RETRO SI 2510;;;;;;;;;
13-45-95-40604-2511A;CUOTA 00000132 2511;;;;;;;;;
13-45-95-40604-2511B;INT.  00000132 2511;;;;;;;;;
13-45-95-40604-2511C;EXTRA 00000132 2511;;;;;;;;;
13-45-95-40604-2512A;CUOTA 00007491 2512;;;;;;;;;
13-45-95-40604-2512B;INT.  00007491 2512;;;;;;;;;
13-45-95-40604-2512C;EXTRA 00007491 2512;;;;;;;;;
13-45-95-40604-2601A;CUOTA 00007651 2601;;;;;;;;;
13-45-95-40604-2601B;INT.  00007651 2601;;;;;;;;;
13-45-95-40604-2601C;EXTRA 00007651 2601;;;;;;;;;
13-45-95-40604-2602A;CUOTA 00007812 2602;;;;;;;;;
13-45-95-40604-2602C;EXTRA 00007812 2602;;;;;;;;;
13-45-95-40604-2603A;CUOTA 00007972 2603;;;;;;;;;
13-45-95-40604-2603C;EXTRA 00007972 2603;;;;;;;;;
13-45-95-40604-2604A;CUOTA 2604A;14229.00-;383000.00;;368771.00;;;;;
13-45-95-40701;LAURA KATHERINE FLOREZ DUQUE;;;;;;;;;
13-45-95-40701-2510A;CUOTA SI 2510;;;;;;;;;
13-45-95-40701-2510B;INT SI ADMON;;;;;;;;;
13-45-95-40701-2510C;EXTRA SI 2510;;;;;;;;;
13-45-95-40701-2510D;RETRO SI 2510;;;;;;;;;
13-45-95-40701-2511A;CUOTA 00000133 2511;;;;;;;;;
13-45-95-40701-2511C;EXTRA 00000133 2511;;;;;;;;;
13-45-95-40701-2512A;CUOTA 00007492 2512;;;;;;;;;
13-45-95-40701-2512C;EXTRA 00007492 2512;;;;;;;;;
13-45-95-40701-2601A;CUOTA 00007652 2601;;;;;;;;;
13-45-95-40701-2601C;EXTRA 00007652 2601;;;;;;;;;
13-45-95-40701-2602A;CUOTA 00007813 2602;;;;;;;;;
13-45-95-40701-2602C;EXTRA 00007813 2602;;;;;;;;;
13-45-95-40701-2603A;CUOTA 00007973 2603;;;;;;;;;
13-45-95-40701-2603B;INT.  00007973 2603;;;;;;;;;
13-45-95-40701-2603C;EXTRA 00007973 2603;;;;;;;;;
13-45-95-40701-2604A;CUOTA 00008133 2604;;383000.00;;383000.00;;;;;
13-45-95-40702;ALEJANDRO PEREA PRIMERO;;;;;;;;;
13-45-95-40702-2510A;CUOTA SI 2510;;;;;;;;;
13-45-95-40702-2510B;INT SI ADMON;;;;;;;;;
13-45-95-40702-2510C;EXTRA SI 2510;;;;;;;;;
13-45-95-40702-2510D;RETRO SI 2510;;;;;;;;;
13-45-95-40702-2511A;CUOTA 00000134 2511;;;;;;;;;
13-45-95-40702-2511C;EXTRA 00000134 2511;;;;;;;;;
13-45-95-40702-2512A;CUOTA 2512;;;;;;;;;
13-45-95-40702-2512C;EXTRA 00007493 2512;;;;;;;;;
13-45-95-40702-2601A;CUOTA 00007653 2601;;;;;;;;;
13-45-95-40702-2601C;EXTRA 00007653 2601;;;;;;;;;
13-45-95-40702-2602A;CUOTA 00007814 2602;35733.00;;;35733.00;;;;;
13-45-95-40702-2602C;EXTRA 00007814 2602;;;;;;;;;
13-45-95-40702-2603A;CUOTA 00007974 2603;383000.00;;;383000.00;;;;;
13-45-95-40702-2603B;INT.  00007974 2603;;;;;;;;;
13-45-95-40702-2603C;EXTRA 00007974 2603;;;;;;;;;
13-45-95-40702-2604A;CUOTA 00008134 2604;;383000.00;;383000.00;;;;;
13-45-95-40702-2604B;INT.  00008134 2604;;6281.00;;6281.00;;;;;
13-45-95-40703;JONATHAN ANDRES CASTRO VELAS;;;;;;;;;
13-45-95-40703-00007;CUENTA00007654 2601;;;;;;;;;
13-45-95-40703-2510A;CUOTA SI 2510;;;;;;;;;
13-45-95-40703-2510C;EXTRA SI 2510;;;;;;;;;
13-45-95-40703-2510D;RETRO SI 2510;;;;;;;;;
13-45-95-40703-2511A;CUOTA 00000135 2511;;;;;;;;;
13-45-95-40703-2511C;EXTRA 00000135 2511;;;;;;;;;
13-45-95-40703-2512A;CUOTA 00007494 2512;;;;;;;;;
13-45-95-40703-2512B;INT.  00007494 2512;;;;;;;;;
13-45-95-40703-2512C;EXTRA 00007494 2512;;;;;;;;;
13-45-95-40703-2601A;CUOTA 00007654 2601;;;;;;;;;
13-45-95-40703-2601B;INT.  00007654 2601;;;;;;;;;
13-45-95-40703-2601C;EXTRA 00007654 2601;;;;;;;;;
13-45-95-40703-2602A;CUOTA 00007815 2602;;;;;;;;;
13-45-95-40703-2602B;INT.  00007815 2602;;;;;;;;;
13-45-95-40703-2602C;EXTRA 00007815 2602;;;;;;;;;
13-45-95-40703-2603A;CUOTA 00007975 2603;378406.00;;;378406.00;;;;;
13-45-95-40703-2603B;INT.  00007975 2603;;;;;;;;;
13-45-95-40703-2603C;EXTRA 00007975 2603;;;;;;;;;
13-45-95-40703-2604A;CUOTA 00008135 2604;;383000.00;;383000.00;;;;;
13-45-95-40703-2604B;INT.  00008135 2604;;5676.00;;5676.00;;;;;
13-45-95-40704;PAOLA ROMERO MARTINEZ;;;;;;;;;
13-45-95-40704-2510A;CUOTA SI 2510;;;;;;;;;
13-45-95-40704-2510C;EXTRA SI 2510;;;;;;;;;
13-45-95-40704-2510D;RETRO SI 2510;;;;;;;;;
13-45-95-40704-2511A;CUOTA 00000136 2511;;;;;;;;;
13-45-95-40704-2511C;EXTRA 00000136 2511;;;;;;;;;
13-45-95-40704-2512A;CUOTA 00007495 2512;;;;;;;;;
13-45-95-40704-2512C;EXTRA 00007495 2512;;;;;;;;;
13-45-95-40704-2601A;CUOTA 00007655 2601;;;;;;;;;
13-45-95-40704-2601C;EXTRA 00007655 2601;;;;;;;;;
13-45-95-40704-2602A;CUOTA 00007816 2602;;;;;;;;;
13-45-95-40704-2602C;EXTRA 00007816 2602;;;;;;;;;
13-45-95-40704-2603A;CUOTA 00007976 2603;;;;;;;;;
13-45-95-40704-2603C;EXTRA 00007976 2603;;;;;;;;;
13-45-95-40704-2604A;CUOTA 00008136 2604;;383000.00;;383000.00;;;;;
13-45-95-50101;JOSE FERNEY ARCILA ESCOBAR;;;;;;;;;
13-45-95-50101-00007;CUENTA00007656 2601;;;;;;;;;
13-45-95-50101-2510A;CUOTA SI 2510;;;;;;;;;
13-45-95-50101-2510B;INT SI ADMON;;;;;;;;;
13-45-95-50101-2510C;EXTRA SI 2510;;;;;;;;;
13-45-95-50101-2510D;RETRO SI 2510;;;;;;;;;
13-45-95-50101-2511A;CUOTA 00000137 2511;;;;;;;;;
13-45-95-50101-2511B;INT.  00000137 2511;;;;;;;;;
13-45-95-50101-2511C;EXTRA 00000137 2511;;;;;;;;;
13-45-95-50101-2512A;CUOTA 2512;;;;;;;;;
13-45-95-50101-2512C;EXTRA 00007496 2512;;;;;;;;;
13-45-95-50101-2601A;CUOTA 00007656 2601;;;;;;;;;
13-45-95-50101-2601B;INT.  00007656 2601;;;;;;;;;
13-45-95-50101-2601C;EXTRA 00007656 2601;;;;;;;;;
13-45-95-50101-2602A;CUOTA 00007817 2602;;;;;;;;;
13-45-95-50101-2602B;INT.  00007817 2602;;;;;;;;;
13-45-95-50101-2602C;EXTRA 00007817 2602;;;;;;;;;
13-45-95-50101-2603A;CUOTA 00007977 2603;;;;;;;;;
13-45-95-50101-2603C;EXTRA 00007977 2603;;;;;;;;;
13-45-95-50101-2604A;CUOTA 2604A;15118.00-;383000.00;;367882.00;;;;;
13-45-95-50102;DIANA CAROLINA PAZ JARAMILLO;;;;;;;;;
13-45-95-50102-2510A;CUOTA SI 2510;;;;;;;;;
13-45-95-50102-2510B;INT SI ADMON;;;;;;;;;
13-45-95-50102-2510C;EXTRA SI 2510;;;;;;;;;
13-45-95-50102-2510D;RETRO SI 2510;;;;;;;;;
13-45-95-50102-2511A;CUOTA 00000138 2511;;;;;;;;;
13-45-95-50102-2511C;EXTRA 00000138 2511;;;;;;;;;
13-45-95-50102-2512A;CUOTA 2512;;;;;;;;;
13-45-95-50102-2512C;EXTRA 00007497 2512;;;;;;;;;
13-45-95-50102-2601A;CUOTA 00007657 2601;;;;;;;;;
13-45-95-50102-2601C;EXTRA 00007657 2601;;;;;;;;;
13-45-95-50102-2602A;CUOTA 00007818 2602;;;;;;;;;
13-45-95-50102-2602B;INT.  00007818 2602;;;;;;;;;
13-45-95-50102-2602C;EXTRA 00007818 2602;;;;;;;;;
13-45-95-50102-2603A;CUOTA 00007978 2603;197498.00;;;197498.00;;;;;
13-45-95-50102-2603B;INT.  00007978 2603;;;;;;;;;
13-45-95-50102-2603C;EXTRA 00007978 2603;;;;;;;;;
13-45-95-50102-2604A;CUOTA 00008138 2604;;383000.00;;383000.00;;;;;
13-45-95-50102-2604B;INT.  00008138 2604;;2962.00;;2962.00;;;;;
13-45-95-50103;JULIAN GIL ROZO;;;;;;;;;
13-45-95-50103-00007;CUENTA00007658 2601;;;;;;;;;
13-45-95-50103-2510A;CUOTA SI 2510;;;;;;;;;
13-45-95-50103-2510B;INT SI ADMON;;;;;;;;;
13-45-95-50103-2510C;EXTRA SI 2510;;;;;;;;;
13-45-95-50103-2510D;RETRO SI 2510;;;;;;;;;
13-45-95-50103-2511A;CUOTA 00000139 2511;;;;;;;;;
13-45-95-50103-2511B;INT.  00000139 2511;;;;;;;;;
13-45-95-50103-2511C;EXTRA 00000139 2511;;;;;;;;;
13-45-95-50103-2512A;CUOTA 00007498 2512;;;;;;;;;
13-45-95-50103-2512B;INT.  00007498 2512;;;;;;;;;
13-45-95-50103-2512C;EXTRA 00007498 2512;;;;;;;;;
13-45-95-50103-2601A;CUOTA 00007658 2601;;;;;;;;;
13-45-95-50103-2601B;INT.  00007658 2601;;;;;;;;;
13-45-95-50103-2601C;EXTRA 00007658 2601;;;;;;;;;
13-45-95-50103-2602A;CUOTA 00007819 2602;;;;;;;;;
13-45-95-50103-2602C;EXTRA 00007819 2602;;;;;;;;;
13-45-95-50103-2603A;CUOTA 00007979 2603;;;;;;;;;
13-45-95-50103-2603C;EXTRA 00007979 2603;;;;;;;;;
13-45-95-50103-2604A;CUOTA 2604A;413000.00-;383000.00;;;30000.00;;;;
13-45-95-50104;CRISTIAN ARMANDO ULLOA PLAZA;;;;;;;;;
13-45-95-50104-00007;CUENTA00007659 2601;;;;;;;;;
13-45-95-50104-2510A;CUOTA SI 2510;;;;;;;;;
13-45-95-50104-2510B;INT SI ADMON;;;;;;;;;
13-45-95-50104-2510C;EXTRA SI 2510;;;;;;;;;
13-45-95-50104-2510D;RETRO SI 2510;;;;;;;;;
13-45-95-50104-2511A;CUOTA 00000140 2511;;;;;;;;;
13-45-95-50104-2511C;EXTRA 00000140 2511;;;;;;;;;
13-45-95-50104-2512A;CUOTA 00007499 2512;;;;;;;;;
13-45-95-50104-2512B;INT.  00007499 2512;;;;;;;;;
13-45-95-50104-2512C;EXTRA 00007499 2512;;;;;;;;;
13-45-95-50104-2601A;CUOTA 00007659 2601;;;;;;;;;
13-45-95-50104-2601B;INT.  00007659 2601;;;;;;;;;
13-45-95-50104-2601C;EXTRA 00007659 2601;;;;;;;;;
13-45-95-50104-2602A;CUOTA 00007820 2602;;;;;;;;;
13-45-95-50104-2602B;INT.  00007820 2602;;;;;;;;;
13-45-95-50104-2602C;EXTRA 00007820 2602;;;;;;;;;
13-45-95-50104-2603A;CUOTA 00007980 2603;346882.00;;;346882.00;;;;;
13-45-95-50104-2603B;INT.  00007980 2603;;;;;;;;;
13-45-95-50104-2603C;EXTRA 00007980 2603;;;;;;;;;
13-45-95-50104-2604A;CUOTA 00008140 2604;;383000.00;;383000.00;;;;;
13-45-95-50104-2604B;INT.  00008140 2604;;5203.00;;5203.00;;;;;
13-45-95-50201;MYRIAM BARBOSA CORTES;;;;;;;;;
13-45-95-50201-2510A;CUOTA SI 2510;;;;;;;;;
13-45-95-50201-2510C;EXTRA SI 2510;;;;;;;;;
13-45-95-50201-2510D;RETRO SI 2510;;;;;;;;;
13-45-95-50201-2511A;CUOTA 00000141 2511;;;;;;;;;
13-45-95-50201-2511C;EXTRA 00000141 2511;;;;;;;;;
13-45-95-50201-2512A;CUOTA 2512;;;;;;;;;
13-45-95-50201-2512C;EXTRA 00007500 2512;;;;;;;;;
13-45-95-50201-2601A;CUOTA 00007660 2601;;;;;;;;;
13-45-95-50201-2601C;EXTRA 00007660 2601;;;;;;;;;
13-45-95-50201-2602A;CUOTA 00007821 2602;;;;;;;;;
13-45-95-50201-2602C;EXTRA 00007821 2602;;;;;;;;;
13-45-95-50201-2603A;CUOTA 00007981 2603;;;;;;;;;
13-45-95-50201-2603C;EXTRA 00007981 2603;;;;;;;;;
13-45-95-50201-2604A;CUOTA 2604A;3000.00-;383000.00;;380000.00;;;;;
13-45-95-50202;KELLY JOHANNA ESTUPIÑAN CERO;;;;;;;;;
13-45-95-50202-00007;CUENTA00007661 2601;;;;;;;;;
13-45-95-50202-2510A;CUOTA SI 2510;;;;;;;;;
13-45-95-50202-2510B;INT SI ADMON;;;;;;;;;
13-45-95-50202-2510C;EXTRA SI 2510;;;;;;;;;
13-45-95-50202-2510D;RETRO SI 2510;;;;;;;;;
13-45-95-50202-2511A;CUOTA 00000142 2511;;;;;;;;;
13-45-95-50202-2511B;INT.  00000142 2511;;;;;;;;;
13-45-95-50202-2511C;EXTRA 00000142 2511;;;;;;;;;
13-45-95-50202-2512A;CUOTA 00007501 2512;;;;;;;;;
13-45-95-50202-2512B;INT.  00007501 2512;;;;;;;;;
13-45-95-50202-2512C;EXTRA 00007501 2512;;;;;;;;;
13-45-95-50202-2601A;CUOTA 00007661 2601;383000.00;;;383000.00;;;;;
13-45-95-50202-2601B;INT.  00007661 2601;;;;;;;;;
13-45-95-50202-2601C;EXTRA 00007661 2601;;;;;;;;;
13-45-95-50202-2602A;CUOTA 00007822 2602;40384.00;;;40384.00;;;;;
13-45-95-50202-2602B;INT.  00007822 2602;;;;;;;;;
13-45-95-50202-2602C;EXTRA 00007822 2602;;;;;;;;;
13-45-95-50202-2603A;CUOTA 00007982 2603;383000.00;;;383000.00;;;;;
13-45-95-50202-2603B;INT.  00007982 2603;6351.00;;;6351.00;;;;;
13-45-95-50202-2603C;EXTRA 00007982 2603;30000.00;;;30000.00;;;;;
13-45-95-50202-2604A;CUOTA 00008142 2604;;383000.00;;383000.00;;;;;
13-45-95-50202-2604B;INT.  00008142 2604;;12096.00;;12096.00;;;;;
13-45-95-50203;ANDRES CAMILO DELGADO SABOGA;;;;;;;;;
13-45-95-50203-2510A;CUOTA SI 2510;;;;;;;;;
13-45-95-50203-2510B;INT SI ADMON;;;;;;;;;
13-45-95-50203-2510C;EXTRA SI 2510;;;;;;;;;
13-45-95-50203-2511A;CUOTA 00000143 2511;1588656.00-;;;;1588656.00;;;;
13-45-95-50203-2511C;EXTRA 00000143 2511;;;;;;;;;
13-45-95-50203-2512A;CUOTA 00007502 2512;;;;;;;;;
13-45-95-50203-2512B;INT.  00007502 2512;;;;;;;;;
13-45-95-50203-2512C;EXTRA 00007502 2512;;;;;;;;;
13-45-95-50203-2601A;CUOTA 00007662 2601;383000.00;;;383000.00;;;;;
13-45-95-50203-2601C;EXTRA 00007662 2601;30000.00;;;30000.00;;;;;
13-45-95-50203-2602A;CUOTA 00007823 2602;383000.00;;;383000.00;;;;;
13-45-95-50203-2602C;EXTRA 00007823 2602;30000.00;;;30000.00;;;;;
13-45-95-50203-2603A;CUOTA 00007983 2603;383000.00;;;383000.00;;;;;
13-45-95-50203-2603C;EXTRA 00007983 2603;30000.00;;;30000.00;;;;;
13-45-95-50203-2604A;CUOTA 00008143 2604;;383000.00;;383000.00;;;;;
13-45-95-50204;ALEXANDER JIMENEZ LOPEZ;;;;;;;;;
13-45-95-50204-2510A;CUOTA SI 2510;;;;;;;;;
13-45-95-50204-2510B;INT SI ADMON;;;;;;;;;
13-45-95-50204-2510C;EXTRA SI 2510;;;;;;;;;
13-45-95-50204-2510D;RETRO SI 2510;;;;;;;;;
13-45-95-50204-2511A;CUOTA 00000144 2511;;;;;;;;;
13-45-95-50204-2511B;INT.  00000144 2511;;;;;;;;;
13-45-95-50204-2511C;EXTRA 00000144 2511;;;;;;;;;
13-45-95-50204-2512A;CUOTA 00007503 2512;;;;;;;;;
13-45-95-50204-2512B;INT.  00007503 2512;;;;;;;;;
13-45-95-50204-2512C;EXTRA 00007503 2512;;;;;;;;;
13-45-95-50204-2601A;CUOTA 00007663 2601;;;;;;;;;
13-45-95-50204-2601C;EXTRA 00007663 2601;;;;;;;;;
13-45-95-50204-2602A;CUOTA 00007824 2602;;;;;;;;;
13-45-95-50204-2602C;EXTRA 00007824 2602;;;;;;;;;
13-45-95-50204-2603A;CUOTA 00007984 2603;;;;;;;;;
13-45-95-50204-2603C;EXTRA 00007984 2603;;;;;;;;;
13-45-95-50204-2604A;CUOTA 00008144 2604;;383000.00;;383000.00;;;;;
13-45-95-50301;ROBERT PARRA OCAMPO;;;;;;;;;
13-45-95-50301-00007;CUENTA00007664 2601;;;;;;;;;
13-45-95-50301-2510A;CUOTA SI 2510;;;;;;;;;
13-45-95-50301-2510B;INT SI ADMON;;;;;;;;;
13-45-95-50301-2510C;EXTRA SI 2510;;;;;;;;;
13-45-95-50301-2510D;RETRO SI 2510;;;;;;;;;
13-45-95-50301-2511A;CUOTA 00000145 2511;;;;;;;;;
13-45-95-50301-2511C;EXTRA 00000145 2511;;;;;;;;;
13-45-95-50301-2512A;CUOTA 00007504 2512;;;;;;;;;
13-45-95-50301-2512B;INT.  00007504 2512;;;;;;;;;
13-45-95-50301-2512C;EXTRA 00007504 2512;;;;;;;;;
13-45-95-50301-2601A;CUOTA 00007664 2601;;;;;;;;;
13-45-95-50301-2601B;INT.  00007664 2601;;;;;;;;;
13-45-95-50301-2601C;EXTRA 00007664 2601;;;;;;;;;
13-45-95-50301-2602A;CUOTA 00007825 2602;218647.00;;;218647.00;;;;;
13-45-95-50301-2602B;INT.  00007825 2602;;;;;;;;;
13-45-95-50301-2602C;EXTRA 00007825 2602;;;;;;;;;
13-45-95-50301-2603A;CUOTA 00007985 2603;383000.00;;;383000.00;;;;;
13-45-95-50301-2603B;INT.  00007985 2603;;;;;;;;;
13-45-95-50301-2603C;EXTRA 00007985 2603;;;;;;;;;
13-45-95-50301-2604A;CUOTA 00008145 2604;;383000.00;;383000.00;;;;;
13-45-95-50301-2604B;INT.  00008145 2604;;9025.00;;9025.00;;;;;
13-45-95-50302;FERNANDO ENRIQUE ARISTIZABAL;;;;;;;;;
13-45-95-50302-2510A;CUOTA SI 2510;;;;;;;;;
13-45-95-50302-2510C;EXTRA SI 2510;;;;;;;;;
13-45-95-50302-2510D;RETRO SI 2510;;;;;;;;;
13-45-95-50302-2511A;CUOTA 00000146 2511;;;;;;;;;
13-45-95-50302-2511C;EXTRA 00000146 2511;;;;;;;;;
13-45-95-50302-2512A;CUOTA 00007505 2512;;;;;;;;;
13-45-95-50302-2512B;INT.  00007505 2512;;;;;;;;;
13-45-95-50302-2512C;EXTRA 00007505 2512;;;;;;;;;
13-45-95-50302-2601A;CUOTA 00007665 2601;;;;;;;;;
13-45-95-50302-2601C;EXTRA 00007665 2601;;;;;;;;;
13-45-95-50302-2602A;CUOTA 00007826 2602;;;;;;;;;
13-45-95-50302-2602C;EXTRA 00007826 2602;;;;;;;;;
13-45-95-50302-2603A;CUOTA 00007986 2603;;;;;;;;;
13-45-95-50302-2603C;EXTRA 00007986 2603;;;;;;;;;
13-45-95-50302-2604A;CUOTA 00008146 2604;;383000.00;;383000.00;;;;;
13-45-95-50303;MARTHA CECILIA IZQUIERDO;;;;;;;;;
13-45-95-50303-00007;CUENTA00007666 2601;;;;;;;;;
13-45-95-50303-2510A;CUOTA SI 2510;;;;;;;;;
13-45-95-50303-2510B;INT SI ADMON;;;;;;;;;
13-45-95-50303-2510C;EXTRA SI 2510;;;;;;;;;
13-45-95-50303-2510D;RETRO SI 2510;;;;;;;;;
13-45-95-50303-2511A;CUOTA 00000147 2511;;;;;;;;;
13-45-95-50303-2511C;EXTRA 00000147 2511;;;;;;;;;
13-45-95-50303-2512A;CUOTA 00007506 2512;;;;;;;;;
13-45-95-50303-2512B;INT.  00007506 2512;;;;;;;;;
13-45-95-50303-2512C;EXTRA 00007506 2512;;;;;;;;;
13-45-95-50303-2601A;CUOTA 00007666 2601;27002.00-;;;;27002.00;;;;
13-45-95-50303-2601B;INT.  00007666 2601;;;;;;;;;
13-45-95-50303-2601C;EXTRA 00007666 2601;;;;;;;;;
13-45-95-50303-2602A;CUOTA 00007827 2602;383000.00;;;383000.00;;;;;
13-45-95-50303-2602C;EXTRA 00007827 2602;30000.00;;;30000.00;;;;;
13-45-95-50303-2603A;CUOTA 00007987 2603;383000.00;;;383000.00;;;;;
13-45-95-50303-2603B;INT.  00007987 2603;5340.00;;;5340.00;;;;;
13-45-95-50303-2603C;EXTRA 00007987 2603;30000.00;;;30000.00;;;;;
13-45-95-50303-2604A;CUOTA 00008147 2604;;383000.00;;383000.00;;;;;
13-45-95-50303-2604B;INT.  00008147 2604;;11085.00;;11085.00;;;;;
13-45-95-50304;ARAGON GARCIA MARTHA CECILIA;;;;;;;;;
13-45-95-50304-2510A;CUOTA SI 2510;;;;;;;;;
13-45-95-50304-2510C;EXTRA SI 2510;;;;;;;;;
13-45-95-50304-2510D;RETRO SI 2510;;;;;;;;;
13-45-95-50304-2511A;CUOTA 00000148 2511;;;;;;;;;
13-45-95-50304-2511C;EXTRA 00000148 2511;;;;;;;;;
13-45-95-50304-2512A;CUOTA 00007507 2512;;;;;;;;;
13-45-95-50304-2512C;EXTRA 00007507 2512;;;;;;;;;
13-45-95-50304-2601A;CUOTA 00007667 2601;;;;;;;;;
13-45-95-50304-2601C;EXTRA 00007667 2601;;;;;;;;;
13-45-95-50304-2602A;CUOTA 00007828 2602;;;;;;;;;
13-45-95-50304-2602C;EXTRA 00007828 2602;;;;;;;;;
13-45-95-50304-2603A;CUOTA 00007988 2603;;;;;;;;;
13-45-95-50304-2603C;EXTRA 00007988 2603;;;;;;;;;
13-45-95-50304-2604A;CUOTA 00008148 2604;;383000.00;;383000.00;;;;;
13-45-95-50401;SANDRA MILENA MENDEZ;;;;;;;;;
13-45-95-50401-2510A;CUOTA SI 2510;;;;;;;;;
13-45-95-50401-2510C;EXTRA SI 2510;;;;;;;;;
13-45-95-50401-2510D;RETRO SI 2510;;;;;;;;;
13-45-95-50401-2511A;CUOTA 00000149 2511;;;;;;;;;
13-45-95-50401-2511C;EXTRA 00000149 2511;;;;;;;;;
13-45-95-50401-2512A;CUOTA 00007508 2512;;;;;;;;;
13-45-95-50401-2512C;EXTRA 00007508 2512;;;;;;;;;
13-45-95-50401-2601A;CUOTA 00007668 2601;;;;;;;;;
13-45-95-50401-2601C;EXTRA 00007668 2601;;;;;;;;;
13-45-95-50401-2602A;CUOTA 00007829 2602;;;;;;;;;
13-45-95-50401-2602C;EXTRA 00007829 2602;;;;;;;;;
13-45-95-50401-2603A;CUOTA 00007989 2603;;;;;;;;;
13-45-95-50401-2603C;EXTRA 00007989 2603;;;;;;;;;
13-45-95-50401-2604A;CUOTA 00008149 2604;;383000.00;;383000.00;;;;;
13-45-95-50402;FLOR ALBA SALAZAR;;;;;;;;;
13-45-95-50402-00007;CUENTA00007669 2601;;;;;;;;;
13-45-95-50402-2510A;CUOTA SI 2510;;;;;;;;;
13-45-95-50402-2510B;INT SI ADMON;;;;;;;;;
13-45-95-50402-2510C;EXTRA SI 2510;;;;;;;;;
13-45-95-50402-2510D;RETRO SI 2510;;;;;;;;;
13-45-95-50402-2511A;CUOTA 00000150 2511;;;;;;;;;
13-45-95-50402-2511C;EXTRA 00000150 2511;;;;;;;;;
13-45-95-50402-2512A;CUOTA 00007509 2512;;;;;;;;;
13-45-95-50402-2512B;INT.  00007509 2512;;;;;;;;;
13-45-95-50402-2512C;EXTRA 00007509 2512;;;;;;;;;
13-45-95-50402-2601A;CUOTA 00007669 2601;;;;;;;;;
13-45-95-50402-2601B;INT.  00007669 2601;;;;;;;;;
13-45-95-50402-2601C;EXTRA 00007669 2601;;;;;;;;;
13-45-95-50402-2602A;CUOTA 00007830 2602;3902.00;;;3902.00;;;;;
13-45-95-50402-2602C;EXTRA 00007830 2602;;;;;;;;;
13-45-95-50402-2603A;CUOTA 00007990 2603;383000.00;;;383000.00;;;;;
13-45-95-50402-2603B;INT.  00007990 2603;;;;;;;;;
13-45-95-50402-2603C;EXTRA 00007990 2603;;;;;;;;;
13-45-95-50402-2604A;CUOTA 00008150 2604;;383000.00;;383000.00;;;;;
13-45-95-50402-2604B;INT.  00008150 2604;;5804.00;;5804.00;;;;;
13-45-95-50403;LILIANA PATRICIACHICA GUTIER;;;;;;;;;
13-45-95-50403-2510A;CUOTA SI 2510;;;;;;;;;
13-45-95-50403-2510B;INT SI ADMON;;;;;;;;;
13-45-95-50403-2510C;EXTRA SI 2510;;;;;;;;;
13-45-95-50403-2510D;RETRO SI 2510;;;;;;;;;
13-45-95-50403-2511A;CUOTA 00000151 2511;;;;;;;;;
13-45-95-50403-2511C;EXTRA 00000151 2511;;;;;;;;;
13-45-95-50403-2512A;CUOTA 00007510 2512;;;;;;;;;
13-45-95-50403-2512C;EXTRA 00007510 2512;;;;;;;;;
13-45-95-50403-2601A;CUOTA 00007670 2601;72801.00;;;72801.00;;;;;
13-45-95-50403-2601C;EXTRA 00007670 2601;;;;;;;;;
13-45-95-50403-2602A;CUOTA 00007831 2602;383000.00;;;383000.00;;;;;
13-45-95-50403-2602B;INT.  00007831 2602;1092.00;;;1092.00;;;;;
13-45-95-50403-2602C;EXTRA 00007831 2602;30000.00;;;30000.00;;;;;
13-45-95-50403-2603A;CUOTA 00007991 2603;383000.00;;;383000.00;;;;;
13-45-95-50403-2603B;INT.  00007991 2603;6837.00;;;6837.00;;;;;
13-45-95-50403-2603C;EXTRA 00007991 2603;30000.00;;;30000.00;;;;;
13-45-95-50403-2604A;CUOTA 00008151 2604;;383000.00;;383000.00;;;;;
13-45-95-50403-2604B;INT.  00008151 2604;;12582.00;;12582.00;;;;;
13-45-95-50404;VICTOR FELIPE ROJAS SINISTER;;;;;;;;;
13-45-95-50404-00007;CUENTA00007671 2601;;;;;;;;;
13-45-95-50404-2510A;CUOTA SI 2510;;;;;;;;;
13-45-95-50404-2510B;INT SI ADMON;;;;;;;;;
13-45-95-50404-2510C;EXTRA SI 2510;;;;;;;;;
13-45-95-50404-2510D;RETRO SI 2510;;;;;;;;;
13-45-95-50404-2511A;CUOTA 00000152 2511;;;;;;;;;
13-45-95-50404-2511B;INT.  00000152 2511;;;;;;;;;
13-45-95-50404-2511C;EXTRA 00000152 2511;;;;;;;;;
13-45-95-50404-2512A;CUOTA 00007511 2512;;;;;;;;;
13-45-95-50404-2512B;INT.  00007511 2512;;;;;;;;;
13-45-95-50404-2512C;EXTRA 00007511 2512;;;;;;;;;
13-45-95-50404-2601A;CUOTA 00007671 2601;;;;;;;;;
13-45-95-50404-2601B;INT.  00007671 2601;;;;;;;;;
13-45-95-50404-2601C;EXTRA 00007671 2601;;;;;;;;;
13-45-95-50404-2602A;CUOTA 00007832 2602;;;;;;;;;
13-45-95-50404-2602B;INT.  00007832 2602;;;;;;;;;
13-45-95-50404-2602C;EXTRA 00007832 2602;;;;;;;;;
13-45-95-50404-2603A;CUOTA 00007992 2603;270806.00;;;270806.00;;;;;
13-45-95-50404-2603B;INT.  00007992 2603;;;;;;;;;
13-45-95-50404-2603C;EXTRA 00007992 2603;;;;;;;;;
13-45-95-50404-2604A;CUOTA 00008152 2604;;383000.00;;383000.00;;;;;
13-45-95-50404-2604B;INT.  00008152 2604;;4062.00;;4062.00;;;;;
13-45-95-50501;GLADYS RUBIO BOTERO;;;;;;;;;
13-45-95-50501-00007;CUENTA00007672 2601;;;;;;;;;
13-45-95-50501-2510A;CUOTA SI 2510;;;;;;;;;
13-45-95-50501-2510B;INT SI ADMON;;;;;;;;;
13-45-95-50501-2510C;EXTRA SI 2510;;;;;;;;;
13-45-95-50501-2510D;RETRO SI 2510;;;;;;;;;
13-45-95-50501-2511A;CUOTA 00000153 2511;;;;;;;;;
13-45-95-50501-2511B;INT.  00000153 2511;;;;;;;;;
13-45-95-50501-2511C;EXTRA 00000153 2511;;;;;;;;;
13-45-95-50501-2512A;CUOTA 00007512 2512;;;;;;;;;
13-45-95-50501-2512B;INT.  00007512 2512;;;;;;;;;
13-45-95-50501-2512C;EXTRA 00007512 2512;;;;;;;;;
13-45-95-50501-2601A;CUOTA 00007672 2601;;;;;;;;;
13-45-95-50501-2601B;INT.  00007672 2601;;;;;;;;;
13-45-95-50501-2601C;EXTRA 00007672 2601;;;;;;;;;
13-45-95-50501-2602A;CUOTA 00007833 2602;359804.00;;;359804.00;;;;;
13-45-95-50501-2602B;INT.  00007833 2602;;;;;;;;;
13-45-95-50501-2602C;EXTRA 00007833 2602;;;;;;;;;
13-45-95-50501-2603A;CUOTA 00007993 2603;383000.00;;;383000.00;;;;;
13-45-95-50501-2603B;INT.  00007993 2603;;;;;;;;;
13-45-95-50501-2603C;EXTRA 00007993 2603;;;;;;;;;
13-45-95-50501-2604A;CUOTA 00008153 2604;;383000.00;;383000.00;;;;;
13-45-95-50501-2604B;INT.  00008153 2604;;11142.00;;11142.00;;;;;
13-45-95-50502;PABLO ENRIQUE LENIS TORRES;;;;;;;;;
13-45-95-50502-00007;CUENTA00007673 2601;;;;;;;;;
13-45-95-50502-2510A;CUOTA SI 2510;;;;;;;;;
13-45-95-50502-2510B;INT SI ADMON;;;;;;;;;
13-45-95-50502-2510C;EXTRA SI 2510;;;;;;;;;
13-45-95-50502-2510D;RETRO SI 2510;;;;;;;;;
13-45-95-50502-2511A;CUOTA 00000154 2511;;;;;;;;;
13-45-95-50502-2511C;EXTRA 00000154 2511;;;;;;;;;
13-45-95-50502-2512A;CUOTA 00007513 2512;;;;;;;;;
13-45-95-50502-2512C;EXTRA 00007513 2512;;;;;;;;;
13-45-95-50502-2601A;CUOTA 00007673 2601;;;;;;;;;
13-45-95-50502-2601B;INT.  00007673 2601;;;;;;;;;
13-45-95-50502-2601C;EXTRA 00007673 2601;;;;;;;;;
13-45-95-50502-2602A;CUOTA 00007834 2602;;;;;;;;;
13-45-95-50502-2602B;INT.  00007834 2602;;;;;;;;;
13-45-95-50502-2602C;EXTRA 00007834 2602;;;;;;;;;
13-45-95-50502-2603A;CUOTA 00007994 2603;281550.00;;;281550.00;;;;;
13-45-95-50502-2603B;INT.  00007994 2603;;;;;;;;;
13-45-95-50502-2603C;EXTRA 00007994 2603;;;;;;;;;
13-45-95-50502-2604A;CUOTA 00008154 2604;;383000.00;;383000.00;;;;;
13-45-95-50502-2604B;INT.  00008154 2604;;4223.00;;4223.00;;;;;
13-45-95-50503;DIANA  CAROLINA SANCHEZ OSPI;;;;;;;;;
13-45-95-50503-2510A;CUOTA SI 2510;;;;;;;;;
13-45-95-50503-2510B;INT SI ADMON;;;;;;;;;
13-45-95-50503-2510C;EXTRA SI 2510;;;;;;;;;
13-45-95-50503-2510D;RETRO SI 2510;;;;;;;;;
13-45-95-50503-2511A;CUOTA 00000155 2511;;;;;;;;;
13-45-95-50503-2511C;EXTRA 00000155 2511;;;;;;;;;
13-45-95-50503-2512A;CUOTA 00007514 2512;;;;;;;;;
13-45-95-50503-2512C;EXTRA 00007514 2512;;;;;;;;;
13-45-95-50503-2601A;CUOTA 00007674 2601;;;;;;;;;
13-45-95-50503-2601C;EXTRA 00007674 2601;;;;;;;;;
13-45-95-50503-2602A;CUOTA 00007835 2602;;;;;;;;;
13-45-95-50503-2602C;EXTRA 00007835 2602;;;;;;;;;
13-45-95-50503-2603A;CUOTA 00007995 2603;;;;;;;;;
13-45-95-50503-2603C;EXTRA 00007995 2603;;;;;;;;;
13-45-95-50503-2604A;CUOTA 00008155 2604;;383000.00;;383000.00;;;;;
13-45-95-50504;BERTHA ELISA GUERRERO FONSEC;;;;;;;;;
13-45-95-50504-2510A;CUOTA SI 2510;;;;;;;;;
13-45-95-50504-2510B;INT SI ADMON;;;;;;;;;
13-45-95-50504-2510C;EXTRA SI 2510;;;;;;;;;
13-45-95-50504-2510D;RETRO SI 2510;;;;;;;;;
13-45-95-50504-2511A;CUOTA 00000156 2511;;;;;;;;;
13-45-95-50504-2511C;EXTRA 00000156 2511;;;;;;;;;
13-45-95-50504-2512A;CUOTA 00007515 2512;;;;;;;;;
13-45-95-50504-2512C;EXTRA 00007515 2512;;;;;;;;;
13-45-95-50504-2601A;CUOTA 00007675 2601;;;;;;;;;
13-45-95-50504-2601C;EXTRA 00007675 2601;;;;;;;;;
13-45-95-50504-2602A;CUOTA 00007836 2602;;;;;;;;;
13-45-95-50504-2602C;EXTRA 00007836 2602;;;;;;;;;
13-45-95-50504-2603A;CUOTA 00007996 2603;;;;;;;;;
13-45-95-50504-2603C;EXTRA 00007996 2603;;;;;;;;;
13-45-95-50504-2604A;CUOTA 00008156 2604;;383000.00;;383000.00;;;;;
13-45-95-50601;JUAN DAVID CASTRO RUIZ;;;;;;;;;
13-45-95-50601-00007;CUENTA00007676 2601;;;;;;;;;
13-45-95-50601-2510A;CUOTA SI 2510;;;;;;;;;
13-45-95-50601-2510B;INT SI ADMON;;;;;;;;;
13-45-95-50601-2510C;EXTRA SI 2510;;;;;;;;;
13-45-95-50601-2510D;RETRO SI 2510;;;;;;;;;
13-45-95-50601-2511A;CUOTA 00000157 2511;;;;;;;;;
13-45-95-50601-2511C;EXTRA 00000157 2511;;;;;;;;;
13-45-95-50601-2512A;CUOTA 2512;;;;;;;;;
13-45-95-50601-2512C;EXTRA 00007516 2512;;;;;;;;;
13-45-95-50601-2601A;CUOTA 00007676 2601;;;;;;;;;
13-45-95-50601-2601B;INT.  00007676 2601;;;;;;;;;
13-45-95-50601-2601C;EXTRA 00007676 2601;;;;;;;;;
13-45-95-50601-2602A;CUOTA 00007837 2602;103553.00;;;103553.00;;;;;
13-45-95-50601-2602B;INT.  00007837 2602;;;;;;;;;
13-45-95-50601-2602C;EXTRA 00007837 2602;;;;;;;;;
13-45-95-50601-2603A;CUOTA 00007997 2603;383000.00;;;383000.00;;;;;
13-45-95-50601-2603B;INT.  00007997 2603;;;;;;;;;
13-45-95-50601-2603C;EXTRA 00007997 2603;;;;;;;;;
13-45-95-50601-2604A;CUOTA 00008157 2604;;383000.00;;383000.00;;;;;
13-45-95-50601-2604B;INT.  00008157 2604;;7298.00;;7298.00;;;;;
13-45-95-50602;DIEGO ANDRES GUZMAN ALVAREZ;;;;;;;;;
13-45-95-50602-2510A;CUOTA SI 2510;;;;;;;;;
13-45-95-50602-2510B;INT SI ADMON;;;;;;;;;
13-45-95-50602-2510C;EXTRA SI 2510;;;;;;;;;
13-45-95-50602-2510D;RETRO SI 2510;;;;;;;;;
13-45-95-50602-2511A;CUOTA 00000158 2511;;;;;;;;;
13-45-95-50602-2511C;EXTRA 00000158 2511;;;;;;;;;
13-45-95-50602-2512A;CUOTA 00007517 2512;;;;;;;;;
13-45-95-50602-2512B;INT.  00007517 2512;;;;;;;;;
13-45-95-50602-2512C;EXTRA 00007517 2512;;;;;;;;;
13-45-95-50602-2601A;CUOTA 00007677 2601;;;;;;;;;
13-45-95-50602-2601C;EXTRA 00007677 2601;;;;;;;;;
13-45-95-50602-2602A;CUOTA 00007838 2602;;;;;;;;;
13-45-95-50602-2602C;EXTRA 00007838 2602;;;;;;;;;
13-45-95-50602-2603A;CUOTA 00007998 2603;;;;;;;;;
13-45-95-50602-2603C;EXTRA 00007998 2603;;;;;;;;;
13-45-95-50602-2604A;CUOTA 2604A;7455.00-;383000.00;;375545.00;;;;;
13-45-95-50603;CIELO LOPEZ RAMIREZ;;;;;;;;;
13-45-95-50603-00007;CUENTA00007678 2601;;;;;;;;;
13-45-95-50603-2510A;CUOTA SI 2510;3373453.00;;;3373453.00;;;;;
13-45-95-50603-2510B;INT SI ADMON;;;;;;;;;
13-45-95-50603-2510C;EXTRA SI 2510;;;;;;;;;
13-45-95-50603-2510D;RETRO SI 2510;;;;;;;;;
13-45-95-50603-2510E;MULTA SI 2510;;;;;;;;;
13-45-95-50603-2511A;CUOTA 00000159 2511;311500.00;;;311500.00;;;;;
13-45-95-50603-2511B;INT.  00000159 2511;56220.00;;;56220.00;;;;;
13-45-95-50603-2511C;EXTRA 00000159 2511;30000.00;;;30000.00;;;;;
13-45-95-50603-2511f;GASTOS JURIDICOS;35000.00;;;35000.00;;;;;
13-45-95-50603-2512A;CUOTA 00007518 2512;311500.00;;;311500.00;;;;;
13-45-95-50603-2512B;INT.  00007518 2512;75913.00;;;75913.00;;;;;
13-45-95-50603-2512C;EXTRA 00007518 2512;30000.00;;;30000.00;;;;;
13-45-95-50603-2512F;GASTOS JURIDICOS;420000.00;;;420000.00;;;;;
13-45-95-50603-2601A;CUOTA 00007678 2601;383000.00;;;383000.00;;;;;
13-45-95-50603-2601B;INT.  00007678 2601;64447.00;;;64447.00;;;;;
13-45-95-50603-2601C;EXTRA 00007678 2601;30000.00;;;30000.00;;;;;
13-45-95-50603-2602A;CUOTA 00007839 2602;383000.00;;;383000.00;;;;;
13-45-95-50603-2602B;INT.  00007839 2602;70192.00;;;70192.00;;;;;
13-45-95-50603-2602C;EXTRA 00007839 2602;30000.00;;;30000.00;;;;;
13-45-95-50603-2603A;CUOTA 00007999 2603;383000.00;;;383000.00;;;;;
13-45-95-50603-2603B;INT.  00007999 2603;71437.00;;;71437.00;;;;;
13-45-95-50603-2603C;EXTRA 00007999 2603;30000.00;;;30000.00;;;;;
13-45-95-50603-2604A;CUOTA 00008159 2604;;383000.00;;383000.00;;;;;
13-45-95-50603-2604B;INT.  00008159 2604;;77182.00;;77182.00;;;;;
13-45-95-50604;ANDRES FELIPE HURTADO GIRALD;;;;;;;;;
13-45-95-50604-2510A;CUOTA SI 2510;;;;;;;;;
13-45-95-50604-2510B;INT SI ADMON;;;;;;;;;
13-45-95-50604-2510C;EXTRA SI 2510;;;;;;;;;
13-45-95-50604-2510D;RETRO SI 2510;;;;;;;;;
13-45-95-50604-2511A;CUOTA 00000160 2511;;;;;;;;;
13-45-95-50604-2511B;INT.  00000160 2511;;;;;;;;;
13-45-95-50604-2511C;EXTRA 00000160 2511;;;;;;;;;
13-45-95-50604-2512A;CUOTA 00007519 2512;;;;;;;;;
13-45-95-50604-2512B;INT.  00007519 2512;;;;;;;;;
13-45-95-50604-2512C;EXTRA 00007519 2512;;;;;;;;;
13-45-95-50604-2601A;CUOTA 00007679 2601;;;;;;;;;
13-45-95-50604-2601C;EXTRA 00007679 2601;;;;;;;;;
13-45-95-50604-2602A;CUOTA 00007840 2602;41490.00;;;41490.00;;;;;
13-45-95-50604-2602B;INT.  00007840 2602;;;;;;;;;
13-45-95-50604-2602C;EXTRA 00007840 2602;;;;;;;;;
13-45-95-50604-2603A;CUOTA 00008000 2603;383000.00;;;383000.00;;;;;
13-45-95-50604-2603B;INT.  00008000 2603;;;;;;;;;
13-45-95-50604-2603C;EXTRA 00008000 2603;;;;;;;;;
13-45-95-50604-2604A;CUOTA 00008160 2604;;383000.00;;383000.00;;;;;
13-45-95-50604-2604B;INT.  00008160 2604;;6367.00;;6367.00;;;;;

 * FIN *
