codigo,nombre,tipo,naturaleza,nivel,codigo_padre,requiere_tercero,activa
1,ACTIVO,1,debit,1,,No,Si
11,DISPONIBLE,1,debit,2,1,No,Si
1105,CAJA,1,debit,3,11,No,Si
110505,CAJA GENERAL,1,debit,4,1105,No,Si
11050501,Caja General,1,debit,5,110505,Si,Si
110510,CAJAS MENORES,1,debit,4,1105,No,Si
11051001,Cajas Menores,1,debit,5,110510,Si,Si
110515,MONEDA EXTRANJERA,1,debit,4,1105,No,Si
11051501,Moneda Extranjera,1,debit,5,110515,Si,Si
1110,BANCOS,1,debit,3,11,No,Si
111005,MONEDA NACIONAL,1,debit,4,1110,No,Si
11100501,Moneda Nacional,1,debit,5,111005,Si,Si
111010,MONEDA EXTRANJERA,1,debit,4,1110,No,Si
11101001,Moneda Extranjera,1,debit,5,111010,Si,Si
1115,REMESAS EN TRANSITO,1,debit,3,11,No,Si
111505,MONEDA NACIONAL,1,debit,4,1115,No,Si
11150501,Moneda Nacional,1,debit,5,111505,Si,Si
111510,MONEDA EXTRANJERA,1,debit,4,1115,No,Si
11151001,Moneda Extranjera,1,debit,5,111510,Si,Si
1120,CUENTAS DE AHORRO,1,debit,3,11,No,Si
112005,BANCOS,1,debit,4,1120,No,Si
11200501,Bancos,1,debit,5,112005,Si,Si
112010,CORPORACIONES DE AHORRO Y VIVIENDA,1,debit,4,1120,No,Si
11201001,Corporaciones De Ahorro Y Vivienda,1,debit,5,112010,Si,Si
112015,ORGANISMOS COOPERATIVOS FINANCIEROS,1,debit,4,1120,No,Si
11201501,Organismos Cooperativos Financieros,1,debit,5,112015,Si,Si
1125,FONDOS,1,debit,3,11,No,Si
112505,ROTATORIOS MONEDA NACIONAL,1,debit,4,1125,No,Si
11250501,Rotatorios Moneda Nacional,1,debit,5,112505,Si,Si
112510,ROTATORIOS MONEDA EXTRANJERA,1,debit,4,1125,No,Si
11251001,Rotatorios Moneda Extranjera,1,debit,5,112510,Si,Si
112515,ESPECIALES MONEDA NACIONAL,1,debit,4,1125,No,Si
11251501,Especiales Moneda Nacional,1,debit,5,112515,Si,Si
112520,ESPECIALES MONEDA EXTRANJERA,1,debit,4,1125,No,Si
11252001,Especiales Moneda Extranjera,1,debit,5,112520,Si,Si
112525,DE AMORTIZACION MONEDA NACIONAL,1,debit,4,1125,No,Si
11252501,De Amortizacion Moneda Nacional,1,debit,5,112525,Si,Si
112530,DE AMORTIZACION MONEDA EXTRANJERA,1,debit,4,1125,No,Si
11253001,De Amortizacion Moneda Extranjera,1,debit,5,112530,Si,Si
12,INVERSIONES,1,debit,2,1,No,Si
1205,ACCIONES,1,debit,3,12,No,Si
1210,CUOTAS O PARTES DE INTERES SOCIAL,1,debit,3,12,No,Si
1215,BONOS,1,debit,3,12,No,Si
1220,CEDULAS,1,debit,3,12,No,Si
1225,CERTIFICADOS,1,debit,3,12,No,Si
1230,PAPELES COMERCIALES,1,debit,3,12,No,Si
1235,TITULOS,1,debit,3,12,No,Si
1240,ACEPTACIONES BANCARIAS O FINANCIERAS,1,debit,3,12,No,Si
1245,DERECHOS FIDUCIARIOS,1,debit,3,12,No,Si
1250,DERECHOS DE RECOMPRA DE INVERSIONES NEGOCIADAS (REPOS),1,debit,3,12,No,Si
1255,OBLIGATORIAS,1,debit,3,12,No,Si
1260,CUENTAS EN PARTICIPACION,1,debit,3,12,No,Si
1295,OTRAS INVERSIONES,1,debit,3,12,No,Si
1299,PROVISIONES,1,debit,3,12,No,Si
13,DEUDORES,1,debit,2,1,No,Si
1305,CLIENTES,1,debit,3,13,No,Si
130505,NACIONALES,1,debit,4,1305,No,Si
13050501,Nacionales,1,debit,5,130505,Si,Si
130510,DEL EXTERIOR,1,debit,4,1305,No,Si
13051001,Del Exterior,1,debit,5,130510,Si,Si
130515,DEUDORES DEL SISTEMA,1,debit,4,1305,No,Si
13051501,Deudores Del Sistema,1,debit,5,130515,Si,Si
1310,CUENTAS CORRIENTES COMERCIALES,1,debit,3,13,No,Si
131005,CASA MATRIZ,1,debit,4,1310,No,Si
13100501,Casa Matriz,1,debit,5,131005,Si,Si
131010,COMPAÑIAS VINCULADAS,1,debit,4,1310,No,Si
13101001,Compañias Vinculadas,1,debit,5,131010,Si,Si
131015,ACCIONISTAS O SOCIOS,1,debit,4,1310,No,Si
13101501,Accionistas O Socios,1,debit,5,131015,Si,Si
131020,PARTICULARES,1,debit,4,1310,No,Si
13102001,Particulares,1,debit,5,131020,Si,Si
131095,OTRAS,1,debit,4,1310,No,Si
13109501,Otras,1,debit,5,131095,Si,Si
1315,CUENTAS POR COBRAR A CASA MATRIZ,1,debit,3,13,No,Si
131505,VENTAS,1,debit,4,1315,No,Si
13150501,Ventas,1,debit,5,131505,Si,Si
131510,PAGOS A NOMBRE DE CASA MATRIZ,1,debit,4,1315,No,Si
13151001,Pagos A Nombre De Casa Matriz,1,debit,5,131510,Si,Si
131515,VALORES RECIBIDOS POR CASA MATRIZ,1,debit,4,1315,No,Si
13151501,Valores Recibidos Por Casa Matriz,1,debit,5,131515,Si,Si
131520,PRESTAMOS,1,debit,4,1315,No,Si
13152001,Prestamos,1,debit,5,131520,Si,Si
1320,CUENTAS POR COBRAR A VINCULADOS ECONOMICOS,1,debit,3,13,No,Si
132005,FILIALES,1,debit,4,1320,No,Si
13200501,Filiales,1,debit,5,132005,Si,Si
132010,SUBSIDIARIAS,1,debit,4,1320,No,Si
13201001,Subsidiarias,1,debit,5,132010,Si,Si
132015,SUCURSALES,1,debit,4,1320,No,Si
13201501,Sucursales,1,debit,5,132015,Si,Si
1323,CUENTAS POR COBRAR A DIRECTORES,1,debit,3,13,No,Si
1325,CUENTAS POR COBRAR A SOCIOS Y ACCIONISTAS,1,debit,3,13,No,Si
132505,A SOCIOS,1,debit,4,1325,No,Si
13250501,A Socios,1,debit,5,132505,Si,Si
132510,A ACCIONISTAS,1,debit,4,1325,No,Si
13251001,A Accionistas,1,debit,5,132510,Si,Si
1328,APORTES POR COBRAR,1,debit,3,13,No,Si
1330,ANTICIPOS Y AVANCES,1,debit,3,13,No,Si
133005,A PROVEEDORES,1,debit,4,1330,No,Si
13300501,A Proveedores,1,debit,5,133005,Si,Si
133010,A CONTRATISTAS,1,debit,4,1330,No,Si
13301001,A Contratistas,1,debit,5,133010,Si,Si
133015,A TRABAJADORES,1,debit,4,1330,No,Si
13301501,A Trabajadores,1,debit,5,133015,Si,Si
133020,A AGENTES,1,debit,4,1330,No,Si
13302001,A Agentes,1,debit,5,133020,Si,Si
133025,A CONCESIONARIOS,1,debit,4,1330,No,Si
13302501,A Concesionarios,1,debit,5,133025,Si,Si
133030,DE ADJUDICACIONES,1,debit,4,1330,No,Si
13303001,De Adjudicaciones,1,debit,5,133030,Si,Si
133095,OTROS,1,debit,4,1330,No,Si
13309501,Otros,1,debit,5,133095,Si,Si
1332,CUENTAS DE OPERACION CONJUNTA,1,debit,3,13,No,Si
1335,DEPOSITOS,1,debit,3,13,No,Si
133505,PARA IMPORTACIONES,1,debit,4,1335,No,Si
13350501,Para Importaciones,1,debit,5,133505,Si,Si
133510,PARA SERVICIOS,1,debit,4,1335,No,Si
13351001,Para Servicios,1,debit,5,133510,Si,Si
133515,PARA CONTRATOS,1,debit,4,1335,No,Si
13351501,Para Contratos,1,debit,5,133515,Si,Si
133520,PARA RESPONSABILIDADES,1,debit,4,1335,No,Si
13352001,Para Responsabilidades,1,debit,5,133520,Si,Si
133525,PARA JUICIOS EJECUTIVOS,1,debit,4,1335,No,Si
13352501,Para Juicios Ejecutivos,1,debit,5,133525,Si,Si
133530,PARA ADQUISICION DE ACCIONES- CUOTAS O DERECHOS SOCIALES,1,debit,4,1335,No,Si
13353001,Para Adquisicion De Acciones- Cuotas O Derechos Sociales,1,debit,5,133530,Si,Si
133535,EN GARANTIA,1,debit,4,1335,No,Si
13353501,En Garantia,1,debit,5,133535,Si,Si
133595,OTROS,1,debit,4,1335,No,Si
13359501,Otros,1,debit,5,133595,Si,Si
1340,PROMESAS DE COMPRA VENTA,1,debit,3,13,No,Si
134005,DE BIENES RAICES,1,debit,4,1340,No,Si
13400501,De Bienes Raices,1,debit,5,134005,Si,Si
134010,DE MAQUINARIA Y EQUIPO,1,debit,4,1340,No,Si
13401001,De Maquinaria Y Equipo,1,debit,5,134010,Si,Si
134015,DE FLOTA Y EQUIPO DE TRANSPORTE,1,debit,4,1340,No,Si
13401501,De Flota Y Equipo De Transporte,1,debit,5,134015,Si,Si
134020,DE FLOTA Y EQUIPO AEREO,1,debit,4,1340,No,Si
13402001,De Flota Y Equipo Aereo,1,debit,5,134020,Si,Si
134025,DE FLOTA Y EQUIPO FERREO,1,debit,4,1340,No,Si
13402501,De Flota Y Equipo Ferreo,1,debit,5,134025,Si,Si
134030,DE FLOTA Y EQUIPO FLUVIAL Y/O MARITIMO,1,debit,4,1340,No,Si
13403001,De Flota Y Equipo Fluvial Y/O Maritimo,1,debit,5,134030,Si,Si
134035,DE SEMOVIENTES,1,debit,4,1340,No,Si
13403501,De Semovientes,1,debit,5,134035,Si,Si
134095,DE OTROS BIENES,1,debit,4,1340,No,Si
13409501,De Otros Bienes,1,debit,5,134095,Si,Si
1345,INGRESOS POR COBRAR,1,debit,3,13,No,Si
134505,DIVIDENDOS Y/O PARTICIPACIONES,1,debit,4,1345,No,Si
13450501,Dividendos Y/O Participaciones,1,debit,5,134505,Si,Si
134510,INTERESES,1,debit,4,1345,No,Si
13451001,Intereses,1,debit,5,134510,Si,Si
134515,COMISIONES,1,debit,4,1345,No,Si
13451501,Comisiones,1,debit,5,134515,Si,Si
134520,HONORARIOS,1,debit,4,1345,No,Si
13452001,Honorarios,1,debit,5,134520,Si,Si
134525,SERVICIOS,1,debit,4,1345,No,Si
13452501,Servicios,1,debit,5,134525,Si,Si
134530,ARRENDAMIENTOS,1,debit,4,1345,No,Si
13453001,Arrendamientos,1,debit,5,134530,Si,Si
134535,CERT POR COBRAR,1,debit,4,1345,No,Si
13453501,Cert Por Cobrar,1,debit,5,134535,Si,Si
134595,OTROS,1,debit,4,1345,No,Si
13459501,Otros,1,debit,5,134595,Si,Si
1350,RETENCION SOBRE CONTRATOS,1,debit,3,13,No,Si
135005,DE CONSTRUCCION,1,debit,4,1350,No,Si
13500501,De Construccion,1,debit,5,135005,Si,Si
135010,DE PRESTACION DE SERVICIOS,1,debit,4,1350,No,Si
13501001,De Prestacion De Servicios,1,debit,5,135010,Si,Si
135095,OTROS,1,debit,4,1350,No,Si
13509501,Otros,1,debit,5,135095,Si,Si
1355,ANTICIPO DE IMPUESTOS Y CONTRIBUCIONES O SALDOS A FAVOR,1,debit,3,13,No,Si
135505,ANTICIPO DE IMPUESTOS DE RENTA Y COMPLEMENTARIOS,1,debit,4,1355,No,Si
13550501,Anticipo De Impuestos De Renta Y Complementarios,1,debit,5,135505,Si,Si
135510,ANTICIPO DE IMPUESTOS DE INDUSTRIA Y COMERCIO,1,debit,4,1355,No,Si
13551001,Anticipo De Impuestos De Industria Y Comercio,1,debit,5,135510,Si,Si
135515,RETENCION EN LA FUENTE,1,debit,4,1355,No,Si
13551501,Retencion En La Fuente,1,debit,5,135515,Si,Si
135517,IMPUESTO A LAS VENTAS RETENIDO,1,debit,4,1355,No,Si
13551701,Impuesto A Las Ventas Retenido,1,debit,5,135517,Si,Si
135518,IMPUESTO DE INDUSTRIA Y COMERCIO RETENIDO,1,debit,4,1355,No,Si
13551801,Impuesto De Industria Y Comercio Retenido,1,debit,5,135518,Si,Si
135520,SOBRANTES EN LIQUIDACION PRIVADA DE IMPUESTOS,1,debit,4,1355,No,Si
13552001,Sobrantes En Liquidacion Privada De Impuestos,1,debit,5,135520,Si,Si
135525,CONTRIBUCIONES,1,debit,4,1355,No,Si
13552501,Contribuciones,1,debit,5,135525,Si,Si
135530,IMPUESTOS DESCONTABLES,1,debit,4,1355,No,Si
13553001,Impuestos Descontables,1,debit,5,135530,Si,Si
135595,OTROS,1,debit,4,1355,No,Si
13559501,Otros,1,debit,5,135595,Si,Si
1360,RECLAMACIONES,1,debit,3,13,No,Si
136005,A COMPAÑIAS ASEGURADORAS,1,debit,4,1360,No,Si
13600501,A Compañias Aseguradoras,1,debit,5,136005,Si,Si
136010,A TRANSPORTADORES,1,debit,4,1360,No,Si
13601001,A Transportadores,1,debit,5,136010,Si,Si
136015,POR TIQUETES AEREOS,1,debit,4,1360,No,Si
13601501,Por Tiquetes Aereos,1,debit,5,136015,Si,Si
136095,OTRAS,1,debit,4,1360,No,Si
13609501,Otras,1,debit,5,136095,Si,Si
1365,CUENTAS POR COBRAR A TRABAJADORES,1,debit,3,13,No,Si
136505,VIVIENDA,1,debit,4,1365,No,Si
13650501,Vivienda,1,debit,5,136505,Si,Si
136510,VEHICULOS,1,debit,4,1365,No,Si
13651001,Vehiculos,1,debit,5,136510,Si,Si
136515,EDUCACION,1,debit,4,1365,No,Si
13651501,Educacion,1,debit,5,136515,Si,Si
136520,MEDICOS- ODONTOLOGICOS Y SIMILARES,1,debit,4,1365,No,Si
13652001,Medicos- Odontologicos Y Similares,1,debit,5,136520,Si,Si
136525,CALAMIDAD DOMESTICA,1,debit,4,1365,No,Si
13652501,Calamidad Domestica,1,debit,5,136525,Si,Si
136530,RESPONSABILIDADES,1,debit,4,1365,No,Si
13653001,Responsabilidades,1,debit,5,136530,Si,Si
136595,OTROS,1,debit,4,1365,No,Si
13659501,Otros,1,debit,5,136595,Si,Si
1370,PRESTAMOS A PARTICULARES,1,debit,3,13,No,Si
137005,CON GARANTIA REAL,1,debit,4,1370,No,Si
13700501,Con Garantia Real,1,debit,5,137005,Si,Si
137010,CON GARANTIA PERSONAL,1,debit,4,1370,No,Si
13701001,Con Garantia Personal,1,debit,5,137010,Si,Si
1380,DEUDORES VARIOS,1,debit,3,13,No,Si
138005,DEPOSITARIOS,1,debit,4,1380,No,Si
13800501,Depositarios,1,debit,5,138005,Si,Si
138010,COMISIONISTAS DE BOLSAS,1,debit,4,1380,No,Si
13801001,Comisionistas De Bolsas,1,debit,5,138010,Si,Si
138015,FONDO DE INVERSION,1,debit,4,1380,No,Si
13801501,Fondo De Inversion,1,debit,5,138015,Si,Si
138020,CUENTAS POR COBRAR DE TERCEROS,1,debit,4,1380,No,Si
13802001,Cuentas Por Cobrar De Terceros,1,debit,5,138020,Si,Si
138025,PAGOS POR CUENTA DE TERCEROS,1,debit,4,1380,No,Si
13802501,Pagos Por Cuenta De Terceros,1,debit,5,138025,Si,Si
138030,FONDOS DE INVERSION SOCIAL,1,debit,4,1380,No,Si
13803001,Fondos De Inversion Social,1,debit,5,138030,Si,Si
138095,OTROS,1,debit,4,1380,No,Si
13809501,Otros,1,debit,5,138095,Si,Si
1385,DERECHOS DE RECOMPRA DE CARTERA NEGOCIADA,1,debit,3,13,No,Si
1390,DEUDAS DE DIFICIL COBRO,1,debit,3,13,No,Si
1399,PROVISIONES,1,debit,3,13,No,Si
14,INVENTARIOS,1,debit,2,1,No,Si
1405,MATERIAS PRIMAS,1,debit,3,14,No,Si
140505,MATERIAS PRIMAS,1,debit,3,14,No,Si
1410,PRODUCTOS EN PROCESO,1,debit,3,14,No,Si
141005,PRODUCTOS EN PROCESO,1,debit,3,14,No,Si
1415,OBRAS DE CONSTRUCCION EN CURSO,1,debit,3,14,No,Si
1417,OBRAS DE URBANISMO,1,debit,3,14,No,Si
1420,CONTRATOS EN EJECUCION,1,debit,3,14,No,Si
1425,CULTIVOS EN DESARROLLO,1,debit,3,14,No,Si
1428,PLANTACIONES AGRICOLAS,1,debit,3,14,No,Si
1430,PRODUCTOS TERMINADOS,1,debit,3,14,No,Si
143005,PRODUCTOS TERMINADOS,1,debit,3,14,No,Si
1435,MERCANCIAS NO FABRICADAS POR LA EMPRESA,1,debit,3,14,No,Si
143505,MERCANCIAS NO FABRICADAS POR LA EMPRESA,1,debit,3,14,No,Si
1440,BIENES RAICES PARA LA VENTA,1,debit,3,14,No,Si
1445,SEMOVIENTES,1,debit,3,14,No,Si
1450,TERRENOS,1,debit,3,14,No,Si
1455,MATERIALES- REPUESTOS Y ACCESORIOS,1,debit,3,14,No,Si
1460,ENVASES Y EMPAQUES,1,debit,3,14,No,Si
1465,INVENTARIOS EN TRANSITO,1,debit,3,14,No,Si
146505,INVENTARIOS EN TRANSITO,1,debit,3,14,No,Si
1499,PROVISIONES,1,debit,3,14,No,Si
15,PROPIEDADES- PLANTA Y EQUIPO,1,debit,2,1,No,Si
1504,TERRENOS,1,debit,3,15,No,Si
150405,URBANOS,1,debit,4,1504,No,Si
15040501,Urbanos,1,debit,5,150405,Si,Si
150410,RURALES,1,debit,4,1504,No,Si
15041001,Rurales,1,debit,5,150410,Si,Si
1506,MATERIALES PROYECTOS PETROLEROS,1,debit,3,15,No,Si
150605,TUBERIAS Y EQUIPO,1,debit,4,1506,No,Si
15060501,Tuberias Y Equipo,1,debit,5,150605,Si,Si
150610,COSTOS DE IMPORTACION MATERIALES,1,debit,4,1506,No,Si
15061001,Costos De Importacion Materiales,1,debit,5,150610,Si,Si
150615,PROYECTOS DE CONSTRUCCION,1,debit,4,1506,No,Si
15061501,Proyectos De Construccion,1,debit,5,150615,Si,Si
1508,CONSTRUCCIONES EN CURSO,1,debit,3,15,No,Si
150805,CONSTRUCCIONES Y EDIFICACIONES,1,debit,4,1508,No,Si
15080501,Construcciones Y Edificaciones,1,debit,5,150805,Si,Si
150810,ACUEDUCTOS- PLANTAS Y REDES,1,debit,4,1508,No,Si
15081001,Acueductos- Plantas Y Redes,1,debit,5,150810,Si,Si
150815,VIAS DE COMUNICACION,1,debit,4,1508,No,Si
15081501,Vias De Comunicacion,1,debit,5,150815,Si,Si
150820,POZOS ARTESIANOS,1,debit,4,1508,No,Si
15082001,Pozos Artesianos,1,debit,5,150820,Si,Si
150825,PROYECTOS DE EXPLORACION,1,debit,4,1508,No,Si
15082501,Proyectos De Exploracion,1,debit,5,150825,Si,Si
150830,PROYECTOS DE DESARROLLO,1,debit,4,1508,No,Si
15083001,Proyectos De Desarrollo,1,debit,5,150830,Si,Si
1512,MAQUINARIA Y EQUIPOS EN MONTAJE,1,debit,3,15,No,Si
151205,MAQUINARIA Y EQUIPO,1,debit,4,1512,No,Si
15120501,Maquinaria Y Equipo,1,debit,5,151205,Si,Si
151210,EQUIPO DE OFICINA,1,debit,4,1512,No,Si
15121001,Equipo De Oficina,1,debit,5,151210,Si,Si
151215,EQUIPO DE COMPUTACION Y COMUNICACION,1,debit,4,1512,No,Si
15121501,Equipo De Computacion Y Comunicacion,1,debit,5,151215,Si,Si
151220,EQUIPO MEDICO-CIENTIFICO,1,debit,4,1512,No,Si
15122001,Equipo Medico-Cientifico,1,debit,5,151220,Si,Si
151225,EQUIPO DE HOTELES Y RESTAURANTES,1,debit,4,1512,No,Si
15122501,Equipo De Hoteles Y Restaurantes,1,debit,5,151225,Si,Si
151230,FLOTA Y EQUIPO DE TRANSPORTE,1,debit,4,1512,No,Si
15123001,Flota Y Equipo De Transporte,1,debit,5,151230,Si,Si
151235,FLOTA Y EQUIPO FLUVIAL Y/O MARITIMO,1,debit,4,1512,No,Si
15123501,Flota Y Equipo Fluvial Y/O Maritimo,1,debit,5,151235,Si,Si
151240,FLOTA Y EQUIPO AEREO,1,debit,4,1512,No,Si
15124001,Flota Y Equipo Aereo,1,debit,5,151240,Si,Si
151245,FLOTA Y EQUIPO FERREO,1,debit,4,1512,No,Si
15124501,Flota Y Equipo Ferreo,1,debit,5,151245,Si,Si
151250,PLANTAS Y REDES,1,debit,4,1512,No,Si
15125001,Plantas Y Redes,1,debit,5,151250,Si,Si
1516,CONSTRUCCIONES Y EDIFICACIONES,1,debit,3,15,No,Si
151605,EDIFICIOS,1,debit,4,1516,No,Si
15160501,Edificios,1,debit,5,151605,Si,Si
151610,OFICINAS,1,debit,4,1516,No,Si
15161001,Oficinas,1,debit,5,151610,Si,Si
151615,ALMACENES,1,debit,4,1516,No,Si
15161501,Almacenes,1,debit,5,151615,Si,Si
151620,FABRICAS Y PLANTAS INDUSTRIALES,1,debit,4,1516,No,Si
15162001,Fabricas Y Plantas Industriales,1,debit,5,151620,Si,Si
151625,SALAS DE EXHIBICION Y VENTAS,1,debit,4,1516,No,Si
15162501,Salas De Exhibicion Y Ventas,1,debit,5,151625,Si,Si
151630,CAFETERIA Y CASINOS,1,debit,4,1516,No,Si
15163001,Cafeteria Y Casinos,1,debit,5,151630,Si,Si
151635,SILOS,1,debit,4,1516,No,Si
15163501,Silos,1,debit,5,151635,Si,Si
151640,INVERNADEROS,1,debit,4,1516,No,Si
15164001,Invernaderos,1,debit,5,151640,Si,Si
151645,CASETAS Y CAMPAMENTOS,1,debit,4,1516,No,Si
15164501,Casetas Y Campamentos,1,debit,5,151645,Si,Si
151650,INSTALACIONES AGROPECUARIAS,1,debit,4,1516,No,Si
15165001,Instalaciones Agropecuarias,1,debit,5,151650,Si,Si
151655,VIVIENDAS PARA EMPLEADOS Y OBREROS,1,debit,4,1516,No,Si
15165501,Viviendas Para Empleados Y Obreros,1,debit,5,151655,Si,Si
151660,TERMINAL DE BUSES Y TAXIS,1,debit,4,1516,No,Si
15166001,Terminal De Buses Y Taxis,1,debit,5,151660,Si,Si
151663,TERMINAL MARITIMO,1,debit,4,1516,No,Si
15166301,Terminal Maritimo,1,debit,5,151663,Si,Si
151665,TERMINAL FERREO,1,debit,4,1516,No,Si
15166501,Terminal Ferreo,1,debit,5,151665,Si,Si
151670,PARQUEADEROS- GARAJES Y DEPOSITOS,1,debit,4,1516,No,Si
15167001,Parqueaderos- Garajes Y Depositos,1,debit,5,151670,Si,Si
151675,HANGARES,1,debit,4,1516,No,Si
15167501,Hangares,1,debit,5,151675,Si,Si
151680,BODEGAS,1,debit,4,1516,No,Si
15168001,Bodegas,1,debit,5,151680,Si,Si
151695,OTROS,1,debit,4,1516,No,Si
15169501,Otros,1,debit,5,151695,Si,Si
1520,MAQUINARIA Y EQUIPO,1,debit,3,15,No,Si
1524,EQUIPO DE OFICINA,1,debit,3,15,No,Si
152405,MUEBLES Y ENSERES,1,debit,4,1524,No,Si
15240501,Muebles Y Enseres,1,debit,5,152405,Si,Si
152410,EQUIPOS,1,debit,4,1524,No,Si
15241001,Equipos,1,debit,5,152410,Si,Si
152495,OTROS,1,debit,4,1524,No,Si
15249501,Otros,1,debit,5,152495,Si,Si
1528,EQUIPO DE COMPUTACION Y COMUNICACION,1,debit,3,15,No,Si
152805,EQUIPOS DE PROCESAMIENTO DE DATOS,1,debit,4,1528,No,Si
15280501,Equipos De Procesamiento De Datos,1,debit,5,152805,Si,Si
152810,EQUIPOS DE TELECOMUNICACIONES,1,debit,4,1528,No,Si
15281001,Equipos De Telecomunicaciones,1,debit,5,152810,Si,Si
152815,EQUIPOS DE RADIO,1,debit,4,1528,No,Si
15281501,Equipos De Radio,1,debit,5,152815,Si,Si
152820,SATELITES Y ANTENAS,1,debit,4,1528,No,Si
15282001,Satelites Y Antenas,1,debit,5,152820,Si,Si
152825,LINEAS TELEFONICAS,1,debit,4,1528,No,Si
15282501,Lineas Telefonicas,1,debit,5,152825,Si,Si
152895,OTROS,1,debit,4,1528,No,Si
15289501,Otros,1,debit,5,152895,Si,Si
1532,EQUIPO MEDICO-CIENTIFICO,1,debit,3,15,No,Si
153205,MEDICO,1,debit,4,1532,No,Si
15320501,Medico,1,debit,5,153205,Si,Si
153210,ODONTOLOGICO,1,debit,4,1532,No,Si
15321001,Odontologico,1,debit,5,153210,Si,Si
153215,LABORATORIO,1,debit,4,1532,No,Si
15321501,Laboratorio,1,debit,5,153215,Si,Si
153220,INSTRUMENTAL,1,debit,4,1532,No,Si
15322001,Instrumental,1,debit,5,153220,Si,Si
153295,OTROS,1,debit,4,1532,No,Si
15329501,Otros,1,debit,5,153295,Si,Si
1536,EQUIPO DE HOTELES Y RESTAURANTES,1,debit,3,15,No,Si
153605,DE HABITACIONES,1,debit,4,1536,No,Si
15360501,De Habitaciones,1,debit,5,153605,Si,Si
153610,DE COMESTIBLES Y BEBIDAS,1,debit,4,1536,No,Si
15361001,De Comestibles Y Bebidas,1,debit,5,153610,Si,Si
153695,OTROS,1,debit,4,1536,No,Si
15369501,Otros,1,debit,5,153695,Si,Si
1540,FLOTA Y EQUIPO DE TRANSPORTE,1,debit,3,15,No,Si
154005,AUTOS- CAMIONETAS Y CAMPEROS,1,debit,4,1540,No,Si
15400501,Autos- Camionetas Y Camperos,1,debit,5,154005,Si,Si
154008,CAMIONES- VOLQUETAS Y FURGONES,1,debit,4,1540,No,Si
15400801,Camiones- Volquetas Y Furgones,1,debit,5,154008,Si,Si
154010,TRACTOMULAS Y REMOLQUES,1,debit,4,1540,No,Si
15401001,Tractomulas Y Remolques,1,debit,5,154010,Si,Si
154015,BUSES Y BUSETAS,1,debit,4,1540,No,Si
15401501,Buses Y Busetas,1,debit,5,154015,Si,Si
154017,RECOLECTORES Y CONTENEDORES,1,debit,4,1540,No,Si
15401701,Recolectores Y Contenedores,1,debit,5,154017,Si,Si
154020,MONTACARGAS,1,debit,4,1540,No,Si
15402001,Montacargas,1,debit,5,154020,Si,Si
154025,PALAS Y GRUAS,1,debit,4,1540,No,Si
15402501,Palas Y Gruas,1,debit,5,154025,Si,Si
154030,MOTOCICLETAS,1,debit,4,1540,No,Si
15403001,Motocicletas,1,debit,5,154030,Si,Si
154035,BICICLETAS,1,debit,4,1540,No,Si
15403501,Bicicletas,1,debit,5,154035,Si,Si
154040,ESTIBAS Y CARRETAS,1,debit,4,1540,No,Si
15404001,Estibas Y Carretas,1,debit,5,154040,Si,Si
154045,BANDAS TRANSPORTADORAS,1,debit,4,1540,No,Si
15404501,Bandas Transportadoras,1,debit,5,154045,Si,Si
154095,OTROS,1,debit,4,1540,No,Si
15409501,Otros,1,debit,5,154095,Si,Si
1544,FLOTA Y EQUIPO FLUVIAL Y/O MARITIMO,1,debit,3,15,No,Si
154405,BUQUES,1,debit,4,1544,No,Si
15440501,Buques,1,debit,5,154405,Si,Si
154410,LANCHAS,1,debit,4,1544,No,Si
15441001,Lanchas,1,debit,5,154410,Si,Si
154415,REMOLCADORAS,1,debit,4,1544,No,Si
15441501,Remolcadoras,1,debit,5,154415,Si,Si
154420,BOTES,1,debit,4,1544,No,Si
15442001,Botes,1,debit,5,154420,Si,Si
154425,BOYAS,1,debit,4,1544,No,Si
15442501,Boyas,1,debit,5,154425,Si,Si
154430,AMARRES,1,debit,4,1544,No,Si
15443001,Amarres,1,debit,5,154430,Si,Si
154435,CONTENEDORES Y CHASISES,1,debit,4,1544,No,Si
15443501,Contenedores Y Chasises,1,debit,5,154435,Si,Si
154440,GABARRAS,1,debit,4,1544,No,Si
15444001,Gabarras,1,debit,5,154440,Si,Si
154495,OTROS,1,debit,4,1544,No,Si
15449501,Otros,1,debit,5,154495,Si,Si
1548,FLOTA Y EQUIPO AEREO,1,debit,3,15,No,Si
154805,AVIONES,1,debit,4,1548,No,Si
15480501,Aviones,1,debit,5,154805,Si,Si
154810,AVIONETAS,1,debit,4,1548,No,Si
15481001,Avionetas,1,debit,5,154810,Si,Si
154815,HELICOPTEROS,1,debit,4,1548,No,Si
15481501,Helicopteros,1,debit,5,154815,Si,Si
154820,TURBINAS Y MOTORES,1,debit,4,1548,No,Si
15482001,Turbinas Y Motores,1,debit,5,154820,Si,Si
154825,MANUALES DE ENTRENAMIENTO PERSONAL TECNICO,1,debit,4,1548,No,Si
15482501,Manuales De Entrenamiento Personal Tecnico,1,debit,5,154825,Si,Si
154830,EQUIPOS DE VUELO,1,debit,4,1548,No,Si
15483001,Equipos De Vuelo,1,debit,5,154830,Si,Si
154895,OTROS,1,debit,4,1548,No,Si
15489501,Otros,1,debit,5,154895,Si,Si
1552,FLOTA Y EQUIPO FERREO,1,debit,3,15,No,Si
155205,LOCOMOTORAS,1,debit,4,1552,No,Si
15520501,Locomotoras,1,debit,5,155205,Si,Si
155210,VAGONES,1,debit,4,1552,No,Si
15521001,Vagones,1,debit,5,155210,Si,Si
155215,REDES FERREAS,1,debit,4,1552,No,Si
15521501,Redes Ferreas,1,debit,5,155215,Si,Si
155295,OTROS,1,debit,4,1552,No,Si
15529501,Otros,1,debit,5,155295,Si,Si
1556,ACUEDUCTOS- PLANTAS Y REDES,1,debit,3,15,No,Si
155605,INSTALACIONES PARA AGUA Y ENERGIA,1,debit,4,1556,No,Si
15560501,Instalaciones Para Agua Y Energia,1,debit,5,155605,Si,Si
155610,ACUEDUCTO- ACEQUIAS Y CANALIZACIONES,1,debit,4,1556,No,Si
15561001,Acueducto- Acequias Y Canalizaciones,1,debit,5,155610,Si,Si
155615,PLANTAS DE GENERACION HIDRAULICA,1,debit,4,1556,No,Si
15561501,Plantas De Generacion Hidraulica,1,debit,5,155615,Si,Si
155620,PLANTAS DE GENERACION TERMICA,1,debit,4,1556,No,Si
15562001,Plantas De Generacion Termica,1,debit,5,155620,Si,Si
155625,PLANTAS DE GENERACION A GAS,1,debit,4,1556,No,Si
15562501,Plantas De Generacion A Gas,1,debit,5,155625,Si,Si
155628,PLANTAS DE GENERACION DIESEL- GASOLINA Y PETROLEO,1,debit,4,1556,No,Si
15562801,Plantas De Generacion Diesel- Gasolina Y Petroleo,1,debit,5,155628,Si,Si
155630,PLANTAS DE DISTRIBUCION,1,debit,4,1556,No,Si
15563001,Plantas De Distribucion,1,debit,5,155630,Si,Si
155635,PLANTAS DE TRANSMISION Y SUBESTACIONES,1,debit,4,1556,No,Si
15563501,Plantas De Transmision Y Subestaciones,1,debit,5,155635,Si,Si
155640,OLEODUCTOS,1,debit,4,1556,No,Si
15564001,Oleoductos,1,debit,5,155640,Si,Si
155645,GASODUCTOS,1,debit,4,1556,No,Si
15564501,Gasoductos,1,debit,5,155645,Si,Si
155647,POLIDUCTOS,1,debit,4,1556,No,Si
15564701,Poliductos,1,debit,5,155647,Si,Si
155650,REDES DE DISTRIBUCION,1,debit,4,1556,No,Si
15565001,Redes De Distribucion,1,debit,5,155650,Si,Si
155655,PLANTAS DE TRATAMIENTO,1,debit,4,1556,No,Si
15565501,Plantas De Tratamiento,1,debit,5,155655,Si,Si
155660,REDES DE RECOLECCION DE AGUAS NEGRAS,1,debit,4,1556,No,Si
15566001,Redes De Recoleccion De Aguas Negras,1,debit,5,155660,Si,Si
155665,INSTALACIONES Y EQUIPO DE BOMBEO,1,debit,4,1556,No,Si
15566501,Instalaciones Y Equipo De Bombeo,1,debit,5,155665,Si,Si
155670,REDES DE DISTRIBUCION DE VAPOR,1,debit,4,1556,No,Si
15567001,Redes De Distribucion De Vapor,1,debit,5,155670,Si,Si
155675,REDES DE AIRE,1,debit,4,1556,No,Si
15567501,Redes De Aire,1,debit,5,155675,Si,Si
155680,REDES ALIMENTACION DE GAS,1,debit,4,1556,No,Si
15568001,Redes Alimentacion De Gas,1,debit,5,155680,Si,Si
155682,REDES EXTERNAS DE TELEFONIA,1,debit,4,1556,No,Si
15568201,Redes Externas De Telefonia,1,debit,5,155682,Si,Si
155685,PLANTAS DESHIDRATADORAS,1,debit,4,1556,No,Si
15568501,Plantas Deshidratadoras,1,debit,5,155685,Si,Si
155695,OTROS,1,debit,4,1556,No,Si
15569501,Otros,1,debit,5,155695,Si,Si
1560,ARMAMENTO DE VIGILANCIA,1,debit,3,15,No,Si
1562,ENVASES Y EMPAQUES,1,debit,3,15,No,Si
1564,PLANTACIONES AGRICOLAS Y FORESTALES,1,debit,3,15,No,Si
156405,CULTIVOS EN DESARROLLO,1,debit,4,1564,No,Si
15640501,Cultivos En Desarrollo,1,debit,5,156405,Si,Si
156410,CULTIVOS AMORTIZABLES,1,debit,4,1564,No,Si
15641001,Cultivos Amortizables,1,debit,5,156410,Si,Si
1568,VIAS DE COMUNICACION,1,debit,3,15,No,Si
156805,PAVIMENTACION Y PATIOS,1,debit,4,1568,No,Si
15680501,Pavimentacion Y Patios,1,debit,5,156805,Si,Si
156810,VIAS,1,debit,4,1568,No,Si
15681001,Vias,1,debit,5,156810,Si,Si
156815,PUENTES,1,debit,4,1568,No,Si
15681501,Puentes,1,debit,5,156815,Si,Si
156820,CALLES,1,debit,4,1568,No,Si
15682001,Calles,1,debit,5,156820,Si,Si
156825,AERODROMOS,1,debit,4,1568,No,Si
15682501,Aerodromos,1,debit,5,156825,Si,Si
156895,OTROS,1,debit,4,1568,No,Si
15689501,Otros,1,debit,5,156895,Si,Si
1572,MINAS Y CANTERAS,1,debit,3,15,No,Si
157205,MINAS,1,debit,4,1572,No,Si
15720501,Minas,1,debit,5,157205,Si,Si
157210,CANTERAS,1,debit,4,1572,No,Si
15721001,Canteras,1,debit,5,157210,Si,Si
1576,POZOS ARTESIANOS,1,debit,3,15,No,Si
1580,YACIMIENTOS,1,debit,3,15,No,Si
1584,SEMOVIENTES,1,debit,3,15,No,Si
1588,PROPIEDADES- PLANTA Y EQUIPO EN TRANSITO,1,debit,3,15,No,Si
158805,MAQUINARIA Y EQUIPO,1,debit,4,1588,No,Si
15880501,Maquinaria Y Equipo,1,debit,5,158805,Si,Si
158810,EQUIPO DE OFICINA,1,debit,4,1588,No,Si
15881001,Equipo De Oficina,1,debit,5,158810,Si,Si
158815,EQUIPO DE COMPUTACION Y COMUNICACION,1,debit,4,1588,No,Si
15881501,Equipo De Computacion Y Comunicacion,1,debit,5,158815,Si,Si
158820,EQUIPO MEDICO-CIENTIFICO,1,debit,4,1588,No,Si
15882001,Equipo Medico-Cientifico,1,debit,5,158820,Si,Si
158825,EQUIPO DE HOTELES Y RESTAURANTES,1,debit,4,1588,No,Si
15882501,Equipo De Hoteles Y Restaurantes,1,debit,5,158825,Si,Si
158830,FLOTA Y EQUIPO DE TRANSPORTE,1,debit,4,1588,No,Si
15883001,Flota Y Equipo De Transporte,1,debit,5,158830,Si,Si
158835,FLOTA Y EQUIPO FLUVIAL Y/O MARITIMO,1,debit,4,1588,No,Si
15883501,Flota Y Equipo Fluvial Y/O Maritimo,1,debit,5,158835,Si,Si
158840,FLOTA Y EQUIPO AEREO,1,debit,4,1588,No,Si
15884001,Flota Y Equipo Aereo,1,debit,5,158840,Si,Si
158845,FLOTA Y EQUIPO FERREO,1,debit,4,1588,No,Si
15884501,Flota Y Equipo Ferreo,1,debit,5,158845,Si,Si
158850,PLANTAS Y REDES,1,debit,4,1588,No,Si
15885001,Plantas Y Redes,1,debit,5,158850,Si,Si
158855,ARMAMENTO DE VIGILANCIA,1,debit,4,1588,No,Si
15885501,Armamento De Vigilancia,1,debit,5,158855,Si,Si
158860,SEMOVIENTES,1,debit,4,1588,No,Si
15886001,Semovientes,1,debit,5,158860,Si,Si
158865,ENVASES Y EMPAQUES,1,debit,4,1588,No,Si
15886501,Envases Y Empaques,1,debit,5,158865,Si,Si
1592,DEPRECIACION ACUMULADA,1,debit,3,15,No,Si
159205,CONSTRUCCIONES Y EDIFICACIONES,1,debit,4,1592,No,Si
15920501,Construcciones Y Edificaciones,1,debit,5,159205,Si,Si
159210,MAQUINARIA Y EQUIPO,1,debit,4,1592,No,Si
15921001,Maquinaria Y Equipo,1,debit,5,159210,Si,Si
159215,EQUIPO DE OFICINA,1,debit,4,1592,No,Si
15921501,Equipo De Oficina,1,debit,5,159215,Si,Si
159220,EQUIPO DE COMPUTACION Y COMUNICACION,1,debit,4,1592,No,Si
15922001,Equipo De Computacion Y Comunicacion,1,debit,5,159220,Si,Si
159225,EQUIPO MEDICO-CIENTIFICO,1,debit,4,1592,No,Si
15922501,Equipo Medico-Cientifico,1,debit,5,159225,Si,Si
159230,EQUIPO DE HOTELES Y RESTAURANTES,1,debit,4,1592,No,Si
15923001,Equipo De Hoteles Y Restaurantes,1,debit,5,159230,Si,Si
159235,FLOTA Y EQUIPO DE TRANSPORTE,1,debit,4,1592,No,Si
15923501,Flota Y Equipo De Transporte,1,debit,5,159235,Si,Si
159240,FLOTA Y EQUIPO FLUVIAL Y/O MARITIMO,1,debit,4,1592,No,Si
15924001,Flota Y Equipo Fluvial Y/O Maritimo,1,debit,5,159240,Si,Si
159245,FLOTA Y EQUIPO AEREO,1,debit,4,1592,No,Si
15924501,Flota Y Equipo Aereo,1,debit,5,159245,Si,Si
159250,FLOTA Y EQUIPO FERREO,1,debit,4,1592,No,Si
15925001,Flota Y Equipo Ferreo,1,debit,5,159250,Si,Si
159255,ACUEDUCTOS- PLANTAS Y REDES,1,debit,4,1592,No,Si
15925501,Acueductos- Plantas Y Redes,1,debit,5,159255,Si,Si
159260,ARMAMENTO DE VIGILANCIA,1,debit,4,1592,No,Si
15926001,Armamento De Vigilancia,1,debit,5,159260,Si,Si
159265,ENVASES Y EMPAQUES,1,debit,4,1592,No,Si
15926501,Envases Y Empaques,1,debit,5,159265,Si,Si
1596,DEPRECIACION DIFERIDA,1,debit,3,15,No,Si
159605,EXCESO FISCAL SOBRE LA CONTABLE,1,debit,4,1596,No,Si
15960501,Exceso Fiscal Sobre La Contable,1,debit,5,159605,Si,Si
159610,DEFECTO FISCAL SOBRE LA CONTABLE (CR),1,debit,4,1596,No,Si
15961001,Defecto Fiscal Sobre La Contable (Cr),1,debit,5,159610,Si,Si
1597,AMORTIZACION ACUMULADA,1,debit,3,15,No,Si
159705,PLANTACIONES AGRICOLAS Y FORESTALES,1,debit,4,1597,No,Si
15970501,Plantaciones Agricolas Y Forestales,1,debit,5,159705,Si,Si
159710,VIAS DE COMUNICACION,1,debit,4,1597,No,Si
15971001,Vias De Comunicacion,1,debit,5,159710,Si,Si
159715,SEMOVIENTES,1,debit,4,1597,No,Si
15971501,Semovientes,1,debit,5,159715,Si,Si
1598,AGOTAMIENTO ACUMULADO,1,debit,3,15,No,Si
159805,MINAS Y CANTERAS,1,debit,4,1598,No,Si
15980501,Minas Y Canteras,1,debit,5,159805,Si,Si
159815,POZOS ARTESIANOS,1,debit,4,1598,No,Si
15981501,Pozos Artesianos,1,debit,5,159815,Si,Si
159820,YACIMIENTOS,1,debit,4,1598,No,Si
15982001,Yacimientos,1,debit,5,159820,Si,Si
1599,PROVISIONES,1,debit,3,15,No,Si
159904,TERRENOS,1,debit,4,1599,No,Si
15990401,Terrenos,1,debit,5,159904,Si,Si
159906,MATERIALES PROYECTOS PETROLEROS,1,debit,4,1599,No,Si
15990601,Materiales Proyectos Petroleros,1,debit,5,159906,Si,Si
159908,CONSTRUCCIONES EN CURSO,1,debit,4,1599,No,Si
15990801,Construcciones En Curso,1,debit,5,159908,Si,Si
159912,MAQUINARIA EN MONTAJE,1,debit,4,1599,No,Si
15991201,Maquinaria En Montaje,1,debit,5,159912,Si,Si
159916,CONSTRUCCIONES Y EDIFICACIONES,1,debit,4,1599,No,Si
15991601,Construcciones Y Edificaciones,1,debit,5,159916,Si,Si
159920,MAQUINARIA Y EQUIPO,1,debit,4,1599,No,Si
15992001,Maquinaria Y Equipo,1,debit,5,159920,Si,Si
159924,EQUIPO DE OFICINA,1,debit,4,1599,No,Si
15992401,Equipo De Oficina,1,debit,5,159924,Si,Si
159928,EQUIPO DE COMPUTACION Y COMUNICACION,1,debit,4,1599,No,Si
15992801,Equipo De Computacion Y Comunicacion,1,debit,5,159928,Si,Si
159932,EQUIPO MEDICO-CIENTIFICO,1,debit,4,1599,No,Si
15993201,Equipo Medico-Cientifico,1,debit,5,159932,Si,Si
159936,EQUIPO DE HOTELES Y RESTAURANTES,1,debit,4,1599,No,Si
15993601,Equipo De Hoteles Y Restaurantes,1,debit,5,159936,Si,Si
159940,FLOTA Y EQUIPO DE TRANSPORTE,1,debit,4,1599,No,Si
15994001,Flota Y Equipo De Transporte,1,debit,5,159940,Si,Si
159944,FLOTA Y EQUIPO FLUVIAL Y/O MARITIMO,1,debit,4,1599,No,Si
15994401,Flota Y Equipo Fluvial Y/O Maritimo,1,debit,5,159944,Si,Si
159948,FLOTA Y EQUIPO AEREO,1,debit,4,1599,No,Si
15994801,Flota Y Equipo Aereo,1,debit,5,159948,Si,Si
159952,FLOTA Y EQUIPO FERREO,1,debit,4,1599,No,Si
15995201,Flota Y Equipo Ferreo,1,debit,5,159952,Si,Si
159956,ACUEDUCTOS- PLANTAS Y REDES,1,debit,4,1599,No,Si
15995601,Acueductos- Plantas Y Redes,1,debit,5,159956,Si,Si
159960,ARMAMENTO DE VIGILANCIA,1,debit,4,1599,No,Si
15996001,Armamento De Vigilancia,1,debit,5,159960,Si,Si
159962,ENVASES Y EMPAQUES,1,debit,4,1599,No,Si
15996201,Envases Y Empaques,1,debit,5,159962,Si,Si
159964,PLANTACIONES AGRICOLAS Y FORESTALES,1,debit,4,1599,No,Si
15996401,Plantaciones Agricolas Y Forestales,1,debit,5,159964,Si,Si
159968,VIAS DE COMUNICACION,1,debit,4,1599,No,Si
15996801,Vias De Comunicacion,1,debit,5,159968,Si,Si
159972,MINAS Y CANTERAS,1,debit,4,1599,No,Si
15997201,Minas Y Canteras,1,debit,5,159972,Si,Si
159980,POZOS ARTESIANOS,1,debit,4,1599,No,Si
15998001,Pozos Artesianos,1,debit,5,159980,Si,Si
159984,YACIMIENTOS,1,debit,4,1599,No,Si
15998401,Yacimientos,1,debit,5,159984,Si,Si
159988,SEMOVIENTES,1,debit,4,1599,No,Si
15998801,Semovientes,1,debit,5,159988,Si,Si
159992,PROPIEDADES- PLANTA Y EQUIPO EN TRANSITO,1,debit,4,1599,No,Si
15999201,Propiedades- Planta Y Equipo En Transito,1,debit,5,159992,Si,Si
16,INTANGIBLES,1,debit,2,1,No,Si
1605,CREDITO MERCANTIL,1,debit,3,16,No,Si
160505,FORMADO O ESTIMADO,1,debit,4,1605,No,Si
16050501,Formado O Estimado,1,debit,5,160505,Si,Si
160510,ADQUIRIDO O COMPRADO,1,debit,4,1605,No,Si
16051001,Adquirido O Comprado,1,debit,5,160510,Si,Si
1610,MARCAS,1,debit,3,16,No,Si
161005,ADQUIRIDAS,1,debit,4,1610,No,Si
16100501,Adquiridas,1,debit,5,161005,Si,Si
161010,FORMADAS,1,debit,4,1610,No,Si
16101001,Formadas,1,debit,5,161010,Si,Si
1615,PATENTES,1,debit,3,16,No,Si
161505,ADQUIRIDAS,1,debit,4,1615,No,Si
16150501,Adquiridas,1,debit,5,161505,Si,Si
161510,FORMADAS,1,debit,4,1615,No,Si
16151001,Formadas,1,debit,5,161510,Si,Si
1620,CONCESIONES Y FRANQUICIAS,1,debit,3,16,No,Si
162005,CONCESIONES,1,debit,4,1620,No,Si
16200501,Concesiones,1,debit,5,162005,Si,Si
162010,FRANQUICIAS,1,debit,4,1620,No,Si
16201001,Franquicias,1,debit,5,162010,Si,Si
1625,DERECHOS,1,debit,3,16,No,Si
162505,DERECHOS DE AUTOR,1,debit,4,1625,No,Si
16250501,Derechos De Autor,1,debit,5,162505,Si,Si
162510,PUESTO DE BOLSA,1,debit,4,1625,No,Si
16251001,Puesto De Bolsa,1,debit,5,162510,Si,Si
162515,EN FIDEICOMISOS INMOBILIARIOS,1,debit,4,1625,No,Si
16251501,En Fideicomisos Inmobiliarios,1,debit,5,162515,Si,Si
162520,EN FIDEICOMISOS DE GARANTIA,1,debit,4,1625,No,Si
16252001,En Fideicomisos De Garantia,1,debit,5,162520,Si,Si
162525,EN FIDEICOMISOS DE ADMINISTRACION,1,debit,4,1625,No,Si
16252501,En Fideicomisos De Administracion,1,debit,5,162525,Si,Si
162530,DE EXHIBICION - PELICULAS,1,debit,4,1625,No,Si
16253001,De Exhibicion - Peliculas,1,debit,5,162530,Si,Si
162535,EN BIENES RECIBIDOS EN ARRENDAMIENTO FINANCIERO (LEASING),1,debit,4,1625,No,Si
16253501,En Bienes Recibidos En Arrendamiento Financiero (Leasing),1,debit,5,162535,Si,Si
162595,OTROS,1,debit,4,1625,No,Si
16259501,Otros,1,debit,5,162595,Si,Si
1630,KNOW HOW,1,debit,3,16,No,Si
1635,LICENCIAS,1,debit,3,16,No,Si
1698,DEPRECIACION Y/O AMORTIZACION ACUMULADA,1,debit,3,16,No,Si
169805,CREDITO MERCANTIL,1,debit,4,1698,No,Si
16980501,Credito Mercantil,1,debit,5,169805,Si,Si
169810,MARCAS,1,debit,4,1698,No,Si
16981001,Marcas,1,debit,5,169810,Si,Si
169815,PATENTES,1,debit,4,1698,No,Si
16981501,Patentes,1,debit,5,169815,Si,Si
169820,CONCESIONES Y FRANQUICIAS,1,debit,4,1698,No,Si
16982001,Concesiones Y Franquicias,1,debit,5,169820,Si,Si
169830,DERECHOS,1,debit,4,1698,No,Si
16983001,Derechos,1,debit,5,169830,Si,Si
169835,KNOW HOW,1,debit,4,1698,No,Si
16983501,Know How,1,debit,5,169835,Si,Si
169840,LICENCIAS,1,debit,4,1698,No,Si
16984001,Licencias,1,debit,5,169840,Si,Si
1699,PROVISIONES,1,debit,3,16,No,Si
17,DIFERIDOS,1,debit,2,1,No,Si
1705,GASTOS PAGADOS POR ANTICIPADO,1,debit,3,17,No,Si
170505,INTERESES,1,debit,4,1705,No,Si
17050501,Intereses,1,debit,5,170505,Si,Si
170510,HONORARIOS,1,debit,4,1705,No,Si
17051001,Honorarios,1,debit,5,170510,Si,Si
170515,COMISIONES,1,debit,4,1705,No,Si
17051501,Comisiones,1,debit,5,170515,Si,Si
170520,SEGUROS Y FIANZAS,1,debit,4,1705,No,Si
17052001,Seguros Y Fianzas,1,debit,5,170520,Si,Si
170525,ARRENDAMIENTOS,1,debit,4,1705,No,Si
17052501,Arrendamientos,1,debit,5,170525,Si,Si
170530,BODEGAJES,1,debit,4,1705,No,Si
17053001,Bodegajes,1,debit,5,170530,Si,Si
170535,MANTENIMIENTO EQUIPOS,1,debit,4,1705,No,Si
17053501,Mantenimiento Equipos,1,debit,5,170535,Si,Si
170540,SERVICIOS,1,debit,4,1705,No,Si
17054001,Servicios,1,debit,5,170540,Si,Si
170545,SUSCRIPCIONES,1,debit,4,1705,No,Si
17054501,Suscripciones,1,debit,5,170545,Si,Si
170595,OTROS,1,debit,4,1705,No,Si
17059501,Otros,1,debit,5,170595,Si,Si
1710,CARGOS DIFERIDOS,1,debit,3,17,No,Si
171004,ORGANIZACION Y PREOPERATIVOS,1,debit,4,1710,No,Si
17100401,Organizacion Y Preoperativos,1,debit,5,171004,Si,Si
171008,REMODELACIONES,1,debit,4,1710,No,Si
17100801,Remodelaciones,1,debit,5,171008,Si,Si
171012,ESTUDIOS- INVESTIGACIONES Y PROYECTOS,1,debit,4,1710,No,Si
17101201,Estudios- Investigaciones Y Proyectos,1,debit,5,171012,Si,Si
171016,PROGRAMAS PARA COMPUTADOR (SOFTWARE),1,debit,4,1710,No,Si
17101601,Programas Para Computador (Software),1,debit,5,171016,Si,Si
171020,UTILES Y PAPELERIA,1,debit,4,1710,No,Si
17102001,Utiles Y Papeleria,1,debit,5,171020,Si,Si
171024,MEJORAS A PROPIEDADES AJENAS,1,debit,4,1710,No,Si
17102401,Mejoras A Propiedades Ajenas,1,debit,5,171024,Si,Si
171028,CONTRIBUCIONES Y AFILIACIONES,1,debit,4,1710,No,Si
17102801,Contribuciones Y Afiliaciones,1,debit,5,171028,Si,Si
171032,ENTRENAMIENTO DE PERSONAL,1,debit,4,1710,No,Si
17103201,Entrenamiento De Personal,1,debit,5,171032,Si,Si
171036,FERIAS Y EXPOSICIONES,1,debit,4,1710,No,Si
17103601,Ferias Y Exposiciones,1,debit,5,171036,Si,Si
171040,LICENCIAS,1,debit,4,1710,No,Si
17104001,Licencias,1,debit,5,171040,Si,Si
171044,PUBLICIDAD- PROPAGANDA Y PROMOCION,1,debit,4,1710,No,Si
17104401,Publicidad- Propaganda Y Promocion,1,debit,5,171044,Si,Si
171048,ELEMENTOS DE ASEO Y CAFETERIA,1,debit,4,1710,No,Si
17104801,Elementos De Aseo Y Cafeteria,1,debit,5,171048,Si,Si
171052,MOLDES Y TROQUELES,1,debit,4,1710,No,Si
17105201,Moldes Y Troqueles,1,debit,5,171052,Si,Si
171056,INSTRUMENTAL QUIRURGICO,1,debit,4,1710,No,Si
17105601,Instrumental Quirurgico,1,debit,5,171056,Si,Si
171060,DOTACION Y SUMINISTRO A TRABAJADORES,1,debit,4,1710,No,Si
17106001,Dotacion Y Suministro A Trabajadores,1,debit,5,171060,Si,Si
171064,ELEMENTOS DE ROPERIA Y LENCERIA,1,debit,4,1710,No,Si
17106401,Elementos De Roperia Y Lenceria,1,debit,5,171064,Si,Si
171068,LOZA Y CRISTALERIA,1,debit,4,1710,No,Si
17106801,Loza Y Cristaleria,1,debit,5,171068,Si,Si
171069,PLATERIA,1,debit,4,1710,No,Si
17106901,Plateria,1,debit,5,171069,Si,Si
171070,CUBIERTERIA,1,debit,4,1710,No,Si
17107001,Cubierteria,1,debit,5,171070,Si,Si
171076,IMPUESTO DE RENTA DIFERIDO ?DEBITOS? POR DIFERENCIAS TEMPORALES,1,debit,4,1710,No,Si
17107601,Impuesto De Renta Diferido ?Debitos? Por Diferencias Temporales,1,debit,5,171076,Si,Si
171080,CONCURSOS Y LICITACIONES,1,debit,4,1710,No,Si
17108001,Concursos Y Licitaciones,1,debit,5,171080,Si,Si
171095,OTROS,1,debit,4,1710,No,Si
17109501,Otros,1,debit,5,171095,Si,Si
1715,COSTOS DE EXPLORACION POR AMORTIZAR,1,debit,3,17,No,Si
171505,POZOS SECOS,1,debit,4,1715,No,Si
17150501,Pozos Secos,1,debit,5,171505,Si,Si
171510,POZOS NO COMERCIALES,1,debit,4,1715,No,Si
17151001,Pozos No Comerciales,1,debit,5,171510,Si,Si
171515,OTROS COSTOS DE EXPLORACION,1,debit,4,1715,No,Si
17151501,Otros Costos De Exploracion,1,debit,5,171515,Si,Si
1720,COSTOS DE EXPLOTACION Y DESARROLLO,1,debit,3,17,No,Si
172005,PERFORACION Y EXPLOTACION,1,debit,4,1720,No,Si
17200501,Perforacion Y Explotacion,1,debit,5,172005,Si,Si
172010,PERFORACIONES CAMPOS EN DESARROLLO,1,debit,4,1720,No,Si
17201001,Perforaciones Campos En Desarrollo,1,debit,5,172010,Si,Si
172015,FACILIDADES DE PRODUCCION,1,debit,4,1720,No,Si
17201501,Facilidades De Produccion,1,debit,5,172015,Si,Si
172020,SERVICIO A POZOS,1,debit,4,1720,No,Si
17202001,Servicio A Pozos,1,debit,5,172020,Si,Si
1730,CARGOS POR CORRECCION MONETARIA DIFERIDA,1,debit,3,17,No,Si
1798,AMORTIZACION ACUMULADA,1,debit,3,17,No,Si
179805,COSTOS DE EXPLORACION POR AMORTIZAR,1,debit,4,1798,No,Si
17980501,Costos De Exploracion Por Amortizar,1,debit,5,179805,Si,Si
179810,COSTOS DE EXPLOTACION Y DESARROLLO,1,debit,4,1798,No,Si
17981001,Costos De Explotacion Y Desarrollo,1,debit,5,179810,Si,Si
18,OTROS ACTIVOS,1,debit,2,1,No,Si
1805,BIENES DE ARTE Y CULTURA,1,debit,3,18,No,Si
180505,OBRAS DE ARTE,1,debit,4,1805,No,Si
18050501,Obras De Arte,1,debit,5,180505,Si,Si
180510,BIBLIOTECAS,1,debit,4,1805,No,Si
18051001,Bibliotecas,1,debit,5,180510,Si,Si
180595,OTROS,1,debit,4,1805,No,Si
18059501,Otros,1,debit,5,180595,Si,Si
1895,DIVERSOS,1,debit,3,18,No,Si
189505,MAQUINAS PORTEADORAS,1,debit,4,1895,No,Si
18950501,Maquinas Porteadoras,1,debit,5,189505,Si,Si
189510,BIENES ENTREGADOS EN COMODATO,1,debit,4,1895,No,Si
18951001,Bienes Entregados En Comodato,1,debit,5,189510,Si,Si
189515,AMORTIZACION ACUMULADA DE BIENES ENTREGADOS EN COMODATO (CR),1,debit,4,1895,No,Si
18951501,Amortizacion Acumulada De Bienes Entregados En Comodato (Cr),1,debit,5,189515,Si,Si
189520,BIENES RECIBIDOS EN PAGO,1,debit,4,1895,No,Si
18952001,Bienes Recibidos En Pago,1,debit,5,189520,Si,Si
189525,DERECHOS SUCESORALES,1,debit,4,1895,No,Si
18952501,Derechos Sucesorales,1,debit,5,189525,Si,Si
189530,ESTAMPILLAS,1,debit,4,1895,No,Si
18953001,Estampillas,1,debit,5,189530,Si,Si
189595,OTROS,1,debit,4,1895,No,Si
18959501,Otros,1,debit,5,189595,Si,Si
19,VALORIZACIONES,1,debit,2,1,No,Si
1905,DE INVERSIONES,1,debit,3,19,No,Si
1910,DE PROPIEDADES- PLANTA Y EQUIPO,1,debit,3,19,No,Si
1995,DE OTROS ACTIVOS,1,debit,3,19,No,Si
2,PASIVO,2,credit,1,,No,Si
21,OBLIGACIONES FINANCIERAS,2,credit,2,2,No,Si
2105,BANCOS NACIONALES,2,credit,3,21,No,Si
210505,SOBREGIROS,2,credit,4,2105,No,Si
21050501,Sobregiros,2,credit,5,210505,Si,Si
210510,PAGARES,2,credit,4,2105,No,Si
21051001,Pagares,2,credit,5,210510,Si,Si
210515,CARTAS DE CREDITO,2,credit,4,2105,No,Si
21051501,Cartas De Credito,2,credit,5,210515,Si,Si
210520,ACEPTACIONES BANCARIAS,2,credit,4,2105,No,Si
21052001,Aceptaciones Bancarias,2,credit,5,210520,Si,Si
2110,BANCOS DEL EXTERIOR,2,credit,3,21,No,Si
211005,SOBREGIROS,2,credit,4,2110,No,Si
21100501,Sobregiros,2,credit,5,211005,Si,Si
211010,PAGARES,2,credit,4,2110,No,Si
21101001,Pagares,2,credit,5,211010,Si,Si
211015,CARTAS DE CREDITO,2,credit,4,2110,No,Si
21101501,Cartas De Credito,2,credit,5,211015,Si,Si
211020,ACEPTACIONES BANCARIAS,2,credit,4,2110,No,Si
21102001,Aceptaciones Bancarias,2,credit,5,211020,Si,Si
2115,CORPORACIONES FINANCIERAS,2,credit,3,21,No,Si
211505,PAGARES,2,credit,4,2115,No,Si
21150501,Pagares,2,credit,5,211505,Si,Si
211510,ACEPTACIONES FINANCIERAS,2,credit,4,2115,No,Si
21151001,Aceptaciones Financieras,2,credit,5,211510,Si,Si
211515,CARTAS DE CREDITO,2,credit,4,2115,No,Si
21151501,Cartas De Credito,2,credit,5,211515,Si,Si
211520,CONTRATOS DE ARRENDAMIENTO FINANCIERO (LEASING),2,credit,4,2115,No,Si
21152001,Contratos De Arrendamiento Financiero (Leasing),2,credit,5,211520,Si,Si
2120,COMPAÑIAS DE FINANCIAMIENTO COMERCIAL,2,credit,3,21,No,Si
212005,PAGARES,2,credit,4,2120,No,Si
21200501,Pagares,2,credit,5,212005,Si,Si
212010,ACEPTACIONES FINANCIERAS,2,credit,4,2120,No,Si
21201001,Aceptaciones Financieras,2,credit,5,212010,Si,Si
212020,CONTRATOS DE ARRENDAMIENTO FINANCIERO (LEASING),2,credit,4,2120,No,Si
21202001,Contratos De Arrendamiento Financiero (Leasing),2,credit,5,212020,Si,Si
2125,CORPORACIONES DE AHORRO Y VIVIENDA,2,credit,3,21,No,Si
212505,SOBREGIROS,2,credit,4,2125,No,Si
21250501,Sobregiros,2,credit,5,212505,Si,Si
212510,PAGARES,2,credit,4,2125,No,Si
21251001,Pagares,2,credit,5,212510,Si,Si
212515,HIPOTECARIAS,2,credit,4,2125,No,Si
21251501,Hipotecarias,2,credit,5,212515,Si,Si
2130,ENTIDADES FINANCIERAS DEL EXTERIOR,2,credit,3,21,No,Si
2135,COMPROMISOS DE RECOMPRA DE INVERSIONES NEGOCIADAS,2,credit,3,21,No,Si
213505,ACCIONES,2,credit,4,2135,No,Si
21350501,Acciones,2,credit,5,213505,Si,Si
213510,CUOTAS O PARTES DE INTERES SOCIAL,2,credit,4,2135,No,Si
21351001,Cuotas O Partes De Interes Social,2,credit,5,213510,Si,Si
213515,BONOS,2,credit,4,2135,No,Si
21351501,Bonos,2,credit,5,213515,Si,Si
213520,CEDULAS,2,credit,4,2135,No,Si
21352001,Cedulas,2,credit,5,213520,Si,Si
213525,CERTIFICADOS,2,credit,4,2135,No,Si
21352501,Certificados,2,credit,5,213525,Si,Si
213530,PAPELES COMERCIALES,2,credit,4,2135,No,Si
21353001,Papeles Comerciales,2,credit,5,213530,Si,Si
213535,TITULOS,2,credit,4,2135,No,Si
21353501,Titulos,2,credit,5,213535,Si,Si
213540,ACEPTACIONES BANCARIAS O FINANCIERAS,2,credit,4,2135,No,Si
21354001,Aceptaciones Bancarias O Financieras,2,credit,5,213540,Si,Si
213595,OTROS,2,credit,4,2135,No,Si
21359501,Otros,2,credit,5,213595,Si,Si
2140,COMPROMISOS DE RECOMPRA DE CARTERA NEGOCIADA,2,credit,3,21,No,Si
2145,OBLIGACIONES GUBERNAMENTALES,2,credit,3,21,No,Si
214505,GOBIERNO NACIONAL,2,credit,4,2145,No,Si
21450501,Gobierno Nacional,2,credit,5,214505,Si,Si
214510,ENTIDADES OFICIALES,2,credit,4,2145,No,Si
21451001,Entidades Oficiales,2,credit,5,214510,Si,Si
2195,OTRAS OBLIGACIONES,2,credit,3,21,No,Si
219505,PARTICULARES,2,credit,4,2195,No,Si
21950501,Particulares,2,credit,5,219505,Si,Si
219510,COMPAÑIAS VINCULADAS,2,credit,4,2195,No,Si
21951001,Compañias Vinculadas,2,credit,5,219510,Si,Si
219515,CASA MATRIZ,2,credit,4,2195,No,Si
21951501,Casa Matriz,2,credit,5,219515,Si,Si
219520,SOCIOS O ACCIONISTAS,2,credit,4,2195,No,Si
21952001,Socios O Accionistas,2,credit,5,219520,Si,Si
219525,FONDOS Y COOPERATIVAS,2,credit,4,2195,No,Si
21952501,Fondos Y Cooperativas,2,credit,5,219525,Si,Si
219530,DIRECTORES,2,credit,4,2195,No,Si
21953001,Directores,2,credit,5,219530,Si,Si
219595,OTRAS,2,credit,4,2195,No,Si
21959501,Otras,2,credit,5,219595,Si,Si
22,PROVEEDORES,2,credit,2,2,No,Si
2205,NACIONALES,2,credit,3,22,No,Si
220505,NACIONALES,2,credit,3,22,No,Si
2210,DEL EXTERIOR,2,credit,3,22,No,Si
221005,DEL EXTERIOR,2,credit,3,22,No,Si
2215,CUENTAS CORRIENTES COMERCIALES,2,credit,3,22,No,Si
2220,CASA MATRIZ,2,credit,3,22,No,Si
2225,COMPAÑIAS VINCULADAS,2,credit,3,22,No,Si
23,CUENTAS POR PAGAR,2,credit,2,2,No,Si
2305,CUENTAS CORRIENTES COMERCIALES,2,credit,3,23,No,Si
230505,CUENTAS CORRIENTES COMERCIALES,2,credit,3,23,No,Si
2310,A CASA MATRIZ,2,credit,3,23,No,Si
231005,A CASA MATRIZ,2,credit,3,23,No,Si
2315,A COMPAÑIAS VINCULADAS,2,credit,3,23,No,Si
231505,A COMPAÑIAS VINCULADAS,2,credit,3,23,No,Si
2320,A CONTRATISTAS,2,credit,3,23,No,Si
232005,A CONTRATISTAS,2,credit,3,23,No,Si
2330,ORDENES DE COMPRA POR UTILIZAR,2,credit,3,23,No,Si
233005,ORDENES DE COMPRA POR UTILIZAR,2,credit,3,23,No,Si
2335,COSTOS Y GASTOS POR PAGAR,2,credit,3,23,No,Si
233505,GASTOS FINANCIEROS,2,credit,4,2335,No,Si
23350501,Gastos Financieros,2,credit,5,233505,Si,Si
233510,GASTOS LEGALES,2,credit,4,2335,No,Si
23351001,Gastos Legales,2,credit,5,233510,Si,Si
233515,LIBROS- SUSCRIPCIONES- PERIODICOS Y REVISTAS,2,credit,4,2335,No,Si
23351501,Libros- Suscripciones- Periodicos Y Revistas,2,credit,5,233515,Si,Si
233520,COMISIONES,2,credit,4,2335,No,Si
23352001,Comisiones,2,credit,5,233520,Si,Si
233525,HONORARIOS,2,credit,4,2335,No,Si
23352501,Honorarios,2,credit,5,233525,Si,Si
233530,SERVICIOS TECNICOS,2,credit,4,2335,No,Si
23353001,Servicios Tecnicos,2,credit,5,233530,Si,Si
233535,SERVICIOS DE MANTENIMIENTO,2,credit,4,2335,No,Si
23353501,Servicios De Mantenimiento,2,credit,5,233535,Si,Si
233540,ARRENDAMIENTOS,2,credit,4,2335,No,Si
23354001,Arrendamientos,2,credit,5,233540,Si,Si
233545,TRANSPORTES- FLETES Y ACARREOS,2,credit,4,2335,No,Si
23354501,Transportes- Fletes Y Acarreos,2,credit,5,233545,Si,Si
233550,SERVICIOS PUBLICOS,2,credit,4,2335,No,Si
23355001,Servicios Publicos,2,credit,5,233550,Si,Si
233555,SEGUROS,2,credit,4,2335,No,Si
23355501,Seguros,2,credit,5,233555,Si,Si
233560,GASTOS DE VIAJE,2,credit,4,2335,No,Si
23356001,Gastos De Viaje,2,credit,5,233560,Si,Si
233565,GASTOS DE REPRESENTACION Y RELACIONES PUBLICAS,2,credit,4,2335,No,Si
23356501,Gastos De Representacion Y Relaciones Publicas,2,credit,5,233565,Si,Si
233570,SERVICIOS ADUANEROS,2,credit,4,2335,No,Si
23357001,Servicios Aduaneros,2,credit,5,233570,Si,Si
233595,OTROS,2,credit,4,2335,No,Si
23359501,Otros,2,credit,5,233595,Si,Si
2340,INSTALAMENTOS POR PAGAR,2,credit,3,23,No,Si
2345,ACREEDORES OFICIALES,2,credit,3,23,No,Si
2350,REGALIAS POR PAGAR,2,credit,3,23,No,Si
2355,DEUDAS CON ACCIONISTAS O SOCIOS,2,credit,3,23,No,Si
235505,ACCIONISTAS,2,credit,4,2355,No,Si
23550501,Accionistas,2,credit,5,235505,Si,Si
235510,SOCIOS,2,credit,4,2355,No,Si
23551001,Socios,2,credit,5,235510,Si,Si
2357,DEUDAS CON DIRECTORES,2,credit,3,23,No,Si
2360,DIVIDENDOS O PARTICIPACIONES POR PAGAR,2,credit,3,23,No,Si
236005,DIVIDENDOS,2,credit,4,2360,No,Si
23600501,Dividendos,2,credit,5,236005,Si,Si
236010,PARTICIPACIONES,2,credit,4,2360,No,Si
23601001,Participaciones,2,credit,5,236010,Si,Si
2365,RETENCION EN LA FUENTE,2,credit,3,23,No,Si
236505,SALARIOS Y PAGOS LABORALES,2,credit,4,2365,No,Si
23650501,Salarios Y Pagos Laborales,2,credit,5,236505,Si,Si
236510,DIVIDENDOS Y/O PARTICIPACIONES,2,credit,4,2365,No,Si
23651001,Dividendos Y/O Participaciones Tarifa 15%,2,credit,5,236510,Si,Si
236515,HONORARIOS,2,credit,4,2365,No,Si
23651501,Honorarios Tarifa 10%,2,credit,5,236515,Si,Si
23651502,Honorarios Tarifa 11%,2,credit,5,236515,Si,Si
236520,COMISIONES,2,credit,4,2365,No,Si
23652001,Comisiones Tarifa 10%,2,credit,5,236520,Si,Si
23652002,Comisiones Tarifa 11%,2,credit,5,236520,Si,Si
236525,SERVICIOS,2,credit,4,2365,No,Si
23652501,Servicios Tarifa 4%,2,credit,5,236525,Si,Si
23652502,Servicios Tarifa 6%,2,credit,5,236525,Si,Si
236530,ARRENDAMIENTOS,2,credit,4,2365,No,Si
23653001,Arrendamientos Tarifa 3.5%,2,credit,5,236530,Si,Si
23653002,Arrendamientos Tarifa 4%,2,credit,5,236530,Si,Si
236535,RENDIMIENTOS FINANCIEROS,2,credit,4,2365,No,Si
23653501,Rendimientos Financieros Tarifa 2.5%,2,credit,5,236535,Si,Si
23653502,Rendimientos Financieros Tarifa 4%,2,credit,5,236535,Si,Si
23653503,Rendimientos Financieros Tarifa 7%,2,credit,5,236535,Si,Si
236540,COMPRAS,2,credit,4,2365,No,Si
23654001,Compras Tarifa 1.5%,2,credit,5,236540,Si,Si
23654002,Compras Tarifa 2.5%,2,credit,5,236540,Si,Si
23654003,Compras Tarifa 3.5%,2,credit,5,236540,Si,Si
236545,LOTERIAS- RIFAS- APUESTAS Y SIMILARES,2,credit,4,2365,No,Si
23654501,Loterias- Rifas- Apuestas Y Similares Tarifa 20%,2,credit,5,236545,Si,Si
236550,POR PAGOS AL EXTERIOR,2,credit,4,2365,No,Si
236555,POR INGRESOS OBTENIDOS EN EL EXTERIOR,2,credit,4,2365,No,Si
236560,ENAJENACION PROPIEDADES PLANTA Y EQUIPO- PERSONAS NATURALES,2,credit,4,2365,No,Si
236565,POR IMPUESTO DE TIMBRE,2,credit,4,2365,No,Si
23656501,Por Impuesto De Timbre Tarifa 1%,2,credit,5,236565,Si,Si
236570,OTRAS RETENCIONES Y PATRIMONIO,2,credit,4,2365,No,Si
236575,AUTORRETENCIONES,2,credit,4,2365,No,Si
23657501,Autorretenciones Tarifa 1.2%,2,credit,5,236575,Si,Si
23657502,Autorretenciones Tarifa 3.5%,2,credit,5,236575,Si,Si
23657503,Autorretenciones Tarifa 4.5%,2,credit,5,236575,Si,Si
2367,IMPUESTO A LAS VENTAS RETENIDO,2,credit,3,23,No,Si
236705,IMPUESTO A LAS VENTAS RETENIDO,2,credit,3,23,No,Si
23670501,Reteiva Tarifa 15%,2,credit,3,23,Si,Si
2368,IMPUESTO DE INDUSTRIA Y COMERCIO RETENIDO,2,credit,3,23,No,Si
2370,RETENCIONES Y APORTES DE NOMINA,2,credit,3,23,No,Si
237005,APORTES A ENTIDADES PROMOTORAS DE SALUD- EPS,2,credit,4,2370,No,Si
23700501,Aportes A Entidades Promotoras De Salud- Eps,2,credit,5,237005,Si,Si
237006,APORTES A ADMINISTRADORAS DE RIESGOS PROFESIONALES- ARP,2,credit,4,2370,No,Si
23700601,Aportes A Administradoras De Riesgos Profesionales- Arp,2,credit,5,237006,Si,Si
237010,APORTES AL ICBF- SENA Y CAJAS DE COMPENSACION,2,credit,4,2370,No,Si
23701001,Aportes Al Icbf- Sena Y Cajas De Compensacion,2,credit,5,237010,Si,Si
237015,APORTES AL FIC,2,credit,4,2370,No,Si
23701501,Aportes Al Fic,2,credit,5,237015,Si,Si
237025,EMBARGOS JUDICIALES,2,credit,4,2370,No,Si
23702501,Embargos Judiciales,2,credit,5,237025,Si,Si
237030,LIBRANZAS,2,credit,4,2370,No,Si
23703001,Libranzas,2,credit,5,237030,Si,Si
237035,SINDICATOS,2,credit,4,2370,No,Si
23703501,Sindicatos,2,credit,5,237035,Si,Si
237040,COOPERATIVAS,2,credit,4,2370,No,Si
23704001,Cooperativas,2,credit,5,237040,Si,Si
237045,FONDOS,2,credit,4,2370,No,Si
23704501,Fondos,2,credit,5,237045,Si,Si
237095,OTROS,2,credit,4,2370,No,Si
23709501,Otros,2,credit,5,237095,Si,Si
2375,CUOTAS POR DEVOLVER,2,credit,3,23,No,Si
2380,ACREEDORES VARIOS,2,credit,3,23,No,Si
238005,DEPOSITARIOS,2,credit,4,2380,No,Si
23800501,Depositarios,2,credit,5,238005,Si,Si
238010,COMISIONISTAS DE BOLSAS,2,credit,4,2380,No,Si
23801001,Comisionistas De Bolsas,2,credit,5,238010,Si,Si
238015,SOCIEDAD ADMINISTRADORA-FONDOS DE INVERSION,2,credit,4,2380,No,Si
23801501,Sociedad Administradora-Fondos De Inversion,2,credit,5,238015,Si,Si
238020,REINTEGROS POR PAGAR,2,credit,4,2380,No,Si
23802001,Reintegros Por Pagar,2,credit,5,238020,Si,Si
238025,FONDO DE PERSEVERANCIA,2,credit,4,2380,No,Si
23802501,Fondo De Perseverancia,2,credit,5,238025,Si,Si
238030,FONDOS DE CESANTIAS Y/O PENSIONES,2,credit,4,2380,No,Si
23803001,Fondos De Cesantias Y/O Pensiones,2,credit,5,238030,Si,Si
238035,DONACIONES ASIGNADAS POR PAGAR,2,credit,4,2380,No,Si
23803501,Donaciones Asignadas Por Pagar,2,credit,5,238035,Si,Si
238095,OTROS,2,credit,4,2380,No,Si
23809501,Otros,2,credit,5,238095,Si,Si
24,IMPUESTOS- GRAVAMENES Y TASAS,2,credit,2,2,No,Si
2404,DE RENTA Y COMPLEMENTARIOS,2,credit,3,24,No,Si
240405,VIGENCIA FISCAL CORRIENTE,2,credit,4,2404,No,Si
24040501,Vigencia Fiscal Corriente,2,credit,5,240405,Si,Si
240410,VIGENCIAS FISCALES ANTERIORES,2,credit,4,2404,No,Si
24041001,Vigencias Fiscales Anteriores,2,credit,5,240410,Si,Si
2408,IMPUESTO SOBRE LAS VENTAS POR PAGAR,2,credit,3,24,No,Si
240801,IMPUESTO GENERADO SOBRE LAS VENTAS,2,credit,3,24,No,Si
24080101,Iva Generado Ventas 19%,2,credit,3,24,Si,Si
24080102,Iva Generado Ventas 5%,2,credit,3,24,Si,Si
240802,IMPUESTO DESCONTABLE SOBRE COMPRAS,2,credit,3,24,No,Si
24080201,Iva Descontable Compras 19%,2,credit,3,24,Si,Si
24080202,Iva Descontable Compras 5%,2,credit,3,24,Si,Si
240803,IMPUESTO DESCONTABLE SOBRE GASTOS,2,credit,3,24,No,Si
24080301,Iva Descontable Gastos 19%,2,credit,3,24,Si,Si
24080302,Iva Descontable Gastos 5%,2,credit,3,24,Si,Si
240899,IMPUESTO POR PAGAR,2,credit,3,24,No,Si
24089901,Iva Pendiente Por Pagar,2,credit,3,24,Si,Si
2412,DE INDUSTRIA Y COMERCIO,2,credit,3,24,No,Si
241205,VIGENCIA FISCAL CORRIENTE,2,credit,4,2412,No,Si
24120501,Vigencia Fiscal Corriente,2,credit,5,241205,Si,Si
241210,VIGENCIAS FISCALES ANTERIORES,2,credit,4,2412,No,Si
24121001,Vigencias Fiscales Anteriores,2,credit,5,241210,Si,Si
2416,A LA PROPIEDAD RAIZ,2,credit,3,24,No,Si
2420,DERECHOS SOBRE INSTRUMENTOS PUBLICOS,2,credit,3,24,No,Si
2424,DE VALORIZACION,2,credit,3,24,No,Si
242405,VIGENCIA FISCAL CORRIENTE,2,credit,4,2424,No,Si
24240501,Vigencia Fiscal Corriente,2,credit,5,242405,Si,Si
242410,VIGENCIAS FISCALES ANTERIORES,2,credit,4,2424,No,Si
24241001,Vigencias Fiscales Anteriores,2,credit,5,242410,Si,Si
2428,DE TURISMO,2,credit,3,24,No,Si
2432,TASA POR UTILIZACION DE PUERTOS,2,credit,3,24,No,Si
2436,DE VEHICULOS,2,credit,3,24,No,Si
243605,VIGENCIA FISCAL CORRIENTE,2,credit,4,2436,No,Si
24360501,Vigencia Fiscal Corriente,2,credit,5,243605,Si,Si
243610,VIGENCIAS FISCALES ANTERIORES,2,credit,4,2436,No,Si
24361001,Vigencias Fiscales Anteriores,2,credit,5,243610,Si,Si
2440,DE ESPECTACULOS PUBLICOS,2,credit,3,24,No,Si
2444,DE HIDROCARBUROS Y MINAS,2,credit,3,24,No,Si
2448,REGALIAS E IMPUESTOS A LA PEQUEÑA Y MEDIANA MINERIA,2,credit,3,24,No,Si
2452,A LAS EXPORTACIONES CAFETERAS,2,credit,3,24,No,Si
2456,A LAS IMPORTACIONES,2,credit,3,24,No,Si
2460,CUOTAS DE FOMENTO,2,credit,3,24,No,Si
2464,DE LICORES- CERVEZAS Y CIGARRILLOS,2,credit,3,24,No,Si
246405,DE LICORES,2,credit,4,2464,No,Si
24640501,De Licores,2,credit,5,246405,Si,Si
246410,DE CERVEZAS,2,credit,4,2464,No,Si
24641001,De Cervezas,2,credit,5,246410,Si,Si
246415,DE CIGARRILLOS,2,credit,4,2464,No,Si
24641501,De Cigarrillos,2,credit,5,246415,Si,Si
2468,AL SACRIFICIO DE GANADO,2,credit,3,24,No,Si
2472,AL AZAR Y JUEGOS,2,credit,3,24,No,Si
2476,GRAVAMENES Y REGALIAS POR UTILIZACION DEL SUELO,2,credit,3,24,No,Si
2495,OTROS,2,credit,3,24,No,Si
25,OBLIGACIONES LABORALES,2,credit,2,2,No,Si
2505,SALARIOS POR PAGAR,2,credit,3,25,No,Si
2510,CESANTIAS CONSOLIDADAS,2,credit,3,25,No,Si
251005,LEY LABORAL ANTERIOR,2,credit,4,2510,No,Si
25100501,Ley Laboral Anterior,2,credit,5,251005,Si,Si
251010,LEY 50 DE 1990 Y NORMAS POSTERIORES,2,credit,4,2510,No,Si
25101001,Ley 50 De 1990 Y Normas Posteriores,2,credit,5,251010,Si,Si
2515,INTERESES SOBRE CESANTIAS,2,credit,3,25,No,Si
251505,INTERESES SOBRE CESANTIAS,2,credit,3,25,No,Si
25150501,Intereses Sobre Cesantias,2,credit,3,25,Si,Si
2520,PRIMA DE SERVICIOS,2,credit,3,25,No,Si
252005,PRIMA DE SERVICIOS,2,credit,3,25,No,Si
25200501,Prima De Servicios,2,credit,3,25,Si,Si
2525,VACACIONES CONSOLIDADAS,2,credit,3,25,No,Si
252505,VACACIONES CONSOLIDADAS,2,credit,3,25,No,Si
25250501,Vacaciones Consolidadas,2,credit,3,25,Si,Si
2530,PRESTACIONES EXTRALEGALES,2,credit,3,25,No,Si
253005,PRESTACIONES EXTRALEGALES,2,credit,3,25,No,Si
25300501,Prestaciones Extralegales,2,credit,3,25,Si,Si
253005,PRIMAS,2,credit,4,2530,No,Si
25300501,Primas,2,credit,5,253005,Si,Si
253010,AUXILIOS,2,credit,4,2530,No,Si
25301001,Auxilios,2,credit,5,253010,Si,Si
253015,DOTACION Y SUMINISTRO A TRABAJADORES,2,credit,4,2530,No,Si
25301501,Dotacion Y Suministro A Trabajadores,2,credit,5,253015,Si,Si
253020,BONIFICACIONES,2,credit,4,2530,No,Si
25302001,Bonificaciones,2,credit,5,253020,Si,Si
253025,SEGUROS,2,credit,4,2530,No,Si
25302501,Seguros,2,credit,5,253025,Si,Si
253095,OTRAS,2,credit,4,2530,No,Si
25309501,Otras,2,credit,5,253095,Si,Si
2532,PENSIONES POR PAGAR,2,credit,3,25,No,Si
2535,CUOTAS PARTES PENSIONES DE JUBILACION,2,credit,3,25,No,Si
2540,INDEMNIZACIONES LABORALES,2,credit,3,25,No,Si
26,PASIVOS ESTIMADOS Y PROVISIONES,2,credit,2,2,No,Si
2605,PARA COSTOS Y GASTOS,2,credit,3,26,No,Si
260505,INTERESES,2,credit,4,2605,No,Si
26050501,Intereses,2,credit,5,260505,Si,Si
260510,COMISIONES,2,credit,4,2605,No,Si
26051001,Comisiones,2,credit,5,260510,Si,Si
260515,HONORARIOS,2,credit,4,2605,No,Si
26051501,Honorarios,2,credit,5,260515,Si,Si
260520,SERVICIOS TECNICOS,2,credit,4,2605,No,Si
26052001,Servicios Tecnicos,2,credit,5,260520,Si,Si
260525,TRANSPORTES- FLETES Y ACARREOS,2,credit,4,2605,No,Si
26052501,Transportes- Fletes Y Acarreos,2,credit,5,260525,Si,Si
260530,GASTOS DE VIAJE,2,credit,4,2605,No,Si
26053001,Gastos De Viaje,2,credit,5,260530,Si,Si
260535,SERVICIOS PUBLICOS,2,credit,4,2605,No,Si
26053501,Servicios Publicos,2,credit,5,260535,Si,Si
260540,REGALIAS,2,credit,4,2605,No,Si
26054001,Regalias,2,credit,5,260540,Si,Si
260545,GARANTIAS,2,credit,4,2605,No,Si
26054501,Garantias,2,credit,5,260545,Si,Si
260550,MATERIALES Y REPUESTOS,2,credit,4,2605,No,Si
26055001,Materiales Y Repuestos,2,credit,5,260550,Si,Si
260595,OTROS,2,credit,4,2605,No,Si
26059501,Otros,2,credit,5,260595,Si,Si
2610,PARA OBLIGACIONES LABORALES,2,credit,3,26,No,Si
261005,CESANTIAS,2,credit,4,2610,No,Si
26100501,Cesantias,2,credit,5,261005,Si,Si
261010,INTERESES SOBRE CESANTIAS,2,credit,4,2610,No,Si
26101001,Intereses Sobre Cesantias,2,credit,5,261010,Si,Si
261015,VACACIONES,2,credit,4,2610,No,Si
26101501,Vacaciones,2,credit,5,261015,Si,Si
261020,PRIMA DE SERVICIOS,2,credit,4,2610,No,Si
26102001,Prima De Servicios,2,credit,5,261020,Si,Si
261025,PRESTACIONES EXTRALEGALES,2,credit,4,2610,No,Si
26102501,Prestaciones Extralegales,2,credit,5,261025,Si,Si
261030,VIATICOS,2,credit,4,2610,No,Si
26103001,Viaticos,2,credit,5,261030,Si,Si
261095,OTRAS,2,credit,4,2610,No,Si
26109501,Otras,2,credit,5,261095,Si,Si
2615,PARA OBLIGACIONES FISCALES,2,credit,3,26,No,Si
261505,DE RENTA Y COMPLEMENTARIOS,2,credit,4,2615,No,Si
26150501,De Renta Y Complementarios,2,credit,5,261505,Si,Si
261510,DE INDUSTRIA Y COMERCIO,2,credit,4,2615,No,Si
26151001,De Industria Y Comercio,2,credit,5,261510,Si,Si
261515,TASA POR UTILIZACION DE PUERTOS,2,credit,4,2615,No,Si
26151501,Tasa Por Utilizacion De Puertos,2,credit,5,261515,Si,Si
261520,DE VEHICULOS,2,credit,4,2615,No,Si
26152001,De Vehiculos,2,credit,5,261520,Si,Si
261525,DE HIDROCARBUROS Y MINAS,2,credit,4,2615,No,Si
26152501,De Hidrocarburos Y Minas,2,credit,5,261525,Si,Si
261595,OTROS,2,credit,4,2615,No,Si
26159501,Otros,2,credit,5,261595,Si,Si
2620,PENSIONES DE JUBILACION,2,credit,3,26,No,Si
262005,CALCULO ACTUARIAL PENSIONES DE JUBILACION,2,credit,4,2620,No,Si
26200501,Calculo Actuarial Pensiones De Jubilacion,2,credit,5,262005,Si,Si
262010,PENSIONES DE JUBILACION POR AMORTIZAR (DB),2,credit,4,2620,No,Si
26201001,Pensiones De Jubilacion Por Amortizar (Db),2,credit,5,262010,Si,Si
2625,PARA OBRAS DE URBANISMO,2,credit,3,26,No,Si
262505,ACUEDUCTO Y ALCANTARILLADO,2,credit,4,2625,No,Si
26250501,Acueducto Y Alcantarillado,2,credit,5,262505,Si,Si
262510,ENERGIA ELECTRICA,2,credit,4,2625,No,Si
26251001,Energia Electrica,2,credit,5,262510,Si,Si
262515,TELEFONOS,2,credit,4,2625,No,Si
26251501,Telefonos,2,credit,5,262515,Si,Si
262595,OTROS,2,credit,4,2625,No,Si
26259501,Otros,2,credit,5,262595,Si,Si
2630,PARA MANTENIMIENTO Y REPARACIONES,2,credit,3,26,No,Si
263005,TERRENOS,2,credit,4,2630,No,Si
26300501,Terrenos,2,credit,5,263005,Si,Si
263010,CONSTRUCCIONES Y EDIFICACIONES,2,credit,4,2630,No,Si
26301001,Construcciones Y Edificaciones,2,credit,5,263010,Si,Si
263015,MAQUINARIA Y EQUIPO,2,credit,4,2630,No,Si
26301501,Maquinaria Y Equipo,2,credit,5,263015,Si,Si
263020,EQUIPO DE OFICINA,2,credit,4,2630,No,Si
26302001,Equipo De Oficina,2,credit,5,263020,Si,Si
263025,EQUIPO DE COMPUTACION Y COMUNICACION,2,credit,4,2630,No,Si
26302501,Equipo De Computacion Y Comunicacion,2,credit,5,263025,Si,Si
263030,EQUIPO MEDICO-CIENTIFICO,2,credit,4,2630,No,Si
26303001,Equipo Medico-Cientifico,2,credit,5,263030,Si,Si
263035,EQUIPO DE HOTELES Y RESTAURANTES,2,credit,4,2630,No,Si
26303501,Equipo De Hoteles Y Restaurantes,2,credit,5,263035,Si,Si
263040,FLOTA Y EQUIPO DE TRANSPORTE,2,credit,4,2630,No,Si
26304001,Flota Y Equipo De Transporte,2,credit,5,263040,Si,Si
263045,FLOTA Y EQUIPO FLUVIAL Y/O MARITIMO,2,credit,4,2630,No,Si
26304501,Flota Y Equipo Fluvial Y/O Maritimo,2,credit,5,263045,Si,Si
263050,FLOTA Y EQUIPO AEREO,2,credit,4,2630,No,Si
26305001,Flota Y Equipo Aereo,2,credit,5,263050,Si,Si
263055,FLOTA Y EQUIPO FERREO,2,credit,4,2630,No,Si
26305501,Flota Y Equipo Ferreo,2,credit,5,263055,Si,Si
263060,ACUEDUCTOS- PLANTAS Y REDES,2,credit,4,2630,No,Si
26306001,Acueductos- Plantas Y Redes,2,credit,5,263060,Si,Si
263065,ARMAMENTO DE VIGILANCIA,2,credit,4,2630,No,Si
26306501,Armamento De Vigilancia,2,credit,5,263065,Si,Si
263070,ENVASES Y EMPAQUES,2,credit,4,2630,No,Si
26307001,Envases Y Empaques,2,credit,5,263070,Si,Si
263075,PLANTACIONES AGRICOLAS Y FORESTALES,2,credit,4,2630,No,Si
26307501,Plantaciones Agricolas Y Forestales,2,credit,5,263075,Si,Si
263080,VIAS DE COMUNICACION,2,credit,4,2630,No,Si
26308001,Vias De Comunicacion,2,credit,5,263080,Si,Si
263085,POZOS ARTESIANOS,2,credit,4,2630,No,Si
26308501,Pozos Artesianos,2,credit,5,263085,Si,Si
263095,OTROS,2,credit,4,2630,No,Si
26309501,Otros,2,credit,5,263095,Si,Si
2635,PARA CONTINGENCIAS,2,credit,3,26,No,Si
263505,MULTAS Y SANCIONES AUTORIDADES ADMINISTRATIVAS,2,credit,4,2635,No,Si
26350501,Multas Y Sanciones Autoridades Administrativas,2,credit,5,263505,Si,Si
263510,INTERESES POR MULTAS Y SANCIONES,2,credit,4,2635,No,Si
26351001,Intereses Por Multas Y Sanciones,2,credit,5,263510,Si,Si
263515,RECLAMOS,2,credit,4,2635,No,Si
26351501,Reclamos,2,credit,5,263515,Si,Si
263520,LABORALES,2,credit,4,2635,No,Si
26352001,Laborales,2,credit,5,263520,Si,Si
263525,CIVILES,2,credit,4,2635,No,Si
26352501,Civiles,2,credit,5,263525,Si,Si
263530,PENALES,2,credit,4,2635,No,Si
26353001,Penales,2,credit,5,263530,Si,Si
263535,ADMINISTRATIVOS,2,credit,4,2635,No,Si
26353501,Administrativos,2,credit,5,263535,Si,Si
263540,COMERCIALES,2,credit,4,2635,No,Si
26354001,Comerciales,2,credit,5,263540,Si,Si
263595,OTRAS,2,credit,4,2635,No,Si
26359501,Otras,2,credit,5,263595,Si,Si
2640,PARA OBLIGACIONES DE GARANTIAS,2,credit,3,26,No,Si
2695,PROVISIONES DIVERSAS,2,credit,3,26,No,Si
269505,PARA BENEFICENCIA,2,credit,4,2695,No,Si
26950501,Para Beneficencia,2,credit,5,269505,Si,Si
269510,PARA COMUNICACIONES,2,credit,4,2695,No,Si
26951001,Para Comunicaciones,2,credit,5,269510,Si,Si
269515,PARA PERDIDA EN TRANSPORTE,2,credit,4,2695,No,Si
26951501,Para Perdida En Transporte,2,credit,5,269515,Si,Si
269520,PARA OPERACION,2,credit,4,2695,No,Si
26952001,Para Operacion,2,credit,5,269520,Si,Si
269525,PARA PROTECCION DE BIENES AGOTABLES,2,credit,4,2695,No,Si
26952501,Para Proteccion De Bienes Agotables,2,credit,5,269525,Si,Si
269530,PARA AJUSTES EN REDENCION DE UNIDADES,2,credit,4,2695,No,Si
26953001,Para Ajustes En Redencion De Unidades,2,credit,5,269530,Si,Si
269535,AUTOSEGURO,2,credit,4,2695,No,Si
26953501,Autoseguro,2,credit,5,269535,Si,Si
269540,PLANES Y PROGRAMAS DE REFORESTACION Y ELECTRIFICACION,2,credit,4,2695,No,Si
26954001,Planes Y Programas De Reforestacion Y Electrificacion,2,credit,5,269540,Si,Si
269595,OTRAS,2,credit,4,2695,No,Si
26959501,Otras,2,credit,5,269595,Si,Si
27,DIFERIDOS,2,credit,2,2,No,Si
2705,INGRESOS RECIBIDOS POR ANTICIPADO,2,credit,3,27,No,Si
270505,INTERESES,2,credit,4,2705,No,Si
27050501,Intereses,2,credit,5,270505,Si,Si
270510,COMISIONES,2,credit,4,2705,No,Si
27051001,Comisiones,2,credit,5,270510,Si,Si
270515,ARRENDAMIENTOS,2,credit,4,2705,No,Si
27051501,Arrendamientos,2,credit,5,270515,Si,Si
270520,HONORARIOS,2,credit,4,2705,No,Si
27052001,Honorarios,2,credit,5,270520,Si,Si
270525,SERVICIOS TECNICOS,2,credit,4,2705,No,Si
27052501,Servicios Tecnicos,2,credit,5,270525,Si,Si
270530,DE SUSCRIPTORES,2,credit,4,2705,No,Si
27053001,De Suscriptores,2,credit,5,270530,Si,Si
270535,TRANSPORTES- FLETES Y ACARREOS,2,credit,4,2705,No,Si
27053501,Transportes- Fletes Y Acarreos,2,credit,5,270535,Si,Si
270540,MERCANCIA EN TRANSITO YA VENDIDA,2,credit,4,2705,No,Si
27054001,Mercancia En Transito Ya Vendida,2,credit,5,270540,Si,Si
270545,MATRICULAS Y PENSIONES,2,credit,4,2705,No,Si
27054501,Matriculas Y Pensiones,2,credit,5,270545,Si,Si
270550,CUOTAS DE ADMINISTRACION,2,credit,4,2705,No,Si
27055001,Cuotas De Administracion,2,credit,5,270550,Si,Si
270595,OTROS,2,credit,4,2705,No,Si
27059501,Otros,2,credit,5,270595,Si,Si
2710,ABONOS DIFERIDOS,2,credit,3,27,No,Si
271005,REAJUSTE DEL SISTEMA,2,credit,4,2710,No,Si
27100501,Reajuste Del Sistema,2,credit,5,271005,Si,Si
2715,UTILIDAD DIFERIDA EN VENTAS A PLAZOS,2,credit,3,27,No,Si
2720,CREDITO POR CORRECCION MONETARIA DIFERIDA,2,credit,3,27,No,Si
2725,IMPUESTOS DIFERIDOS,2,credit,3,27,No,Si
272505,POR DEPRECIACION FLEXIBLE,2,credit,4,2725,No,Si
27250501,Por Depreciacion Flexible,2,credit,5,272505,Si,Si
272595,DIVERSOS,2,credit,4,2725,No,Si
27259501,Diversos,2,credit,5,272595,Si,Si
28,OTROS PASIVOS,2,credit,2,2,No,Si
2805,ANTICIPOS Y AVANCES RECIBIDOS,2,credit,3,28,No,Si
280505,DE CLIENTES,2,credit,4,2805,No,Si
28050501,De Clientes,2,credit,5,280505,Si,Si
280510,SOBRE CONTRATOS,2,credit,4,2805,No,Si
28051001,Sobre Contratos,2,credit,5,280510,Si,Si
280515,PARA OBRAS EN PROCESO,2,credit,4,2805,No,Si
28051501,Para Obras En Proceso,2,credit,5,280515,Si,Si
280595,OTROS,2,credit,4,2805,No,Si
28059501,Otros,2,credit,5,280595,Si,Si
2810,DEPOSITOS RECIBIDOS,2,credit,3,28,No,Si
281005,PARA FUTURA SUSCRIPCION DE ACCIONES,2,credit,4,2810,No,Si
28100501,Para Futura Suscripcion De Acciones,2,credit,5,281005,Si,Si
281010,PARA FUTURO PAGO DE CUOTAS O DERECHOS SOCIALES,2,credit,4,2810,No,Si
28101001,Para Futuro Pago De Cuotas O Derechos Sociales,2,credit,5,281010,Si,Si
281015,PARA GARANTIA EN LA PRESTACION DE SERVICIOS,2,credit,4,2810,No,Si
28101501,Para Garantia En La Prestacion De Servicios,2,credit,5,281015,Si,Si
281020,PARA GARANTIA DE CONTRATOS,2,credit,4,2810,No,Si
28102001,Para Garantia De Contratos,2,credit,5,281020,Si,Si
281025,DE LICITACIONES,2,credit,4,2810,No,Si
28102501,De Licitaciones,2,credit,5,281025,Si,Si
281030,DE MANEJO DE BIENES,2,credit,4,2810,No,Si
28103001,De Manejo De Bienes,2,credit,5,281030,Si,Si
281035,FONDO DE RESERVA,2,credit,4,2810,No,Si
28103501,Fondo De Reserva,2,credit,5,281035,Si,Si
281095,OTROS,2,credit,4,2810,No,Si
28109501,Otros,2,credit,5,281095,Si,Si
2815,INGRESOS RECIBIDOS PARA TERCEROS,2,credit,3,28,No,Si
281505,VALORES RECIBIDOS PARA TERCEROS,2,credit,4,2815,No,Si
28150501,Valores Recibidos Para Terceros,2,credit,5,281505,Si,Si
281510,VENTA POR CUENTA DE TERCEROS,2,credit,4,2815,No,Si
28151001,Venta Por Cuenta De Terceros,2,credit,5,281510,Si,Si
2820,CUENTAS DE OPERACION CONJUNTA,2,credit,3,28,No,Si
2825,RETENCIONES A TERCEROS SOBRE CONTRATOS,2,credit,3,28,No,Si
282505,CUMPLIMIENTO OBLIGACIONES LABORALES,2,credit,4,2825,No,Si
28250501,Cumplimiento Obligaciones Laborales,2,credit,5,282505,Si,Si
282510,PARA ESTABILIDAD DE OBRA,2,credit,4,2825,No,Si
28251001,Para Estabilidad De Obra,2,credit,5,282510,Si,Si
282515,GARANTIA CUMPLIMIENTO DE CONTRATOS,2,credit,4,2825,No,Si
28251501,Garantia Cumplimiento De Contratos,2,credit,5,282515,Si,Si
2830,EMBARGOS JUDICIALES,2,credit,3,28,No,Si
283005,INDEMNIZACIONES,2,credit,4,2830,No,Si
28300501,Indemnizaciones,2,credit,5,283005,Si,Si
283010,DEPOSITOS JUDICIALES,2,credit,4,2830,No,Si
28301001,Depositos Judiciales,2,credit,5,283010,Si,Si
2835,ACREEDORES DEL SISTEMA,2,credit,3,28,No,Si
283505,CUOTAS NETAS,2,credit,4,2835,No,Si
28350501,Cuotas Netas,2,credit,5,283505,Si,Si
283510,GRUPOS EN FORMACION,2,credit,4,2835,No,Si
28351001,Grupos En Formacion,2,credit,5,283510,Si,Si
2840,CUENTAS EN PARTICIPACION,2,credit,3,28,No,Si
2895,DIVERSOS,2,credit,3,28,No,Si
289505,PRESTAMOS DE PRODUCTOS,2,credit,4,2895,No,Si
28950501,Prestamos De Productos,2,credit,5,289505,Si,Si
289510,REEMBOLSO DE COSTOS EXPLORATORIOS,2,credit,4,2895,No,Si
28951001,Reembolso De Costos Exploratorios,2,credit,5,289510,Si,Si
289515,PROGRAMA DE EXTENSION AGROPECUARIA,2,credit,4,2895,No,Si
28951501,Programa De Extension Agropecuaria,2,credit,5,289515,Si,Si
29,BONOS Y PAPELES COMERCIALES,2,credit,2,2,No,Si
2905,BONOS EN CIRCULACION,2,credit,3,29,No,Si
2910,BONOS OBLIGATORIAMENTE CONVERTIBLES EN ACCIONES,2,credit,3,29,No,Si
2915,PAPELES COMERCIALES,2,credit,3,29,No,Si
2920,BONOS PENSIONALES,2,credit,3,29,No,Si
292005,VALOR BONOS PENSIONALES,2,credit,4,2920,No,Si
29200501,Valor Bonos Pensionales,2,credit,5,292005,Si,Si
292010,BONOS PENSIONALES POR AMORTIZAR (DB),2,credit,4,2920,No,Si
29201001,Bonos Pensionales Por Amortizar (Db),2,credit,5,292010,Si,Si
292015,INTERESES CAUSADOS SOBRE BONOS PENSIONALES,2,credit,4,2920,No,Si
29201501,Intereses Causados Sobre Bonos Pensionales,2,credit,5,292015,Si,Si
2925,TITULOS PENSIONALES,2,credit,3,29,No,Si
292505,VALOR TITULOS PENSIONALES,2,credit,4,2925,No,Si
29250501,Valor Titulos Pensionales,2,credit,5,292505,Si,Si
292510,TITULOS PENSIONALES POR AMORTIZAR (DB),2,credit,4,2925,No,Si
29251001,Titulos Pensionales Por Amortizar (Db),2,credit,5,292510,Si,Si
292515,INTERESES CAUSADOS SOBRE TITULOS PENSIONALES,2,credit,4,2925,No,Si
29251501,Intereses Causados Sobre Titulos Pensionales,2,credit,5,292515,Si,Si
3,PATRIMONIO,3,credit,1,,No,Si
31,CAPITAL SOCIAL,3,credit,2,3,No,Si
3105,CAPITAL SUSCRITO Y PAGADO,3,credit,3,31,No,Si
310505,CAPITAL AUTORIZADO,3,credit,4,3105,No,Si
31050501,Capital Autorizado,3,credit,5,310505,Si,Si
310510,CAPITAL POR SUSCRIBIR (DB),3,credit,4,3105,No,Si
31051001,Capital Por Suscribir (Db),3,credit,5,310510,Si,Si
310515,CAPITAL SUSCRITO POR COBRAR (DB),3,credit,4,3105,No,Si
31051501,Capital Suscrito Por Cobrar (Db),3,credit,5,310515,Si,Si
3115,APORTES SOCIALES,3,credit,3,31,No,Si
311505,CUOTAS O PARTES DE INTERES SOCIAL,3,credit,4,3115,No,Si
31150501,Cuotas O Partes De Interes Social,3,credit,5,311505,Si,Si
311510,APORTES DE SOCIOS-FONDO MUTUO DE INVERSION,3,credit,4,3115,No,Si
31151001,Aportes De Socios-Fondo Mutuo De Inversion,3,credit,5,311510,Si,Si
311515,CONTRIBUCION DE LA EMPRESA-FONDO MUTUO DE INVERSION,3,credit,4,3115,No,Si
31151501,Contribucion De La Empresa-Fondo Mutuo De Inversion,3,credit,5,311515,Si,Si
311520,SUSCRIPCIONES DEL PUBLICO,3,credit,4,3115,No,Si
31152001,Suscripciones Del Publico,3,credit,5,311520,Si,Si
3120,CAPITAL ASIGNADO,3,credit,3,31,No,Si
3125,INVERSION SUPLEMENTARIA AL CAPITAL ASIGNADO,3,credit,3,31,No,Si
3130,CAPITAL DE PERSONAS NATURALES,3,credit,3,31,No,Si
3135,APORTES DEL ESTADO,3,credit,3,31,No,Si
3140,FONDO SOCIAL,3,credit,3,31,No,Si
32,SUPERAVIT DE CAPITAL,3,credit,2,3,No,Si
3205,PRIMA EN COLOCACION DE ACCIONES- CUOTAS O PARTES DE INTERES SOCIAL,3,credit,3,32,No,Si
320505,PRIMA EN COLOCACION DE ACCIONES,3,credit,4,3205,No,Si
32050501,Prima En Colocacion De Acciones,3,credit,5,320505,Si,Si
320510,PRIMA EN COLOCACION DE ACCIONES POR COBRAR (DB),3,credit,4,3205,No,Si
32051001,Prima En Colocacion De Acciones Por Cobrar (Db),3,credit,5,320510,Si,Si
320515,PRIMA EN COLOCACION DE CUOTAS O PARTES DE INTERES SOCIAL,3,credit,4,3205,No,Si
32051501,Prima En Colocacion De Cuotas O Partes De Interes Social,3,credit,5,320515,Si,Si
3210,DONACIONES,3,credit,3,32,No,Si
321005,EN DINERO,3,credit,4,3210,No,Si
32100501,En Dinero,3,credit,5,321005,Si,Si
321010,EN VALORES MOBILIARIOS,3,credit,4,3210,No,Si
32101001,En Valores Mobiliarios,3,credit,5,321010,Si,Si
321015,EN BIENES MUEBLES,3,credit,4,3210,No,Si
32101501,En Bienes Muebles,3,credit,5,321015,Si,Si
321020,EN BIENES INMUEBLES,3,credit,4,3210,No,Si
32102001,En Bienes Inmuebles,3,credit,5,321020,Si,Si
321025,EN INTANGIBLES,3,credit,4,3210,No,Si
32102501,En Intangibles,3,credit,5,321025,Si,Si
3215,CREDITO MERCANTIL,3,credit,3,32,No,Si
3220,KNOW HOW,3,credit,3,32,No,Si
3225,SUPERAVIT METODO DE PARTICIPACION,3,credit,3,32,No,Si
322505,DE ACCIONES,3,credit,4,3225,No,Si
32250501,De Acciones,3,credit,5,322505,Si,Si
322510,DE CUOTAS O PARTES DE INTERES SOCIAL,3,credit,4,3225,No,Si
32251001,De Cuotas O Partes De Interes Social,3,credit,5,322510,Si,Si
33,RESERVAS,3,credit,2,3,No,Si
3305,RESERVAS OBLIGATORIAS,3,credit,3,33,No,Si
330505,RESERVA LEGAL,3,credit,4,3305,No,Si
33050501,Reserva Legal,3,credit,5,330505,Si,Si
330510,RESERVAS POR DISPOSICIONES FISCALES,3,credit,4,3305,No,Si
33051001,Reservas Por Disposiciones Fiscales,3,credit,5,330510,Si,Si
330515,RESERVA PARA READQUISICION DE ACCIONES,3,credit,4,3305,No,Si
33051501,Reserva Para Readquisicion De Acciones,3,credit,5,330515,Si,Si
330516,ACCIONES PROPIAS READQUIRIDAS (DB),3,credit,4,3305,No,Si
33051601,Acciones Propias Readquiridas (Db),3,credit,5,330516,Si,Si
330517,RESERVA PARA READQUISICION DE CUOTAS O PARTES DE INTERES SOCIAL,3,credit,4,3305,No,Si
33051701,Reserva Para Readquisicion De Cuotas O Partes De Interes Social,3,credit,5,330517,Si,Si
330518,CUOTAS O PARTES DE INTERES SOCIAL PROPIAS READQUIRIDAS (DB),3,credit,4,3305,No,Si
33051801,Cuotas O Partes De Interes Social Propias Readquiridas (Db),3,credit,5,330518,Si,Si
330520,RESERVA PARA EXTENSION AGROPECUARIA,3,credit,4,3305,No,Si
33052001,Reserva Para Extension Agropecuaria,3,credit,5,330520,Si,Si
330525,RESERVA LEY 7ª DE 1990,3,credit,4,3305,No,Si
33052501,Reserva Ley 7ª De 1990,3,credit,5,330525,Si,Si
330530,RESERVA PARA REPOSICION DE SEMOVIENTES,3,credit,4,3305,No,Si
33053001,Reserva Para Reposicion De Semovientes,3,credit,5,330530,Si,Si
330535,RESERVA LEY 4ª DE 1980,3,credit,4,3305,No,Si
33053501,Reserva Ley 4ª De 1980,3,credit,5,330535,Si,Si
330595,OTRAS,3,credit,4,3305,No,Si
33059501,Otras,3,credit,5,330595,Si,Si
3310,RESERVAS ESTATUTARIAS,3,credit,3,33,No,Si
331005,PARA FUTURAS CAPITALIZACIONES,3,credit,4,3310,No,Si
33100501,Para Futuras Capitalizaciones,3,credit,5,331005,Si,Si
331010,PARA REPOSICION DE ACTIVOS,3,credit,4,3310,No,Si
33101001,Para Reposicion De Activos,3,credit,5,331010,Si,Si
331015,PARA FUTUROS ENSANCHES,3,credit,4,3310,No,Si
33101501,Para Futuros Ensanches,3,credit,5,331015,Si,Si
331095,OTRAS,3,credit,4,3310,No,Si
33109501,Otras,3,credit,5,331095,Si,Si
3315,RESERVAS OCASIONALES,3,credit,3,33,No,Si
331505,PARA BENEFICENCIA Y CIVISMO,3,credit,4,3315,No,Si
33150501,Para Beneficencia Y Civismo,3,credit,5,331505,Si,Si
331510,PARA FUTURAS CAPITALIZACIONES,3,credit,4,3315,No,Si
33151001,Para Futuras Capitalizaciones,3,credit,5,331510,Si,Si
331515,PARA FUTUROS ENSANCHES,3,credit,4,3315,No,Si
33151501,Para Futuros Ensanches,3,credit,5,331515,Si,Si
331520,PARA ADQUISICION O REPOSICION DE PROPIEDADES- PLANTA Y EQUIPO,3,credit,4,3315,No,Si
33152001,Para Adquisicion O Reposicion De Propiedades- Planta Y Equipo,3,credit,5,331520,Si,Si
331525,PARA INVESTIGACIONES Y DESARROLLO,3,credit,4,3315,No,Si
33152501,Para Investigaciones Y Desarrollo,3,credit,5,331525,Si,Si
331530,PARA FOMENTO ECONOMICO,3,credit,4,3315,No,Si
33153001,Para Fomento Economico,3,credit,5,331530,Si,Si
331535,PARA CAPITAL DE TRABAJO,3,credit,4,3315,No,Si
33153501,Para Capital De Trabajo,3,credit,5,331535,Si,Si
331540,PARA ESTABILIZACION DE RENDIMIENTOS,3,credit,4,3315,No,Si
33154001,Para Estabilizacion De Rendimientos,3,credit,5,331540,Si,Si
331545,A DISPOSICION DEL MAXIMO ORGANO SOCIAL,3,credit,4,3315,No,Si
33154501,A Disposicion Del Maximo Organo Social,3,credit,5,331545,Si,Si
331595,OTRAS,3,credit,4,3315,No,Si
33159501,Otras,3,credit,5,331595,Si,Si
34,REVALORIZACION DEL PATRIMONIO,3,credit,2,3,No,Si
3405,AJUSTES POR INFLACION,3,credit,3,34,No,Si
3410,SANEAMIENTO FISCAL,3,credit,3,34,No,Si
3415,AJUSTES POR INFLACION DECRETO 3019 DE 1989,3,credit,3,34,No,Si
35,DIVIDENDOS O PARTICIPACIONES DECRETADOS EN ACCIONES- CUOTAS O PARTES DE INTERES SOCIAL,3,credit,2,3,No,Si
3505,DIVIDENDOS DECRETADOS EN ACCIONES,3,credit,3,35,No,Si
3510,PARTICIPACIONES DECRETADAS EN CUOTAS O PARTES DE INTERES SOCIAL,3,credit,3,35,No,Si
36,RESULTADOS DEL EJERCICIO,3,credit,2,3,No,Si
36050501,Utilidad Del Ejercicio,3,credit,3,36,Si,Si
360505,UTILIDAD DEL EJERCICIO,3,credit,3,36,No,Si
3605,UTILIDAD DEL EJERCICIO,3,credit,3,36,No,Si
36100501,Perdida Del Ejercicio,3,credit,3,36,Si,Si
361005,PERDIDA DEL EJERCICIO,3,credit,3,36,No,Si
3610,PERDIDA DEL EJERCICIO,3,credit,3,36,No,Si
37,RESULTADOS DE EJERCICIOS ANTERIORES,3,credit,2,3,No,Si
37050501,Utilidades Acumuladas,3,credit,3,37,Si,Si
370505,UTILIDADES ACUMULADAS,3,credit,3,37,No,Si
3705,UTILIDADES ACUMULADAS,3,credit,3,37,No,Si
37100501,Perdidas Acumuladas,3,credit,3,37,Si,Si
371005,PERDIDAS ACUMULADAS,3,credit,3,37,No,Si
3710,PERDIDAS ACUMULADAS,3,credit,3,37,No,Si
38,SUPERAVIT POR VALORIZACIONES,3,credit,2,3,No,Si
3805,DE INVERSIONES,3,credit,3,38,No,Si
3810,DE PROPIEDADES- PLANTA Y EQUIPO,3,credit,3,38,No,Si
3895,DE OTROS ACTIVOS,3,credit,3,38,No,Si
4,INGRESOS,4,credit,1,,No,Si
41,OPERACIONALES,4,credit,2,4,No,Si
4105,AGRICULTURA- GANADERIA- CAZA Y SILVICULTURA,4,credit,3,41,No,Si
410595,ACTIVIDADES CONEXAS,4,credit,4,4105,No,Si
41059501,Actividades Conexas,4,credit,5,410595,Si,Si
4110,PESCA,4,credit,3,41,No,Si
411095,ACTIVIDADES CONEXAS,4,credit,4,4110,No,Si
41109501,Actividades Conexas,4,credit,5,411095,Si,Si
4115,EXPLOTACION DE MINAS Y CANTERAS,4,credit,3,41,No,Si
411595,ACTIVIDADES CONEXAS,4,credit,4,4115,No,Si
41159501,Actividades Conexas,4,credit,5,411595,Si,Si
4120,INDUSTRIAS MANUFACTURERAS,4,credit,3,41,No,Si
412095,PRODUCTOS DE OTRAS INDUSTRIAS MANUFACTURERAS,4,credit,4,4120,No,Si
41209501,Productos De Otras Industrias Manufactureras,4,credit,5,412095,Si,Si
4125,SUMINISTRO DE ELECTRICIDAD- GAS Y AGUA,4,credit,3,41,No,Si
412595,ACTIVIDADES CONEXAS,4,credit,4,4125,No,Si
41259501,Actividades Conexas,4,credit,5,412595,Si,Si
4130,CONSTRUCCION,4,credit,3,41,No,Si
413095,ACTIVIDADES CONEXAS,4,credit,4,4130,No,Si
41309501,Actividades Conexas,4,credit,5,413095,Si,Si
4135,COMERCIO AL POR MAYOR Y AL POR MENOR,4,credit,3,41,No,Si
413502,VENTA DE VEHICULOS AUTOMOTORES,4,credit,4,4135,No,Si
41350201,Venta De Vehiculos Automotores,4,credit,5,413502,Si,Si
413504,MANTENIMIENTO- REPARACION Y LAVADO DE VEHICULOS AUTOMOTORES,4,credit,4,4135,No,Si
41350401,Mantenimiento- Reparacion Y Lavado De Vehiculos Automotores,4,credit,5,413504,Si,Si
413506,VENTA DE PARTES- PIEZAS Y ACCESORIOS DE VEHICULOS AUTOMOTORES,4,credit,4,4135,No,Si
41350601,Venta De Partes- Piezas Y Accesorios De Vehiculos Automotores,4,credit,5,413506,Si,Si
413508,VENTA DE COMBUSTIBLES SOLIDOS- LIQUIDOS- GASEOSOS,4,credit,4,4135,No,Si
41350801,Venta De Combustibles Solidos- Liquidos- Gaseosos,4,credit,5,413508,Si,Si
413510,VENTA DE LUBRICANTES- ADITIVOS- LLANTAS Y LUJOS PARA AUTOMOTORES,4,credit,4,4135,No,Si
41351001,Venta De Lubricantes- Aditivos- Llantas Y Lujos Para Automotores,4,credit,5,413510,Si,Si
413512,VENTA A CAMBIO DE RETRIBUCION O POR CONTRATA,4,credit,4,4135,No,Si
41351201,Venta A Cambio De Retribucion O Por Contrata,4,credit,5,413512,Si,Si
413514,VENTA DE INSUMOS- MATERIAS PRIMAS AGROPECUARIAS Y FLORES,4,credit,4,4135,No,Si
41351401,Venta De Insumos- Materias Primas Agropecuarias Y Flores,4,credit,5,413514,Si,Si
413516,VENTA DE OTROS INSUMOS Y MATERIAS PRIMAS NO AGROPECUARIAS,4,credit,4,4135,No,Si
41351601,Venta De Otros Insumos Y Materias Primas No Agropecuarias,4,credit,5,413516,Si,Si
413518,VENTA DE ANIMALES VIVOS Y CUEROS,4,credit,4,4135,No,Si
41351801,Venta De Animales Vivos Y Cueros,4,credit,5,413518,Si,Si
413520,VENTA DE PRODUCTOS EN ALMACENES NO ESPECIALIZADOS,4,credit,4,4135,No,Si
41352001,Venta De Productos En Almacenes No Especializados,4,credit,5,413520,Si,Si
413522,VENTA DE PRODUCTOS AGROPECUARIOS,4,credit,4,4135,No,Si
41352201,Venta De Productos Agropecuarios,4,credit,5,413522,Si,Si
413524,VENTA DE PRODUCTOS TEXTILES- DE VESTIR- DE CUERO Y CALZADO,4,credit,4,4135,No,Si
41352401,Venta De Productos Textiles- De Vestir- De Cuero Y Calzado,4,credit,5,413524,Si,Si
413526,VENTA DE PAPEL Y CARTON,4,credit,4,4135,No,Si
41352601,Venta De Papel Y Carton,4,credit,5,413526,Si,Si
413528,VENTA DE LIBROS- REVISTAS- ELEMENTOS DE PAPELERIA- UTILES Y TEXTOS ESCOLARES,4,credit,4,4135,No,Si
41352801,Venta De Libros- Revistas- Elementos De Papeleria- Utiles Y Textos Escolares,4,credit,5,413528,Si,Si
413530,VENTA DE JUEGOS- JUGUETES Y ARTICULOS DEPORTIVOS,4,credit,4,4135,No,Si
41353001,Venta De Juegos- Juguetes Y Articulos Deportivos,4,credit,5,413530,Si,Si
413532,VENTA DE INSTRUMENTOS QUIRURGICOS Y ORTOPEDICOS,4,credit,4,4135,No,Si
41353201,Venta De Instrumentos Quirurgicos Y Ortopedicos,4,credit,5,413532,Si,Si
413534,VENTA DE ARTICULOS EN RELOJERIAS Y JOYERIAS,4,credit,4,4135,No,Si
41353401,Venta De Articulos En Relojerias Y Joyerias,4,credit,5,413534,Si,Si
413536,VENTA DE ELECTRODOMESTICOS Y MUEBLES,4,credit,4,4135,No,Si
41353601,Venta De Electrodomesticos Y Muebles,4,credit,5,413536,Si,Si
413538,VENTA DE PRODUCTOS DE ASEO- FARMACEUTICOS- MEDICINALES- Y ARTICULOS DE TOCADOR,4,credit,4,4135,No,Si
41353801,Venta De Productos De Aseo- Farmaceuticos- Medicinales- Y Articulos De Tocador,4,credit,5,413538,Si,Si
413540,VENTA DE CUBIERTOS- VAJILLAS- CRISTALERIA- PORCELANAS- CERAMICAS Y OTROS ARTICULOS DE USO DOMESTICO,4,credit,4,4135,No,Si
41354001,Venta De Cubiertos- Vajillas- Cristaleria- Porcelanas- Ceramicas Y Otros Articulos De Uso Domestico,4,credit,5,413540,Si,Si
413542,VENTA DE MATERIALES DE CONSTRUCCION- FONTANERIA Y CALEFACCION,4,credit,4,4135,No,Si
41354201,Venta De Materiales De Construccion- Fontaneria Y Calefaccion,4,credit,5,413542,Si,Si
413544,VENTA DE PINTURAS Y LACAS,4,credit,4,4135,No,Si
41354401,Venta De Pinturas Y Lacas,4,credit,5,413544,Si,Si
413546,VENTA DE PRODUCTOS DE VIDRIOS Y MARQUETERIA,4,credit,4,4135,No,Si
41354601,Venta De Productos De Vidrios Y Marqueteria,4,credit,5,413546,Si,Si
413548,VENTA DE HERRAMIENTAS Y ARTICULOS DE FERRETERIA,4,credit,4,4135,No,Si
41354801,Venta De Herramientas Y Articulos De Ferreteria,4,credit,5,413548,Si,Si
413550,VENTA DE QUIMICOS,4,credit,4,4135,No,Si
41355001,Venta De Quimicos,4,credit,5,413550,Si,Si
413552,VENTA DE PRODUCTOS INTERMEDIOS- DESPERDICIOS Y DESECHOS,4,credit,4,4135,No,Si
41355201,Venta De Productos Intermedios- Desperdicios Y Desechos,4,credit,5,413552,Si,Si
413554,VENTA DE MAQUINARIA- EQUIPO DE OFICINA Y PROGRAMAS DE COMPUTADOR,4,credit,4,4135,No,Si
41355401,Venta De Maquinaria- Equipo De Oficina Y Programas De Computador,4,credit,5,413554,Si,Si
413556,VENTA DE ARTICULOS EN CACHARRERIAS Y MISCELANEAS,4,credit,4,4135,No,Si
41355601,Venta De Articulos En Cacharrerias Y Miscelaneas,4,credit,5,413556,Si,Si
413558,VENTA DE INSTRUMENTOS MUSICALES,4,credit,4,4135,No,Si
41355801,Venta De Instrumentos Musicales,4,credit,5,413558,Si,Si
413560,VENTA DE ARTICULOS EN CASAS DE EMPEÑO Y PRENDERIAS,4,credit,4,4135,No,Si
41356001,Venta De Articulos En Casas De Empeño Y Prenderias,4,credit,5,413560,Si,Si
413562,VENTA DE EQUIPO FOTOGRAFICO,4,credit,4,4135,No,Si
41356201,Venta De Equipo Fotografico,4,credit,5,413562,Si,Si
413564,VENTA DE EQUIPO OPTICO Y DE PRECISION,4,credit,4,4135,No,Si
41356401,Venta De Equipo Optico Y De Precision,4,credit,5,413564,Si,Si
413566,VENTA DE EMPAQUES,4,credit,4,4135,No,Si
41356601,Venta De Empaques,4,credit,5,413566,Si,Si
413568,VENTA DE EQUIPO PROFESIONAL Y CIENTIFICO,4,credit,4,4135,No,Si
41356801,Venta De Equipo Profesional Y Cientifico,4,credit,5,413568,Si,Si
413570,VENTA DE LOTERIAS- RIFAS- CHANCE- APUESTAS Y SIMILARES,4,credit,4,4135,No,Si
41357001,Venta De Loterias- Rifas- Chance- Apuestas Y Similares,4,credit,5,413570,Si,Si
413572,REPARACION DE EFECTOS PERSONALES Y ELECTRODOMESTICOS,4,credit,4,4135,No,Si
41357201,Reparacion De Efectos Personales Y Electrodomesticos,4,credit,5,413572,Si,Si
413595,VENTA DE OTROS PRODUCTOS,4,credit,4,4135,No,Si
41359501,Venta De Otros Productos,4,credit,5,413595,Si,Si
4140,HOTELES Y RESTAURANTES,4,credit,3,41,No,Si
414095,ACTIVIDADES CONEXAS,4,credit,4,4140,No,Si
41409501,Actividades Conexas,4,credit,5,414095,Si,Si
4145,TRANSPORTE- ALMACENAMIENTO Y COMUNICACIONES,4,credit,3,41,No,Si
414595,ACTIVIDADES CONEXAS,4,credit,4,4145,No,Si
41459501,Actividades Conexas,4,credit,5,414595,Si,Si
4150,ACTIVIDAD FINANCIERA,4,credit,3,41,No,Si
415095,ACTIVIDADES CONEXAS,4,credit,4,4150,No,Si
41509501,Actividades Conexas,4,credit,5,415095,Si,Si
4155,ACTIVIDADES INMOBILIARIAS- EMPRESARIALES Y DE ALQUILER,4,credit,3,41,No,Si
415505,ARRENDAMIENTOS DE BIENES INMUEBLES,4,credit,4,4155,No,Si
41550501,Arrendamientos De Bienes Inmuebles,4,credit,5,415505,Si,Si
415510,INMOBILIARIAS POR RETRIBUCION O CONTRATA,4,credit,4,4155,No,Si
41551001,Inmobiliarias Por Retribucion O Contrata,4,credit,5,415510,Si,Si
415515,ALQUILER EQUIPO DE TRANSPORTE,4,credit,4,4155,No,Si
41551501,Alquiler Equipo De Transporte,4,credit,5,415515,Si,Si
415520,ALQUILER MAQUINARIA Y EQUIPO,4,credit,4,4155,No,Si
41552001,Alquiler Maquinaria Y Equipo,4,credit,5,415520,Si,Si
415525,ALQUILER DE EFECTOS PERSONALES Y ENSERES DOMESTICOS,4,credit,4,4155,No,Si
41552501,Alquiler De Efectos Personales Y Enseres Domesticos,4,credit,5,415525,Si,Si
415530,CONSULTORIA EN EQUIPO Y PROGRAMAS DE INFORMATICA,4,credit,4,4155,No,Si
41553001,Consultoria En Equipo Y Programas De Informatica,4,credit,5,415530,Si,Si
415535,PROCESAMIENTO DE DATOS,4,credit,4,4155,No,Si
41553501,Procesamiento De Datos,4,credit,5,415535,Si,Si
415540,MANTENIMIENTO Y REPARACION DE MAQUINARIA DE OFICINA,4,credit,4,4155,No,Si
41554001,Mantenimiento Y Reparacion De Maquinaria De Oficina,4,credit,5,415540,Si,Si
415545,INVESTIGACIONES CIENTIFICAS Y DE DESARROLLO,4,credit,4,4155,No,Si
41554501,Investigaciones Cientificas Y De Desarrollo,4,credit,5,415545,Si,Si
415550,ACTIVIDADES EMPRESARIALES DE CONSULTORIA,4,credit,4,4155,No,Si
41555001,Actividades Empresariales De Consultoria,4,credit,5,415550,Si,Si
415555,PUBLICIDAD,4,credit,4,4155,No,Si
41555501,Publicidad,4,credit,5,415555,Si,Si
415560,DOTACION DE PERSONAL,4,credit,4,4155,No,Si
41556001,Dotacion De Personal,4,credit,5,415560,Si,Si
415565,INVESTIGACION Y SEGURIDAD,4,credit,4,4155,No,Si
41556501,Investigacion Y Seguridad,4,credit,5,415565,Si,Si
415570,LIMPIEZA DE INMUEBLES,4,credit,4,4155,No,Si
41557001,Limpieza De Inmuebles,4,credit,5,415570,Si,Si
415575,FOTOGRAFIA,4,credit,4,4155,No,Si
41557501,Fotografia,4,credit,5,415575,Si,Si
415580,ENVASE Y EMPAQUE,4,credit,4,4155,No,Si
41558001,Envase Y Empaque,4,credit,5,415580,Si,Si
415585,FOTOCOPIADO,4,credit,4,4155,No,Si
41558501,Fotocopiado,4,credit,5,415585,Si,Si
415590,MANTENIMIENTO Y REPARACION DE MAQUINARIA Y EQUIPO,4,credit,4,4155,No,Si
41559001,Mantenimiento Y Reparacion De Maquinaria Y Equipo,4,credit,5,415590,Si,Si
415595,ACTIVIDADES CONEXAS,4,credit,4,4155,No,Si
41559501,Actividades Conexas,4,credit,5,415595,Si,Si
4160,ENSEÑANZA,4,credit,3,41,No,Si
416005,ACTIVIDADES RELACIONADAS CON LA EDUCACION,4,credit,4,4160,No,Si
41600501,Actividades Relacionadas Con La Educacion,4,credit,5,416005,Si,Si
416095,ACTIVIDADES CONEXAS,4,credit,4,4160,No,Si
41609501,Actividades Conexas,4,credit,5,416095,Si,Si
4165,SERVICIOS SOCIALES Y DE SALUD,4,credit,3,41,No,Si
416595,ACTIVIDADES CONEXAS,4,credit,4,4165,No,Si
41659501,Actividades Conexas,4,credit,5,416595,Si,Si
4170,OTRAS ACTIVIDADES DE SERVICIOS COMUNITARIOS- SOCIALES Y PERSONALES,4,credit,3,41,No,Si
417005,ELIMINACION DE DESPERDICIOS Y AGUAS RESIDUALES,4,credit,4,4170,No,Si
41700501,Eliminacion De Desperdicios Y Aguas Residuales,4,credit,5,417005,Si,Si
417010,ACTIVIDADES DE ASOCIACION,4,credit,4,4170,No,Si
41701001,Actividades De Asociacion,4,credit,5,417010,Si,Si
417015,PRODUCCION Y DISTRIBUCION DE FILMES Y VIDEOCINTAS,4,credit,4,4170,No,Si
41701501,Produccion Y Distribucion De Filmes Y Videocintas,4,credit,5,417015,Si,Si
417020,EXHIBICION DE FILMES Y VIDEOCINTAS,4,credit,4,4170,No,Si
41702001,Exhibicion De Filmes Y Videocintas,4,credit,5,417020,Si,Si
417025,ACTIVIDAD DE RADIO Y TELEVISION,4,credit,4,4170,No,Si
41702501,Actividad De Radio Y Television,4,credit,5,417025,Si,Si
417030,ACTIVIDAD TEATRAL- MUSICAL Y ARTISTICA,4,credit,4,4170,No,Si
41703001,Actividad Teatral- Musical Y Artistica,4,credit,5,417030,Si,Si
417035,GRABACION Y PRODUCCION DE DISCOS,4,credit,4,4170,No,Si
41703501,Grabacion Y Produccion De Discos,4,credit,5,417035,Si,Si
417040,ENTRETENIMIENTO Y ESPARCIMIENTO,4,credit,4,4170,No,Si
41704001,Entretenimiento Y Esparcimiento,4,credit,5,417040,Si,Si
417045,AGENCIAS DE NOTICIAS,4,credit,4,4170,No,Si
41704501,Agencias De Noticias,4,credit,5,417045,Si,Si
417050,LAVANDERIAS Y SIMILARES,4,credit,4,4170,No,Si
41705001,Lavanderias Y Similares,4,credit,5,417050,Si,Si
417055,PELUQUERIAS Y SIMILARES,4,credit,4,4170,No,Si
41705501,Peluquerias Y Similares,4,credit,5,417055,Si,Si
417060,SERVICIOS FUNERARIOS,4,credit,4,4170,No,Si
41706001,Servicios Funerarios,4,credit,5,417060,Si,Si
417065,ZONAS FRANCAS,4,credit,4,4170,No,Si
41706501,Zonas Francas,4,credit,5,417065,Si,Si
417095,ACTIVIDADES CONEXAS,4,credit,4,4170,No,Si
41709501,Actividades Conexas,4,credit,5,417095,Si,Si
4175,DEVOLUCIONES EN VENTAS (DB),4,credit,3,41,No,Si
42,NO OPERACIONALES,4,credit,2,4,No,Si
4205,OTRAS VENTAS,4,credit,3,42,No,Si
4210,FINANCIEROS,4,credit,3,42,No,Si
421005,INTERESES,4,credit,4,4210,No,Si
42100501,Intereses,4,credit,5,421005,Si,Si
421010,REAJUSTE MONETARIO-UPAC (HOY UVR),4,credit,4,4210,No,Si
42101001,Reajuste Monetario-Upac (Hoy Uvr),4,credit,5,421010,Si,Si
421015,DESCUENTOS AMORTIZADOS,4,credit,4,4210,No,Si
42101501,Descuentos Amortizados,4,credit,5,421015,Si,Si
421020,DIFERENCIA EN CAMBIO,4,credit,4,4210,No,Si
42102001,Diferencia En Cambio,4,credit,5,421020,Si,Si
421025,FINANCIACION VEHICULOS,4,credit,4,4210,No,Si
42102501,Financiacion Vehiculos,4,credit,5,421025,Si,Si
421030,FINANCIACION SISTEMAS DE VIAJES,4,credit,4,4210,No,Si
42103001,Financiacion Sistemas De Viajes,4,credit,5,421030,Si,Si
421035,ACEPTACIONES BANCARIAS,4,credit,4,4210,No,Si
42103501,Aceptaciones Bancarias,4,credit,5,421035,Si,Si
421040,DESCUENTOS COMERCIALES CONDICIONADOS,4,credit,4,4210,No,Si
42104001,Descuentos Comerciales Condicionados,4,credit,5,421040,Si,Si
421045,DESCUENTOS BANCARIOS,4,credit,4,4210,No,Si
42104501,Descuentos Bancarios,4,credit,5,421045,Si,Si
421050,COMISIONES CHEQUES DE OTRAS PLAZAS,4,credit,4,4210,No,Si
42105001,Comisiones Cheques De Otras Plazas,4,credit,5,421050,Si,Si
421055,MULTAS Y RECARGOS,4,credit,4,4210,No,Si
42105501,Multas Y Recargos,4,credit,5,421055,Si,Si
421060,SANCIONES CHEQUES DEVUELTOS,4,credit,4,4210,No,Si
42106001,Sanciones Cheques Devueltos,4,credit,5,421060,Si,Si
421095,OTROS,4,credit,4,4210,No,Si
42109501,Otros,4,credit,5,421095,Si,Si
4215,DIVIDENDOS Y PARTICIPACIONES,4,credit,3,42,No,Si
4220,ARRENDAMIENTOS,4,credit,3,42,No,Si
422005,TERRENOS,4,credit,4,4220,No,Si
42200501,Terrenos,4,credit,5,422005,Si,Si
422010,CONSTRUCCIONES Y EDIFICIOS,4,credit,4,4220,No,Si
42201001,Construcciones Y Edificios,4,credit,5,422010,Si,Si
422015,MAQUINARIA Y EQUIPO,4,credit,4,4220,No,Si
42201501,Maquinaria Y Equipo,4,credit,5,422015,Si,Si
422020,EQUIPO DE OFICINA,4,credit,4,4220,No,Si
42202001,Equipo De Oficina,4,credit,5,422020,Si,Si
422025,EQUIPO DE COMPUTACION Y COMUNICACION,4,credit,4,4220,No,Si
42202501,Equipo De Computacion Y Comunicacion,4,credit,5,422025,Si,Si
422030,EQUIPO MEDICO-CIENTIFICO,4,credit,4,4220,No,Si
42203001,Equipo Medico-Cientifico,4,credit,5,422030,Si,Si
422035,EQUIPO DE HOTELES Y RESTAURANTES,4,credit,4,4220,No,Si
42203501,Equipo De Hoteles Y Restaurantes,4,credit,5,422035,Si,Si
422040,FLOTA Y EQUIPO DE TRANSPORTE,4,credit,4,4220,No,Si
42204001,Flota Y Equipo De Transporte,4,credit,5,422040,Si,Si
422045,FLOTA Y EQUIPO FLUVIAL Y/O MARITIMO,4,credit,4,4220,No,Si
42204501,Flota Y Equipo Fluvial Y/O Maritimo,4,credit,5,422045,Si,Si
422050,FLOTA Y EQUIPO AEREO,4,credit,4,4220,No,Si
42205001,Flota Y Equipo Aereo,4,credit,5,422050,Si,Si
422055,FLOTA Y EQUIPO FERREO,4,credit,4,4220,No,Si
42205501,Flota Y Equipo Ferreo,4,credit,5,422055,Si,Si
422060,ACUEDUCTOS- PLANTAS Y REDES,4,credit,4,4220,No,Si
42206001,Acueductos- Plantas Y Redes,4,credit,5,422060,Si,Si
422062,ENVASES Y EMPAQUES,4,credit,4,4220,No,Si
42206201,Envases Y Empaques,4,credit,5,422062,Si,Si
422065,PLANTACIONES AGRICOLAS Y FORESTALES,4,credit,4,4220,No,Si
42206501,Plantaciones Agricolas Y Forestales,4,credit,5,422065,Si,Si
422070,AERODROMOS,4,credit,4,4220,No,Si
42207001,Aerodromos,4,credit,5,422070,Si,Si
422075,SEMOVIENTES,4,credit,4,4220,No,Si
42207501,Semovientes,4,credit,5,422075,Si,Si
4225,COMISIONES,4,credit,3,42,No,Si
422505,SOBRE INVERSIONES,4,credit,4,4225,No,Si
42250501,Sobre Inversiones,4,credit,5,422505,Si,Si
422510,DE CONCESIONARIOS,4,credit,4,4225,No,Si
42251001,De Concesionarios,4,credit,5,422510,Si,Si
422515,DE ACTIVIDADES FINANCIERAS,4,credit,4,4225,No,Si
42251501,De Actividades Financieras,4,credit,5,422515,Si,Si
422520,POR VENTA DE SERVICIOS DE TALLER,4,credit,4,4225,No,Si
42252001,Por Venta De Servicios De Taller,4,credit,5,422520,Si,Si
422525,POR VENTA DE SEGUROS,4,credit,4,4225,No,Si
42252501,Por Venta De Seguros,4,credit,5,422525,Si,Si
422530,POR INGRESOS PARA TERCEROS,4,credit,4,4225,No,Si
42253001,Por Ingresos Para Terceros,4,credit,5,422530,Si,Si
422535,POR DISTRIBUCION DE PELICULAS,4,credit,4,4225,No,Si
42253501,Por Distribucion De Peliculas,4,credit,5,422535,Si,Si
422540,DERECHOS DE AUTOR,4,credit,4,4225,No,Si
42254001,Derechos De Autor,4,credit,5,422540,Si,Si
422545,DERECHOS DE PROGRAMACION,4,credit,4,4225,No,Si
42254501,Derechos De Programacion,4,credit,5,422545,Si,Si
4230,HONORARIOS,4,credit,3,42,No,Si
4235,SERVICIOS,4,credit,3,42,No,Si
4240,UTILIDAD EN VENTA DE INVERSIONES,4,credit,3,42,No,Si
4245,UTILIDAD EN VENTA DE PROPIEDADES- PLANTA Y EQUIPO,4,credit,3,42,No,Si
4248,UTILIDAD EN VENTA DE OTROS BIENES,4,credit,3,42,No,Si
4250,RECUPERACIONES,4,credit,3,42,No,Si
425005,DEUDAS MALAS,4,credit,4,4250,No,Si
42500501,Deudas Malas,4,credit,5,425005,Si,Si
425010,SEGUROS,4,credit,4,4250,No,Si
42501001,Seguros,4,credit,5,425010,Si,Si
425015,RECLAMOS,4,credit,4,4250,No,Si
42501501,Reclamos,4,credit,5,425015,Si,Si
425020,REINTEGRO POR PERSONAL EN COMISION,4,credit,4,4250,No,Si
42502001,Reintegro Por Personal En Comision,4,credit,5,425020,Si,Si
425025,REINTEGRO GARANTIAS,4,credit,4,4250,No,Si
42502501,Reintegro Garantias,4,credit,5,425025,Si,Si
425030,DESCUENTOS CONCEDIDOS,4,credit,4,4250,No,Si
42503001,Descuentos Concedidos,4,credit,5,425030,Si,Si
425035,DE PROVISIONES,4,credit,4,4250,No,Si
42503501,De Provisiones,4,credit,5,425035,Si,Si
425040,GASTOS BANCARIOS,4,credit,4,4250,No,Si
42504001,Gastos Bancarios,4,credit,5,425040,Si,Si
425045,DE DEPRECIACION,4,credit,4,4250,No,Si
42504501,De Depreciacion,4,credit,5,425045,Si,Si
425050,REINTEGRO DE OTROS COSTOS Y GASTOS,4,credit,4,4250,No,Si
42505001,Reintegro De Otros Costos Y Gastos,4,credit,5,425050,Si,Si
4255,INDEMNIZACIONES,4,credit,3,42,No,Si
425505,POR SINIESTRO,4,credit,4,4255,No,Si
42550501,Por Siniestro,4,credit,5,425505,Si,Si
425510,POR SUMINISTROS,4,credit,4,4255,No,Si
42551001,Por Suministros,4,credit,5,425510,Si,Si
425515,LUCRO CESANTE COMPAÑIAS DE SEGUROS,4,credit,4,4255,No,Si
42551501,Lucro Cesante Compañias De Seguros,4,credit,5,425515,Si,Si
425520,DAÑO EMERGENTE COMPAÑIAS DE SEGUROS,4,credit,4,4255,No,Si
42552001,Daño Emergente Compañias De Seguros,4,credit,5,425520,Si,Si
425525,POR PERDIDA DE MERCANCIA,4,credit,4,4255,No,Si
42552501,Por Perdida De Mercancia,4,credit,5,425525,Si,Si
425530,POR INCUMPLIMIENTO DE CONTRATOS,4,credit,4,4255,No,Si
42553001,Por Incumplimiento De Contratos,4,credit,5,425530,Si,Si
425535,DE TERCEROS,4,credit,4,4255,No,Si
42553501,De Terceros,4,credit,5,425535,Si,Si
425540,POR INCAPACIDADES ISS,4,credit,4,4255,No,Si
42554001,Por Incapacidades Iss,4,credit,5,425540,Si,Si
425595,OTRAS,4,credit,4,4255,No,Si
42559501,Otras,4,credit,5,425595,Si,Si
4260,PARTICIPACIONES EN CONCESIONES,4,credit,3,42,No,Si
4265,INGRESOS DE EJERCICIOS ANTERIORES,4,credit,3,42,No,Si
4275,DEVOLUCIONES EN OTRAS VENTAS (DB),4,credit,3,42,No,Si
4295,DIVERSOS,4,credit,3,42,No,Si
429503,CERT,4,credit,4,4295,No,Si
42950301,Cert,4,credit,5,429503,Si,Si
429505,APROVECHAMIENTOS,4,credit,4,4295,No,Si
42950501,Aprovechamientos,4,credit,5,429505,Si,Si
429507,AUXILIOS,4,credit,4,4295,No,Si
42950701,Auxilios,4,credit,5,429507,Si,Si
429509,SUBVENCIONES,4,credit,4,4295,No,Si
42950901,Subvenciones,4,credit,5,429509,Si,Si
429511,INGRESOS POR INVESTIGACION Y DESARROLLO,4,credit,4,4295,No,Si
42951101,Ingresos Por Investigacion Y Desarrollo,4,credit,5,429511,Si,Si
429513,POR TRABAJOS EJECUTADOS,4,credit,4,4295,No,Si
42951301,Por Trabajos Ejecutados,4,credit,5,429513,Si,Si
429515,REGALIAS,4,credit,4,4295,No,Si
42951501,Regalias,4,credit,5,429515,Si,Si
429595,OTROS,4,credit,4,4295,No,Si
42959501,Otros,4,credit,5,429595,Si,Si
4705,CORRECCION MONETARIA,4,credit,3,47,No,Si
5,GASTOS,5,debit,1,,No,Si
51,OPERACIONALES DE ADMINISTRACION,5,debit,2,5,No,Si
5105,GASTOS DE PERSONAL,5,debit,3,51,No,Si
510503,SALARIO INTEGRAL,5,debit,4,5105,No,Si
51050301,Salario Integral,5,debit,5,510503,Si,Si
510506,SUELDOS,5,debit,4,5105,No,Si
51050601,Sueldos,5,debit,5,510506,Si,Si
510512,JORNALES,5,debit,4,5105,No,Si
51051201,Jornales,5,debit,5,510512,Si,Si
510515,HORAS EXTRAS Y RECARGOS,5,debit,4,5105,No,Si
51051501,Horas Extras Y Recargos,5,debit,5,510515,Si,Si
510518,COMISIONES,5,debit,4,5105,No,Si
51051801,Comisiones,5,debit,5,510518,Si,Si
510521,VIATICOS,5,debit,4,5105,No,Si
51052101,Viaticos,5,debit,5,510521,Si,Si
510524,INCAPACIDADES,5,debit,4,5105,No,Si
51052401,Incapacidades,5,debit,5,510524,Si,Si
510527,AUXILIO DE TRANSPORTE,5,debit,4,5105,No,Si
51052701,Auxilio De Transporte,5,debit,5,510527,Si,Si
510530,CESANTIAS,5,debit,4,5105,No,Si
51053001,Cesantias,5,debit,5,510530,Si,Si
510533,INTERESES SOBRE CESANTIAS,5,debit,4,5105,No,Si
51053301,Intereses Sobre Cesantias,5,debit,5,510533,Si,Si
510536,PRIMA DE SERVICIOS,5,debit,4,5105,No,Si
51053601,Prima De Servicios,5,debit,5,510536,Si,Si
510539,VACACIONES,5,debit,4,5105,No,Si
51053901,Vacaciones,5,debit,5,510539,Si,Si
510542,PRIMAS EXTRALEGALES,5,debit,4,5105,No,Si
51054201,Primas Extralegales,5,debit,5,510542,Si,Si
510545,AUXILIOS,5,debit,4,5105,No,Si
51054501,Auxilios,5,debit,5,510545,Si,Si
510548,BONIFICACIONES,5,debit,4,5105,No,Si
51054801,Bonificaciones,5,debit,5,510548,Si,Si
510551,DOTACION Y SUMINISTRO A TRABAJADORES,5,debit,4,5105,No,Si
51055101,Dotacion Y Suministro A Trabajadores,5,debit,5,510551,Si,Si
510554,SEGUROS,5,debit,4,5105,No,Si
51055401,Seguros,5,debit,5,510554,Si,Si
510557,CUOTAS PARTES PENSIONES DE JUBILACION,5,debit,4,5105,No,Si
51055701,Cuotas Partes Pensiones De Jubilacion,5,debit,5,510557,Si,Si
510558,AMORTIZACION CALCULO ACTUARIAL PENSIONES DE JUBILACION,5,debit,4,5105,No,Si
51055801,Amortizacion Calculo Actuarial Pensiones De Jubilacion,5,debit,5,510558,Si,Si
510559,PENSIONES DE JUBILACION,5,debit,4,5105,No,Si
51055901,Pensiones De Jubilacion,5,debit,5,510559,Si,Si
510560,INDEMNIZACIONES LABORALES,5,debit,4,5105,No,Si
51056001,Indemnizaciones Laborales,5,debit,5,510560,Si,Si
510561,AMORTIZACION BONOS PENSIONALES,5,debit,4,5105,No,Si
51056101,Amortizacion Bonos Pensionales,5,debit,5,510561,Si,Si
510562,AMORTIZACION TITULOS PENSIONALES,5,debit,4,5105,No,Si
51056201,Amortizacion Titulos Pensionales,5,debit,5,510562,Si,Si
510563,CAPACITACION AL PERSONAL,5,debit,4,5105,No,Si
51056301,Capacitacion Al Personal,5,debit,5,510563,Si,Si
510566,GASTOS DEPORTIVOS Y DE RECREACION,5,debit,4,5105,No,Si
51056601,Gastos Deportivos Y De Recreacion,5,debit,5,510566,Si,Si
510568,APORTES A ADMINISTRADORAS DE RIESGOS PROFESIONALES- ARP,5,debit,4,5105,No,Si
51056801,Aportes A Administradoras De Riesgos Profesionales- Arp,5,debit,5,510568,Si,Si
510569,APORTES A ENTIDADES PROMOTORAS DE SALUD- EPS,5,debit,4,5105,No,Si
51056901,Aportes A Entidades Promotoras De Salud- Eps,5,debit,5,510569,Si,Si
510570,APORTES A FONDOS DE PENSIONES Y/O CESANTIAS,5,debit,4,5105,No,Si
51057001,Aportes A Fondos De Pensiones Y/O Cesantias,5,debit,5,510570,Si,Si
510572,APORTES CAJAS DE COMPENSACION FAMILIAR,5,debit,4,5105,No,Si
51057201,Aportes Cajas De Compensacion Familiar,5,debit,5,510572,Si,Si
510575,APORTES ICBF,5,debit,4,5105,No,Si
51057501,Aportes Icbf,5,debit,5,510575,Si,Si
510578,SENA,5,debit,4,5105,No,Si
51057801,Sena,5,debit,5,510578,Si,Si
510581,APORTES SINDICALES,5,debit,4,5105,No,Si
51058101,Aportes Sindicales,5,debit,5,510581,Si,Si
510584,GASTOS MEDICOS Y DROGAS,5,debit,4,5105,No,Si
51058401,Gastos Medicos Y Drogas,5,debit,5,510584,Si,Si
510595,OTROS,5,debit,4,5105,No,Si
51059501,Otros,5,debit,5,510595,Si,Si
5110,HONORARIOS,5,debit,3,51,No,Si
511005,JUNTA DIRECTIVA,5,debit,4,5110,No,Si
51100501,Junta Directiva,5,debit,5,511005,Si,Si
511010,REVISORIA FISCAL,5,debit,4,5110,No,Si
51101001,Revisoria Fiscal,5,debit,5,511010,Si,Si
511015,AUDITORIA EXTERNA,5,debit,4,5110,No,Si
51101501,Auditoria Externa,5,debit,5,511015,Si,Si
511020,AVALUOS,5,debit,4,5110,No,Si
51102001,Avaluos,5,debit,5,511020,Si,Si
511025,ASESORIA JURIDICA,5,debit,4,5110,No,Si
51102501,Asesoria Juridica,5,debit,5,511025,Si,Si
511030,ASESORIA FINANCIERA,5,debit,4,5110,No,Si
51103001,Asesoria Financiera,5,debit,5,511030,Si,Si
511035,ASESORIA TECNICA,5,debit,4,5110,No,Si
51103501,Asesoria Tecnica,5,debit,5,511035,Si,Si
511095,OTROS,5,debit,4,5110,No,Si
51109501,Otros,5,debit,5,511095,Si,Si
5115,IMPUESTOS,5,debit,3,51,No,Si
511505,INDUSTRIA Y COMERCIO,5,debit,4,5115,No,Si
51150501,Industria Y Comercio,5,debit,5,511505,Si,Si
511510,DE TIMBRES,5,debit,4,5115,No,Si
51151001,De Timbres,5,debit,5,511510,Si,Si
511515,A LA PROPIEDAD RAIZ,5,debit,4,5115,No,Si
51151501,A La Propiedad Raiz,5,debit,5,511515,Si,Si
511520,DERECHOS SOBRE INSTRUMENTOS PUBLICOS,5,debit,4,5115,No,Si
51152001,Derechos Sobre Instrumentos Publicos,5,debit,5,511520,Si,Si
511525,DE VALORIZACION,5,debit,4,5115,No,Si
51152501,De Valorizacion,5,debit,5,511525,Si,Si
511530,DE TURISMO,5,debit,4,5115,No,Si
51153001,De Turismo,5,debit,5,511530,Si,Si
511535,TASA POR UTILIZACION DE PUERTOS,5,debit,4,5115,No,Si
51153501,Tasa Por Utilizacion De Puertos,5,debit,5,511535,Si,Si
511540,DE VEHICULOS,5,debit,4,5115,No,Si
51154001,De Vehiculos,5,debit,5,511540,Si,Si
511545,DE ESPECTACULOS PUBLICOS,5,debit,4,5115,No,Si
51154501,De Espectaculos Publicos,5,debit,5,511545,Si,Si
511550,CUOTAS DE FOMENTO,5,debit,4,5115,No,Si
51155001,Cuotas De Fomento,5,debit,5,511550,Si,Si
511570,IVA DESCONTABLE,5,debit,4,5115,No,Si
51157001,Iva Descontable,5,debit,5,511570,Si,Si
511595,OTROS,5,debit,4,5115,No,Si
51159501,Otros,5,debit,5,511595,Si,Si
5120,ARRENDAMIENTOS,5,debit,3,51,No,Si
512005,TERRENOS,5,debit,4,5120,No,Si
51200501,Terrenos,5,debit,5,512005,Si,Si
512010,CONSTRUCCIONES Y EDIFICACIONES,5,debit,4,5120,No,Si
51201001,Construcciones Y Edificaciones,5,debit,5,512010,Si,Si
512015,MAQUINARIA Y EQUIPO,5,debit,4,5120,No,Si
51201501,Maquinaria Y Equipo,5,debit,5,512015,Si,Si
512020,EQUIPO DE OFICINA,5,debit,4,5120,No,Si
51202001,Equipo De Oficina,5,debit,5,512020,Si,Si
512025,EQUIPO DE COMPUTACION Y COMUNICACION,5,debit,4,5120,No,Si
51202501,Equipo De Computacion Y Comunicacion,5,debit,5,512025,Si,Si
512030,EQUIPO MEDICO-CIENTIFICO,5,debit,4,5120,No,Si
51203001,Equipo Medico-Cientifico,5,debit,5,512030,Si,Si
512035,EQUIPO DE HOTELES Y RESTAURANTES,5,debit,4,5120,No,Si
51203501,Equipo De Hoteles Y Restaurantes,5,debit,5,512035,Si,Si
512040,FLOTA Y EQUIPO DE TRANSPORTE,5,debit,4,5120,No,Si
51204001,Flota Y Equipo De Transporte,5,debit,5,512040,Si,Si
512045,FLOTA Y EQUIPO FLUVIAL Y/O MARITIMO,5,debit,4,5120,No,Si
51204501,Flota Y Equipo Fluvial Y/O Maritimo,5,debit,5,512045,Si,Si
512050,FLOTA Y EQUIPO AEREO,5,debit,4,5120,No,Si
51205001,Flota Y Equipo Aereo,5,debit,5,512050,Si,Si
512055,FLOTA Y EQUIPO FERREO,5,debit,4,5120,No,Si
51205501,Flota Y Equipo Ferreo,5,debit,5,512055,Si,Si
512060,ACUEDUCTOS- PLANTAS Y REDES,5,debit,4,5120,No,Si
51206001,Acueductos- Plantas Y Redes,5,debit,5,512060,Si,Si
512065,AERODROMOS,5,debit,4,5120,No,Si
51206501,Aerodromos,5,debit,5,512065,Si,Si
512070,SEMOVIENTES,5,debit,4,5120,No,Si
51207001,Semovientes,5,debit,5,512070,Si,Si
512095,OTROS,5,debit,4,5120,No,Si
51209501,Otros,5,debit,5,512095,Si,Si
5125,CONTRIBUCIONES Y AFILIACIONES,5,debit,3,51,No,Si
512505,CONTRIBUCIONES,5,debit,4,5125,No,Si
51250501,Contribuciones,5,debit,5,512505,Si,Si
512510,AFILIACIONES Y SOSTENIMIENTO,5,debit,4,5125,No,Si
51251001,Afiliaciones Y Sostenimiento,5,debit,5,512510,Si,Si
5130,SEGUROS,5,debit,3,51,No,Si
513005,MANEJO,5,debit,4,5130,No,Si
51300501,Manejo,5,debit,5,513005,Si,Si
513010,CUMPLIMIENTO,5,debit,4,5130,No,Si
51301001,Cumplimiento,5,debit,5,513010,Si,Si
513015,CORRIENTE DEBIL,5,debit,4,5130,No,Si
51301501,Corriente Debil,5,debit,5,513015,Si,Si
513020,VIDA COLECTIVA,5,debit,4,5130,No,Si
51302001,Vida Colectiva,5,debit,5,513020,Si,Si
513025,INCENDIO,5,debit,4,5130,No,Si
51302501,Incendio,5,debit,5,513025,Si,Si
513030,TERREMOTO,5,debit,4,5130,No,Si
51303001,Terremoto,5,debit,5,513030,Si,Si
513035,SUSTRACCION Y HURTO,5,debit,4,5130,No,Si
51303501,Sustraccion Y Hurto,5,debit,5,513035,Si,Si
513040,FLOTA Y EQUIPO DE TRANSPORTE,5,debit,4,5130,No,Si
51304001,Flota Y Equipo De Transporte,5,debit,5,513040,Si,Si
513045,FLOTA Y EQUIPO FLUVIAL Y/O MARITIMO,5,debit,4,5130,No,Si
51304501,Flota Y Equipo Fluvial Y/O Maritimo,5,debit,5,513045,Si,Si
513050,FLOTA Y EQUIPO AEREO,5,debit,4,5130,No,Si
51305001,Flota Y Equipo Aereo,5,debit,5,513050,Si,Si
513055,FLOTA Y EQUIPO FERREO,5,debit,4,5130,No,Si
51305501,Flota Y Equipo Ferreo,5,debit,5,513055,Si,Si
513060,RESPONSABILIDAD CIVIL Y EXTRACONTRACTUAL,5,debit,4,5130,No,Si
51306001,Responsabilidad Civil Y Extracontractual,5,debit,5,513060,Si,Si
513065,VUELO,5,debit,4,5130,No,Si
51306501,Vuelo,5,debit,5,513065,Si,Si
513070,ROTURA DE MAQUINARIA,5,debit,4,5130,No,Si
51307001,Rotura De Maquinaria,5,debit,5,513070,Si,Si
513075,OBLIGATORIO ACCIDENTE DE TRANSITO,5,debit,4,5130,No,Si
51307501,Obligatorio Accidente De Transito,5,debit,5,513075,Si,Si
513080,LUCRO CESANTE,5,debit,4,5130,No,Si
51308001,Lucro Cesante,5,debit,5,513080,Si,Si
513085,TRANSPORTE DE MERCANCIA,5,debit,4,5130,No,Si
51308501,Transporte De Mercancia,5,debit,5,513085,Si,Si
513095,OTROS,5,debit,4,5130,No,Si
51309501,Otros,5,debit,5,513095,Si,Si
5135,SERVICIOS,5,debit,3,51,No,Si
513505,ASEO Y VIGILANCIA,5,debit,4,5135,No,Si
51350501,Aseo Y Vigilancia,5,debit,5,513505,Si,Si
513510,TEMPORALES,5,debit,4,5135,No,Si
51351001,Temporales,5,debit,5,513510,Si,Si
513515,ASISTENCIA TECNICA,5,debit,4,5135,No,Si
51351501,Asistencia Tecnica,5,debit,5,513515,Si,Si
513520,PROCESAMIENTO ELECTRONICO DE DATOS,5,debit,4,5135,No,Si
51352001,Procesamiento Electronico De Datos,5,debit,5,513520,Si,Si
513525,ACUEDUCTO Y ALCANTARILLADO,5,debit,4,5135,No,Si
51352501,Acueducto Y Alcantarillado,5,debit,5,513525,Si,Si
513530,ENERGIA ELECTRICA,5,debit,4,5135,No,Si
51353001,Energia Electrica,5,debit,5,513530,Si,Si
513535,TELEFONO,5,debit,4,5135,No,Si
51353501,Telefono,5,debit,5,513535,Si,Si
513540,CORREO- PORTES Y TELEGRAMAS,5,debit,4,5135,No,Si
51354001,Correo- Portes Y Telegramas,5,debit,5,513540,Si,Si
513545,FAX Y TELEX,5,debit,4,5135,No,Si
51354501,Fax Y Telex,5,debit,5,513545,Si,Si
513550,TRANSPORTE- FLETES Y ACARREOS,5,debit,4,5135,No,Si
51355001,Transporte- Fletes Y Acarreos,5,debit,5,513550,Si,Si
513555,GAS,5,debit,4,5135,No,Si
51355501,Gas,5,debit,5,513555,Si,Si
513595,OTROS,5,debit,4,5135,No,Si
51359501,Otros,5,debit,5,513595,Si,Si
5140,GASTOS LEGALES,5,debit,3,51,No,Si
514005,NOTARIALES,5,debit,4,5140,No,Si
51400501,Notariales,5,debit,5,514005,Si,Si
514010,REGISTRO MERCANTIL,5,debit,4,5140,No,Si
51401001,Registro Mercantil,5,debit,5,514010,Si,Si
514015,TRAMITES Y LICENCIAS,5,debit,4,5140,No,Si
51401501,Tramites Y Licencias,5,debit,5,514015,Si,Si
514020,ADUANEROS,5,debit,4,5140,No,Si
51402001,Aduaneros,5,debit,5,514020,Si,Si
514025,CONSULARES,5,debit,4,5140,No,Si
51402501,Consulares,5,debit,5,514025,Si,Si
514095,OTROS,5,debit,4,5140,No,Si
51409501,Otros,5,debit,5,514095,Si,Si
5145,MANTENIMIENTO Y REPARACIONES,5,debit,3,51,No,Si
514505,TERRENOS,5,debit,4,5145,No,Si
51450501,Terrenos,5,debit,5,514505,Si,Si
514510,CONSTRUCCIONES Y EDIFICACIONES,5,debit,4,5145,No,Si
51451001,Construcciones Y Edificaciones,5,debit,5,514510,Si,Si
514515,MAQUINARIA Y EQUIPO,5,debit,4,5145,No,Si
51451501,Maquinaria Y Equipo,5,debit,5,514515,Si,Si
514520,EQUIPO DE OFICINA,5,debit,4,5145,No,Si
51452001,Equipo De Oficina,5,debit,5,514520,Si,Si
514525,EQUIPO DE COMPUTACION Y COMUNICACION,5,debit,4,5145,No,Si
51452501,Equipo De Computacion Y Comunicacion,5,debit,5,514525,Si,Si
514530,EQUIPO MEDICO-CIENTIFICO,5,debit,4,5145,No,Si
51453001,Equipo Medico-Cientifico,5,debit,5,514530,Si,Si
514535,EQUIPO DE HOTELES Y RESTAURANTES,5,debit,4,5145,No,Si
51453501,Equipo De Hoteles Y Restaurantes,5,debit,5,514535,Si,Si
514540,FLOTA Y EQUIPO DE TRANSPORTE,5,debit,4,5145,No,Si
51454001,Flota Y Equipo De Transporte,5,debit,5,514540,Si,Si
514545,FLOTA Y EQUIPO FLUVIAL Y/O MARITIMO,5,debit,4,5145,No,Si
51454501,Flota Y Equipo Fluvial Y/O Maritimo,5,debit,5,514545,Si,Si
514550,FLOTA Y EQUIPO AEREO,5,debit,4,5145,No,Si
51455001,Flota Y Equipo Aereo,5,debit,5,514550,Si,Si
514555,FLOTA Y EQUIPO FERREO,5,debit,4,5145,No,Si
51455501,Flota Y Equipo Ferreo,5,debit,5,514555,Si,Si
514560,ACUEDUCTOS- PLANTAS Y REDES,5,debit,4,5145,No,Si
51456001,Acueductos- Plantas Y Redes,5,debit,5,514560,Si,Si
514565,ARMAMENTO DE VIGILANCIA,5,debit,4,5145,No,Si
51456501,Armamento De Vigilancia,5,debit,5,514565,Si,Si
514570,VIAS DE COMUNICACION,5,debit,4,5145,No,Si
51457001,Vias De Comunicacion,5,debit,5,514570,Si,Si
5150,ADECUACION E INSTALACION,5,debit,3,51,No,Si
515005,INSTALACIONES ELECTRICAS,5,debit,4,5150,No,Si
51500501,Instalaciones Electricas,5,debit,5,515005,Si,Si
515010,ARREGLOS ORNAMENTALES,5,debit,4,5150,No,Si
51501001,Arreglos Ornamentales,5,debit,5,515010,Si,Si
515015,REPARACIONES LOCATIVAS,5,debit,4,5150,No,Si
51501501,Reparaciones Locativas,5,debit,5,515015,Si,Si
515095,OTROS,5,debit,4,5150,No,Si
51509501,Otros,5,debit,5,515095,Si,Si
5155,GASTOS DE VIAJE,5,debit,3,51,No,Si
515505,ALOJAMIENTO Y MANUTENCION,5,debit,4,5155,No,Si
51550501,Alojamiento Y Manutencion,5,debit,5,515505,Si,Si
515510,PASAJES FLUVIALES Y/O MARITIMOS,5,debit,4,5155,No,Si
51551001,Pasajes Fluviales Y/O Maritimos,5,debit,5,515510,Si,Si
515515,PASAJES AEREOS,5,debit,4,5155,No,Si
51551501,Pasajes Aereos,5,debit,5,515515,Si,Si
515520,PASAJES TERRESTRES,5,debit,4,5155,No,Si
51552001,Pasajes Terrestres,5,debit,5,515520,Si,Si
515525,PASAJES FERREOS,5,debit,4,5155,No,Si
51552501,Pasajes Ferreos,5,debit,5,515525,Si,Si
515595,OTROS,5,debit,4,5155,No,Si
51559501,Otros,5,debit,5,515595,Si,Si
5160,DEPRECIACIONES,5,debit,3,51,No,Si
516005,CONSTRUCCIONES Y EDIFICACIONES,5,debit,4,5160,No,Si
51600501,Construcciones Y Edificaciones,5,debit,5,516005,Si,Si
516010,MAQUINARIA Y EQUIPO,5,debit,4,5160,No,Si
51601001,Maquinaria Y Equipo,5,debit,5,516010,Si,Si
516015,EQUIPO DE OFICINA,5,debit,4,5160,No,Si
51601501,Equipo De Oficina,5,debit,5,516015,Si,Si
516020,EQUIPO DE COMPUTACION Y COMUNICACION,5,debit,4,5160,No,Si
51602001,Equipo De Computacion Y Comunicacion,5,debit,5,516020,Si,Si
516025,EQUIPO MEDICO-CIENTIFICO,5,debit,4,5160,No,Si
51602501,Equipo Medico-Cientifico,5,debit,5,516025,Si,Si
516030,EQUIPO DE HOTELES Y RESTAURANTES,5,debit,4,5160,No,Si
51603001,Equipo De Hoteles Y Restaurantes,5,debit,5,516030,Si,Si
516035,FLOTA Y EQUIPO DE TRANSPORTE,5,debit,4,5160,No,Si
51603501,Flota Y Equipo De Transporte,5,debit,5,516035,Si,Si
516040,FLOTA Y EQUIPO FLUVIAL Y/O MARITIMO,5,debit,4,5160,No,Si
51604001,Flota Y Equipo Fluvial Y/O Maritimo,5,debit,5,516040,Si,Si
516045,FLOTA Y EQUIPO AEREO,5,debit,4,5160,No,Si
51604501,Flota Y Equipo Aereo,5,debit,5,516045,Si,Si
516050,FLOTA Y EQUIPO FERREO,5,debit,4,5160,No,Si
51605001,Flota Y Equipo Ferreo,5,debit,5,516050,Si,Si
516055,ACUEDUCTOS- PLANTAS Y REDES,5,debit,4,5160,No,Si
51605501,Acueductos- Plantas Y Redes,5,debit,5,516055,Si,Si
516060,ARMAMENTO DE VIGILANCIA,5,debit,4,5160,No,Si
51606001,Armamento De Vigilancia,5,debit,5,516060,Si,Si
5165,AMORTIZACIONES,5,debit,3,51,No,Si
516505,VIAS DE COMUNICACION,5,debit,4,5165,No,Si
51650501,Vias De Comunicacion,5,debit,5,516505,Si,Si
516510,INTANGIBLES,5,debit,4,5165,No,Si
51651001,Intangibles,5,debit,5,516510,Si,Si
516515,CARGOS DIFERIDOS,5,debit,4,5165,No,Si
51651501,Cargos Diferidos,5,debit,5,516515,Si,Si
516595,OTRAS,5,debit,4,5165,No,Si
51659501,Otras,5,debit,5,516595,Si,Si
5195,DIVERSOS,5,debit,3,51,No,Si
519505,COMISIONES,5,debit,4,5195,No,Si
51950501,Comisiones,5,debit,5,519505,Si,Si
519510,LIBROS- SUSCRIPCIONES- PERIODICOS Y REVISTAS,5,debit,4,5195,No,Si
51951001,Libros- Suscripciones- Periodicos Y Revistas,5,debit,5,519510,Si,Si
519515,MUSICA AMBIENTAL,5,debit,4,5195,No,Si
51951501,Musica Ambiental,5,debit,5,519515,Si,Si
519520,GASTOS DE REPRESENTACION Y RELACIONES PUBLICAS,5,debit,4,5195,No,Si
51952001,Gastos De Representacion Y Relaciones Publicas,5,debit,5,519520,Si,Si
519525,ELEMENTOS DE ASEO Y CAFETERIA,5,debit,4,5195,No,Si
51952501,Elementos De Aseo Y Cafeteria,5,debit,5,519525,Si,Si
519530,UTILES- PAPELERIA Y FOTOCOPIAS,5,debit,4,5195,No,Si
51953001,Utiles- Papeleria Y Fotocopias,5,debit,5,519530,Si,Si
519535,COMBUSTIBLES Y LUBRICANTES,5,debit,4,5195,No,Si
51953501,Combustibles Y Lubricantes,5,debit,5,519535,Si,Si
519540,ENVASES Y EMPAQUES,5,debit,4,5195,No,Si
51954001,Envases Y Empaques,5,debit,5,519540,Si,Si
519545,TAXIS Y BUSES,5,debit,4,5195,No,Si
51954501,Taxis Y Buses,5,debit,5,519545,Si,Si
519550,ESTAMPILLAS,5,debit,4,5195,No,Si
51955001,Estampillas,5,debit,5,519550,Si,Si
519555,MICROFILMACION,5,debit,4,5195,No,Si
51955501,Microfilmacion,5,debit,5,519555,Si,Si
519560,CASINO Y RESTAURANTE,5,debit,4,5195,No,Si
51956001,Casino Y Restaurante,5,debit,5,519560,Si,Si
519565,PARQUEADEROS,5,debit,4,5195,No,Si
51956501,Parqueaderos,5,debit,5,519565,Si,Si
519570,INDEMNIZACION POR DAÑOS A TERCEROS,5,debit,4,5195,No,Si
51957001,Indemnizacion Por Daños A Terceros,5,debit,5,519570,Si,Si
519575,POLVORA Y SIMILARES,5,debit,4,5195,No,Si
51957501,Polvora Y Similares,5,debit,5,519575,Si,Si
519595,OTROS,5,debit,4,5195,No,Si
51959501,Otros,5,debit,5,519595,Si,Si
5199,PROVISIONES,5,debit,3,51,No,Si
519905,INVERSIONES,5,debit,4,5199,No,Si
51990501,Inversiones,5,debit,5,519905,Si,Si
519910,DEUDORES,5,debit,4,5199,No,Si
51991001,Deudores,5,debit,5,519910,Si,Si
519915,PROPIEDADES- PLANTA Y EQUIPO,5,debit,4,5199,No,Si
51991501,Propiedades- Planta Y Equipo,5,debit,5,519915,Si,Si
519995,OTROS ACTIVOS,5,debit,4,5199,No,Si
51999501,Otros Activos,5,debit,5,519995,Si,Si
52,OPERACIONALES DE VENTAS,5,debit,2,5,No,Si
5205,GASTOS DE PERSONAL,5,debit,3,52,No,Si
520503,SALARIO INTEGRAL,5,debit,4,5205,No,Si
52050301,Salario Integral,5,debit,5,520503,Si,Si
520506,SUELDOS,5,debit,4,5205,No,Si
52050601,Sueldos,5,debit,5,520506,Si,Si
520512,JORNALES,5,debit,4,5205,No,Si
52051201,Jornales,5,debit,5,520512,Si,Si
520515,HORAS EXTRAS Y RECARGOS,5,debit,4,5205,No,Si
52051501,Horas Extras Y Recargos,5,debit,5,520515,Si,Si
520518,COMISIONES,5,debit,4,5205,No,Si
52051801,Comisiones,5,debit,5,520518,Si,Si
520521,VIATICOS,5,debit,4,5205,No,Si
52052101,Viaticos,5,debit,5,520521,Si,Si
520524,INCAPACIDADES,5,debit,4,5205,No,Si
52052401,Incapacidades,5,debit,5,520524,Si,Si
520527,AUXILIO DE TRANSPORTE,5,debit,4,5205,No,Si
52052701,Auxilio De Transporte,5,debit,5,520527,Si,Si
520530,CESANTIAS,5,debit,4,5205,No,Si
52053001,Cesantias,5,debit,5,520530,Si,Si
520533,INTERESES SOBRE CESANTIAS,5,debit,4,5205,No,Si
52053301,Intereses Sobre Cesantias,5,debit,5,520533,Si,Si
520536,PRIMA DE SERVICIOS,5,debit,4,5205,No,Si
52053601,Prima De Servicios,5,debit,5,520536,Si,Si
520539,VACACIONES,5,debit,4,5205,No,Si
52053901,Vacaciones,5,debit,5,520539,Si,Si
520542,PRIMAS EXTRALEGALES,5,debit,4,5205,No,Si
52054201,Primas Extralegales,5,debit,5,520542,Si,Si
520545,AUXILIOS,5,debit,4,5205,No,Si
52054501,Auxilios,5,debit,5,520545,Si,Si
520548,BONIFICACIONES,5,debit,4,5205,No,Si
52054801,Bonificaciones,5,debit,5,520548,Si,Si
520551,DOTACION Y SUMINISTRO A TRABAJADORES,5,debit,4,5205,No,Si
52055101,Dotacion Y Suministro A Trabajadores,5,debit,5,520551,Si,Si
520554,SEGUROS,5,debit,4,5205,No,Si
52055401,Seguros,5,debit,5,520554,Si,Si
520557,CUOTAS PARTES PENSIONES DE JUBILACION,5,debit,4,5205,No,Si
52055701,Cuotas Partes Pensiones De Jubilacion,5,debit,5,520557,Si,Si
520558,AMORTIZACION CALCULO ACTUARIAL PENSIONES DE JUBILACION,5,debit,4,5205,No,Si
52055801,Amortizacion Calculo Actuarial Pensiones De Jubilacion,5,debit,5,520558,Si,Si
520559,PENSIONES DE JUBILACION,5,debit,4,5205,No,Si
52055901,Pensiones De Jubilacion,5,debit,5,520559,Si,Si
520560,INDEMNIZACIONES LABORALES,5,debit,4,5205,No,Si
52056001,Indemnizaciones Laborales,5,debit,5,520560,Si,Si
520561,AMORTIZACION BONOS PENSIONALES,5,debit,4,5205,No,Si
52056101,Amortizacion Bonos Pensionales,5,debit,5,520561,Si,Si
520562,AMORTIZACION TITULOS PENSIONALES,5,debit,4,5205,No,Si
52056201,Amortizacion Titulos Pensionales,5,debit,5,520562,Si,Si
520563,CAPACITACION AL PERSONAL,5,debit,4,5205,No,Si
52056301,Capacitacion Al Personal,5,debit,5,520563,Si,Si
520566,GASTOS DEPORTIVOS Y DE RECREACION,5,debit,4,5205,No,Si
52056601,Gastos Deportivos Y De Recreacion,5,debit,5,520566,Si,Si
520568,APORTES A ADMINISTRADORAS DE RIESGOS PROFESIONALES- ARP,5,debit,4,5205,No,Si
52056801,Aportes A Administradoras De Riesgos Profesionales- Arp,5,debit,5,520568,Si,Si
520569,APORTES A ENTIDADES PROMOTORAS DE SALUD- EPS,5,debit,4,5205,No,Si
52056901,Aportes A Entidades Promotoras De Salud- Eps,5,debit,5,520569,Si,Si
520570,APORTES A FONDOS DE PENSIONES Y/O CESANTIAS,5,debit,4,5205,No,Si
52057001,Aportes A Fondos De Pensiones Y/O Cesantias,5,debit,5,520570,Si,Si
520572,APORTES CAJAS DE COMPENSACION FAMILIAR,5,debit,4,5205,No,Si
52057201,Aportes Cajas De Compensacion Familiar,5,debit,5,520572,Si,Si
520575,APORTES ICBF,5,debit,4,5205,No,Si
52057501,Aportes Icbf,5,debit,5,520575,Si,Si
520578,SENA,5,debit,4,5205,No,Si
52057801,Sena,5,debit,5,520578,Si,Si
520581,APORTES SINDICALES,5,debit,4,5205,No,Si
52058101,Aportes Sindicales,5,debit,5,520581,Si,Si
520584,GASTOS MEDICOS Y DROGAS,5,debit,4,5205,No,Si
52058401,Gastos Medicos Y Drogas,5,debit,5,520584,Si,Si
520595,OTROS,5,debit,4,5205,No,Si
52059501,Otros,5,debit,5,520595,Si,Si
5210,HONORARIOS,5,debit,3,52,No,Si
521005,JUNTA DIRECTIVA,5,debit,4,5210,No,Si
52100501,Junta Directiva,5,debit,5,521005,Si,Si
521010,REVISORIA FISCAL,5,debit,4,5210,No,Si
52101001,Revisoria Fiscal,5,debit,5,521010,Si,Si
521015,AUDITORIA EXTERNA,5,debit,4,5210,No,Si
52101501,Auditoria Externa,5,debit,5,521015,Si,Si
521020,AVALUOS,5,debit,4,5210,No,Si
52102001,Avaluos,5,debit,5,521020,Si,Si
521025,ASESORIA JURIDICA,5,debit,4,5210,No,Si
52102501,Asesoria Juridica,5,debit,5,521025,Si,Si
521030,ASESORIA FINANCIERA,5,debit,4,5210,No,Si
52103001,Asesoria Financiera,5,debit,5,521030,Si,Si
521035,ASESORIA TECNICA,5,debit,4,5210,No,Si
52103501,Asesoria Tecnica,5,debit,5,521035,Si,Si
521095,OTROS,5,debit,4,5210,No,Si
52109501,Otros,5,debit,5,521095,Si,Si
5215,IMPUESTOS,5,debit,3,52,No,Si
521505,INDUSTRIA Y COMERCIO,5,debit,4,5215,No,Si
52150501,Industria Y Comercio,5,debit,5,521505,Si,Si
521510,DE TIMBRES,5,debit,4,5215,No,Si
52151001,De Timbres,5,debit,5,521510,Si,Si
521515,A LA PROPIEDAD RAIZ,5,debit,4,5215,No,Si
52151501,A La Propiedad Raiz,5,debit,5,521515,Si,Si
521520,DERECHOS SOBRE INSTRUMENTOS PUBLICOS,5,debit,4,5215,No,Si
52152001,Derechos Sobre Instrumentos Publicos,5,debit,5,521520,Si,Si
521525,DE VALORIZACION,5,debit,4,5215,No,Si
52152501,De Valorizacion,5,debit,5,521525,Si,Si
521530,DE TURISMO,5,debit,4,5215,No,Si
52153001,De Turismo,5,debit,5,521530,Si,Si
521535,TASA POR UTILIZACION DE PUERTOS,5,debit,4,5215,No,Si
52153501,Tasa Por Utilizacion De Puertos,5,debit,5,521535,Si,Si
521540,DE VEHICULOS,5,debit,4,5215,No,Si
52154001,De Vehiculos,5,debit,5,521540,Si,Si
521545,DE ESPECTACULOS PUBLICOS,5,debit,4,5215,No,Si
52154501,De Espectaculos Publicos,5,debit,5,521545,Si,Si
521550,CUOTAS DE FOMENTO,5,debit,4,5215,No,Si
52155001,Cuotas De Fomento,5,debit,5,521550,Si,Si
521555,LICORES,5,debit,4,5215,No,Si
52155501,Licores,5,debit,5,521555,Si,Si
521560,CERVEZAS,5,debit,4,5215,No,Si
52156001,Cervezas,5,debit,5,521560,Si,Si
521565,CIGARRILLOS,5,debit,4,5215,No,Si
52156501,Cigarrillos,5,debit,5,521565,Si,Si
521570,IVA DESCONTABLE,5,debit,4,5215,No,Si
52157001,Iva Descontable,5,debit,5,521570,Si,Si
521595,OTROS,5,debit,4,5215,No,Si
52159501,Otros,5,debit,5,521595,Si,Si
5220,ARRENDAMIENTOS,5,debit,3,52,No,Si
522005,TERRENOS,5,debit,4,5220,No,Si
52200501,Terrenos,5,debit,5,522005,Si,Si
522010,CONSTRUCCIONES Y EDIFICACIONES,5,debit,4,5220,No,Si
52201001,Construcciones Y Edificaciones,5,debit,5,522010,Si,Si
522015,MAQUINARIA Y EQUIPO,5,debit,4,5220,No,Si
52201501,Maquinaria Y Equipo,5,debit,5,522015,Si,Si
522020,EQUIPO DE OFICINA,5,debit,4,5220,No,Si
52202001,Equipo De Oficina,5,debit,5,522020,Si,Si
522025,EQUIPO DE COMPUTACION Y COMUNICACION,5,debit,4,5220,No,Si
52202501,Equipo De Computacion Y Comunicacion,5,debit,5,522025,Si,Si
522030,EQUIPO MEDICO-CIENTIFICO,5,debit,4,5220,No,Si
52203001,Equipo Medico-Cientifico,5,debit,5,522030,Si,Si
522035,EQUIPO DE HOTELES Y RESTAURANTES,5,debit,4,5220,No,Si
52203501,Equipo De Hoteles Y Restaurantes,5,debit,5,522035,Si,Si
522040,FLOTA Y EQUIPO DE TRANSPORTE,5,debit,4,5220,No,Si
52204001,Flota Y Equipo De Transporte,5,debit,5,522040,Si,Si
522045,FLOTA Y EQUIPO FLUVIAL Y/O MARITIMO,5,debit,4,5220,No,Si
52204501,Flota Y Equipo Fluvial Y/O Maritimo,5,debit,5,522045,Si,Si
522050,FLOTA Y EQUIPO AEREO,5,debit,4,5220,No,Si
52205001,Flota Y Equipo Aereo,5,debit,5,522050,Si,Si
522055,FLOTA Y EQUIPO FERREO,5,debit,4,5220,No,Si
52205501,Flota Y Equipo Ferreo,5,debit,5,522055,Si,Si
522060,ACUEDUCTOS- PLANTAS Y REDES,5,debit,4,5220,No,Si
52206001,Acueductos- Plantas Y Redes,5,debit,5,522060,Si,Si
522065,AERODROMOS,5,debit,4,5220,No,Si
52206501,Aerodromos,5,debit,5,522065,Si,Si
522070,SEMOVIENTES,5,debit,4,5220,No,Si
52207001,Semovientes,5,debit,5,522070,Si,Si
522095,OTROS,5,debit,4,5220,No,Si
52209501,Otros,5,debit,5,522095,Si,Si
5225,CONTRIBUCIONES Y AFILIACIONES,5,debit,3,52,No,Si
522505,CONTRIBUCIONES,5,debit,4,5225,No,Si
52250501,Contribuciones,5,debit,5,522505,Si,Si
522510,AFILIACIONES Y SOSTENIMIENTO,5,debit,4,5225,No,Si
52251001,Afiliaciones Y Sostenimiento,5,debit,5,522510,Si,Si
5230,SEGUROS,5,debit,3,52,No,Si
523005,MANEJO,5,debit,4,5230,No,Si
52300501,Manejo,5,debit,5,523005,Si,Si
523010,CUMPLIMIENTO,5,debit,4,5230,No,Si
52301001,Cumplimiento,5,debit,5,523010,Si,Si
523015,CORRIENTE DEBIL,5,debit,4,5230,No,Si
52301501,Corriente Debil,5,debit,5,523015,Si,Si
523020,VIDA COLECTIVA,5,debit,4,5230,No,Si
52302001,Vida Colectiva,5,debit,5,523020,Si,Si
523025,INCENDIO,5,debit,4,5230,No,Si
52302501,Incendio,5,debit,5,523025,Si,Si
523030,TERREMOTO,5,debit,4,5230,No,Si
52303001,Terremoto,5,debit,5,523030,Si,Si
523035,SUSTRACCION Y HURTO,5,debit,4,5230,No,Si
52303501,Sustraccion Y Hurto,5,debit,5,523035,Si,Si
523040,FLOTA Y EQUIPO DE TRANSPORTE,5,debit,4,5230,No,Si
52304001,Flota Y Equipo De Transporte,5,debit,5,523040,Si,Si
523045,FLOTA Y EQUIPO FLUVIAL Y/O MARITIMO,5,debit,4,5230,No,Si
52304501,Flota Y Equipo Fluvial Y/O Maritimo,5,debit,5,523045,Si,Si
523050,FLOTA Y EQUIPO AEREO,5,debit,4,5230,No,Si
52305001,Flota Y Equipo Aereo,5,debit,5,523050,Si,Si
523055,FLOTA Y EQUIPO FERREO,5,debit,4,5230,No,Si
52305501,Flota Y Equipo Ferreo,5,debit,5,523055,Si,Si
523060,RESPONSABILIDAD CIVIL Y EXTRACONTRACTUAL,5,debit,4,5230,No,Si
52306001,Responsabilidad Civil Y Extracontractual,5,debit,5,523060,Si,Si
523065,VUELO,5,debit,4,5230,No,Si
52306501,Vuelo,5,debit,5,523065,Si,Si
523070,ROTURA DE MAQUINARIA,5,debit,4,5230,No,Si
52307001,Rotura De Maquinaria,5,debit,5,523070,Si,Si
523075,OBLIGATORIO ACCIDENTE DE TRANSITO,5,debit,4,5230,No,Si
52307501,Obligatorio Accidente De Transito,5,debit,5,523075,Si,Si
523080,LUCRO CESANTE,5,debit,4,5230,No,Si
52308001,Lucro Cesante,5,debit,5,523080,Si,Si
523095,OTROS,5,debit,4,5230,No,Si
52309501,Otros,5,debit,5,523095,Si,Si
5235,SERVICIOS,5,debit,3,52,No,Si
523505,ASEO Y VIGILANCIA,5,debit,4,5235,No,Si
52350501,Aseo Y Vigilancia,5,debit,5,523505,Si,Si
523510,TEMPORALES,5,debit,4,5235,No,Si
52351001,Temporales,5,debit,5,523510,Si,Si
523515,ASISTENCIA TECNICA,5,debit,4,5235,No,Si
52351501,Asistencia Tecnica,5,debit,5,523515,Si,Si
523520,PROCESAMIENTO ELECTRONICO DE DATOS,5,debit,4,5235,No,Si
52352001,Procesamiento Electronico De Datos,5,debit,5,523520,Si,Si
523525,ACUEDUCTO Y ALCANTARILLADO,5,debit,4,5235,No,Si
52352501,Acueducto Y Alcantarillado,5,debit,5,523525,Si,Si
523530,ENERGIA ELECTRICA,5,debit,4,5235,No,Si
52353001,Energia Electrica,5,debit,5,523530,Si,Si
523535,TELEFONO,5,debit,4,5235,No,Si
52353501,Telefono,5,debit,5,523535,Si,Si
523540,CORREO- PORTES Y TELEGRAMAS,5,debit,4,5235,No,Si
52354001,Correo- Portes Y Telegramas,5,debit,5,523540,Si,Si
523545,FAX Y TELEX,5,debit,4,5235,No,Si
52354501,Fax Y Telex,5,debit,5,523545,Si,Si
523550,TRANSPORTE- FLETES Y ACARREOS,5,debit,4,5235,No,Si
52355001,Transporte- Fletes Y Acarreos,5,debit,5,523550,Si,Si
523555,GAS,5,debit,4,5235,No,Si
52355501,Gas,5,debit,5,523555,Si,Si
523560,PUBLICIDAD- PROPAGANDA Y PROMOCION,5,debit,4,5235,No,Si
52356001,Publicidad- Propaganda Y Promocion,5,debit,5,523560,Si,Si
523595,OTROS,5,debit,4,5235,No,Si
52359501,Otros,5,debit,5,523595,Si,Si
5240,GASTOS LEGALES,5,debit,3,52,No,Si
524005,NOTARIALES,5,debit,4,5240,No,Si
52400501,Notariales,5,debit,5,524005,Si,Si
524010,REGISTRO MERCANTIL,5,debit,4,5240,No,Si
52401001,Registro Mercantil,5,debit,5,524010,Si,Si
524015,TRAMITES Y LICENCIAS,5,debit,4,5240,No,Si
52401501,Tramites Y Licencias,5,debit,5,524015,Si,Si
524020,ADUANEROS,5,debit,4,5240,No,Si
52402001,Aduaneros,5,debit,5,524020,Si,Si
524025,CONSULARES,5,debit,4,5240,No,Si
52402501,Consulares,5,debit,5,524025,Si,Si
524095,OTROS,5,debit,4,5240,No,Si
52409501,Otros,5,debit,5,524095,Si,Si
5245,MANTENIMIENTO Y REPARACIONES,5,debit,3,52,No,Si
524505,TERRENOS,5,debit,4,5245,No,Si
52450501,Terrenos,5,debit,5,524505,Si,Si
524510,CONSTRUCCIONES Y EDIFICACIONES,5,debit,4,5245,No,Si
52451001,Construcciones Y Edificaciones,5,debit,5,524510,Si,Si
524515,MAQUINARIA Y EQUIPO,5,debit,4,5245,No,Si
52451501,Maquinaria Y Equipo,5,debit,5,524515,Si,Si
524520,EQUIPO DE OFICINA,5,debit,4,5245,No,Si
52452001,Equipo De Oficina,5,debit,5,524520,Si,Si
524525,EQUIPO DE COMPUTACION Y COMUNICACION,5,debit,4,5245,No,Si
52452501,Equipo De Computacion Y Comunicacion,5,debit,5,524525,Si,Si
524530,EQUIPO MEDICO-CIENTIFICO,5,debit,4,5245,No,Si
52453001,Equipo Medico-Cientifico,5,debit,5,524530,Si,Si
524535,EQUIPO DE HOTELES Y RESTAURANTES,5,debit,4,5245,No,Si
52453501,Equipo De Hoteles Y Restaurantes,5,debit,5,524535,Si,Si
524540,FLOTA Y EQUIPO DE TRANSPORTE,5,debit,4,5245,No,Si
52454001,Flota Y Equipo De Transporte,5,debit,5,524540,Si,Si
524545,FLOTA Y EQUIPO FLUVIAL Y/O MARITIMO,5,debit,4,5245,No,Si
52454501,Flota Y Equipo Fluvial Y/O Maritimo,5,debit,5,524545,Si,Si
524550,FLOTA Y EQUIPO AEREO,5,debit,4,5245,No,Si
52455001,Flota Y Equipo Aereo,5,debit,5,524550,Si,Si
524555,FLOTA Y EQUIPO FERREO,5,debit,4,5245,No,Si
52455501,Flota Y Equipo Ferreo,5,debit,5,524555,Si,Si
524560,ACUEDUCTOS- PLANTAS Y REDES,5,debit,4,5245,No,Si
52456001,Acueductos- Plantas Y Redes,5,debit,5,524560,Si,Si
524565,ARMAMENTO DE VIGILANCIA,5,debit,4,5245,No,Si
52456501,Armamento De Vigilancia,5,debit,5,524565,Si,Si
524570,VIAS DE COMUNICACION,5,debit,4,5245,No,Si
52457001,Vias De Comunicacion,5,debit,5,524570,Si,Si
5250,ADECUACION E INSTALACION,5,debit,3,52,No,Si
525005,INSTALACIONES ELECTRICAS,5,debit,4,5250,No,Si
52500501,Instalaciones Electricas,5,debit,5,525005,Si,Si
525010,ARREGLOS ORNAMENTALES,5,debit,4,5250,No,Si
52501001,Arreglos Ornamentales,5,debit,5,525010,Si,Si
525015,REPARACIONES LOCATIVAS,5,debit,4,5250,No,Si
52501501,Reparaciones Locativas,5,debit,5,525015,Si,Si
525095,OTROS,5,debit,4,5250,No,Si
52509501,Otros,5,debit,5,525095,Si,Si
5255,GASTOS DE VIAJE,5,debit,3,52,No,Si
525505,ALOJAMIENTO Y MANUTENCION,5,debit,4,5255,No,Si
52550501,Alojamiento Y Manutencion,5,debit,5,525505,Si,Si
525510,PASAJES FLUVIALES Y/O MARITIMOS,5,debit,4,5255,No,Si
52551001,Pasajes Fluviales Y/O Maritimos,5,debit,5,525510,Si,Si
525515,PASAJES AEREOS,5,debit,4,5255,No,Si
52551501,Pasajes Aereos,5,debit,5,525515,Si,Si
525520,PASAJES TERRESTRES,5,debit,4,5255,No,Si
52552001,Pasajes Terrestres,5,debit,5,525520,Si,Si
525525,PASAJES FERREOS,5,debit,4,5255,No,Si
52552501,Pasajes Ferreos,5,debit,5,525525,Si,Si
525595,OTROS,5,debit,4,5255,No,Si
52559501,Otros,5,debit,5,525595,Si,Si
5260,DEPRECIACIONES,5,debit,3,52,No,Si
526005,CONSTRUCCIONES Y EDIFICACIONES,5,debit,4,5260,No,Si
52600501,Construcciones Y Edificaciones,5,debit,5,526005,Si,Si
526010,MAQUINARIA Y EQUIPO,5,debit,4,5260,No,Si
52601001,Maquinaria Y Equipo,5,debit,5,526010,Si,Si
526015,EQUIPO DE OFICINA,5,debit,4,5260,No,Si
52601501,Equipo De Oficina,5,debit,5,526015,Si,Si
526020,EQUIPO DE COMPUTACION Y COMUNICACION,5,debit,4,5260,No,Si
52602001,Equipo De Computacion Y Comunicacion,5,debit,5,526020,Si,Si
526025,EQUIPO MEDICO-CIENTIFICO,5,debit,4,5260,No,Si
52602501,Equipo Medico-Cientifico,5,debit,5,526025,Si,Si
526030,EQUIPO DE HOTELES Y RESTAURANTES,5,debit,4,5260,No,Si
52603001,Equipo De Hoteles Y Restaurantes,5,debit,5,526030,Si,Si
526035,FLOTA Y EQUIPO DE TRANSPORTE,5,debit,4,5260,No,Si
52603501,Flota Y Equipo De Transporte,5,debit,5,526035,Si,Si
526040,FLOTA Y EQUIPO FLUVIAL Y/O MARITIMO,5,debit,4,5260,No,Si
52604001,Flota Y Equipo Fluvial Y/O Maritimo,5,debit,5,526040,Si,Si
526045,FLOTA Y EQUIPO AEREO,5,debit,4,5260,No,Si
52604501,Flota Y Equipo Aereo,5,debit,5,526045,Si,Si
526050,FLOTA Y EQUIPO FERREO,5,debit,4,5260,No,Si
52605001,Flota Y Equipo Ferreo,5,debit,5,526050,Si,Si
526055,ACUEDUCTOS- PLANTAS Y REDES,5,debit,4,5260,No,Si
52605501,Acueductos- Plantas Y Redes,5,debit,5,526055,Si,Si
526060,ARMAMENTO DE VIGILANCIA,5,debit,4,5260,No,Si
52606001,Armamento De Vigilancia,5,debit,5,526060,Si,Si
526065,ENVASES Y EMPAQUES,5,debit,4,5260,No,Si
52606501,Envases Y Empaques,5,debit,5,526065,Si,Si
5265,AMORTIZACIONES,5,debit,3,52,No,Si
526505,VIAS DE COMUNICACION,5,debit,4,5265,No,Si
52650501,Vias De Comunicacion,5,debit,5,526505,Si,Si
526510,INTANGIBLES,5,debit,4,5265,No,Si
52651001,Intangibles,5,debit,5,526510,Si,Si
526515,CARGOS DIFERIDOS,5,debit,4,5265,No,Si
52651501,Cargos Diferidos,5,debit,5,526515,Si,Si
526595,OTRAS,5,debit,4,5265,No,Si
52659501,Otras,5,debit,5,526595,Si,Si
5270,FINANCIEROS-REAJUSTE DEL SISTEMA,5,debit,3,52,No,Si
5275,PERDIDAS METODO DE PARTICIPACION,5,debit,3,52,No,Si
527505,DE SOCIEDADES ANONIMAS Y/O ASIMILADAS,5,debit,4,5275,No,Si
52750501,De Sociedades Anonimas Y/O Asimiladas,5,debit,5,527505,Si,Si
527510,DE SOCIEDADES LIMITADAS Y/O ASIMILADAS,5,debit,4,5275,No,Si
52751001,De Sociedades Limitadas Y/O Asimiladas,5,debit,5,527510,Si,Si
5295,DIVERSOS,5,debit,3,52,No,Si
529505,COMISIONES,5,debit,4,5295,No,Si
52950501,Comisiones,5,debit,5,529505,Si,Si
529510,LIBROS- SUSCRIPCIONES- PERIODICOS Y REVISTAS,5,debit,4,5295,No,Si
52951001,Libros- Suscripciones- Periodicos Y Revistas,5,debit,5,529510,Si,Si
529515,MUSICA AMBIENTAL,5,debit,4,5295,No,Si
52951501,Musica Ambiental,5,debit,5,529515,Si,Si
529520,GASTOS DE REPRESENTACION Y RELACIONES PUBLICAS,5,debit,4,5295,No,Si
52952001,Gastos De Representacion Y Relaciones Publicas,5,debit,5,529520,Si,Si
529525,ELEMENTOS DE ASEO Y CAFETERIA,5,debit,4,5295,No,Si
52952501,Elementos De Aseo Y Cafeteria,5,debit,5,529525,Si,Si
529530,UTILES- PAPELERIA Y FOTOCOPIAS,5,debit,4,5295,No,Si
52953001,Utiles- Papeleria Y Fotocopias,5,debit,5,529530,Si,Si
529535,COMBUSTIBLES Y LUBRICANTES,5,debit,4,5295,No,Si
52953501,Combustibles Y Lubricantes,5,debit,5,529535,Si,Si
529540,ENVASES Y EMPAQUES,5,debit,4,5295,No,Si
52954001,Envases Y Empaques,5,debit,5,529540,Si,Si
529545,TAXIS Y BUSES,5,debit,4,5295,No,Si
52954501,Taxis Y Buses,5,debit,5,529545,Si,Si
529550,ESTAMPILLAS,5,debit,4,5295,No,Si
52955001,Estampillas,5,debit,5,529550,Si,Si
529555,MICROFILMACION,5,debit,4,5295,No,Si
52955501,Microfilmacion,5,debit,5,529555,Si,Si
529560,CASINO Y RESTAURANTE,5,debit,4,5295,No,Si
52956001,Casino Y Restaurante,5,debit,5,529560,Si,Si
529565,PARQUEADEROS,5,debit,4,5295,No,Si
52956501,Parqueaderos,5,debit,5,529565,Si,Si
529570,INDEMNIZACION POR DAÑOS A TERCEROS,5,debit,4,5295,No,Si
52957001,Indemnizacion Por Daños A Terceros,5,debit,5,529570,Si,Si
529575,POLVORA Y SIMILARES,5,debit,4,5295,No,Si
52957501,Polvora Y Similares,5,debit,5,529575,Si,Si
529595,OTROS,5,debit,4,5295,No,Si
52959501,Otros,5,debit,5,529595,Si,Si
5299,PROVISIONES,5,debit,3,52,No,Si
529905,INVERSIONES,5,debit,4,5299,No,Si
52990501,Inversiones,5,debit,5,529905,Si,Si
529910,DEUDORES,5,debit,4,5299,No,Si
52991001,Deudores,5,debit,5,529910,Si,Si
529915,INVENTARIOS,5,debit,4,5299,No,Si
52991501,Inventarios,5,debit,5,529915,Si,Si
529920,PROPIEDADES- PLANTA Y EQUIPO,5,debit,4,5299,No,Si
52992001,Propiedades- Planta Y Equipo,5,debit,5,529920,Si,Si
529995,OTROS ACTIVOS,5,debit,4,5299,No,Si
52999501,Otros Activos,5,debit,5,529995,Si,Si
53,NO OPERACIONALES,5,debit,2,5,No,Si
5305,FINANCIEROS,5,debit,3,53,No,Si
530505,GASTOS BANCARIOS,5,debit,4,5305,No,Si
53050501,Gastos Bancarios,5,debit,5,530505,Si,Si
530510,REAJUSTE MONETARIO-UPAC (HOY UVR),5,debit,4,5305,No,Si
53051001,Reajuste Monetario-Upac (Hoy Uvr),5,debit,5,530510,Si,Si
530515,COMISIONES,5,debit,4,5305,No,Si
53051501,Comisiones,5,debit,5,530515,Si,Si
530520,INTERESES,5,debit,4,5305,No,Si
53052001,Intereses,5,debit,5,530520,Si,Si
530525,DIFERENCIA EN CAMBIO,5,debit,4,5305,No,Si
53052501,Diferencia En Cambio,5,debit,5,530525,Si,Si
530530,GASTOS EN NEGOCIACION CERTIFICADOS DE CAMBIO,5,debit,4,5305,No,Si
53053001,Gastos En Negociacion Certificados De Cambio,5,debit,5,530530,Si,Si
530535,DESCUENTOS COMERCIALES CONDICIONADOS,5,debit,4,5305,No,Si
53053501,Descuentos Comerciales Condicionados,5,debit,5,530535,Si,Si
530540,GASTOS MANEJO Y EMISION DE BONOS,5,debit,4,5305,No,Si
53054001,Gastos Manejo Y Emision De Bonos,5,debit,5,530540,Si,Si
530545,PRIMA AMORTIZADA,5,debit,4,5305,No,Si
53054501,Prima Amortizada,5,debit,5,530545,Si,Si
530595,OTROS,5,debit,4,5305,No,Si
53059501,Otros,5,debit,5,530595,Si,Si
5310,PERDIDA EN VENTA Y RETIRO DE BIENES,5,debit,3,53,No,Si
531005,VENTA DE INVERSIONES,5,debit,4,5310,No,Si
53100501,Venta De Inversiones,5,debit,5,531005,Si,Si
531010,VENTA DE CARTERA,5,debit,4,5310,No,Si
53101001,Venta De Cartera,5,debit,5,531010,Si,Si
531015,VENTA DE PROPIEDADES- PLANTA Y EQUIPO,5,debit,4,5310,No,Si
53101501,Venta De Propiedades- Planta Y Equipo,5,debit,5,531015,Si,Si
531020,VENTA DE INTANGIBLES,5,debit,4,5310,No,Si
53102001,Venta De Intangibles,5,debit,5,531020,Si,Si
531025,VENTA DE OTROS ACTIVOS,5,debit,4,5310,No,Si
53102501,Venta De Otros Activos,5,debit,5,531025,Si,Si
531030,RETIRO DE PROPIEDADES- PLANTA Y EQUIPO,5,debit,4,5310,No,Si
53103001,Retiro De Propiedades- Planta Y Equipo,5,debit,5,531030,Si,Si
531035,RETIRO DE OTROS ACTIVOS,5,debit,4,5310,No,Si
53103501,Retiro De Otros Activos,5,debit,5,531035,Si,Si
531040,PERDIDAS POR SINIESTROS,5,debit,4,5310,No,Si
53104001,Perdidas Por Siniestros,5,debit,5,531040,Si,Si
531095,OTROS,5,debit,4,5310,No,Si
53109501,Otros,5,debit,5,531095,Si,Si
5313,PERDIDAS METODO DE PARTICIPACION,5,debit,3,53,No,Si
531305,DE SOCIEDADES ANONIMAS Y/O ASIMILADAS,5,debit,4,5313,No,Si
53130501,De Sociedades Anonimas Y/O Asimiladas,5,debit,5,531305,Si,Si
531310,DE SOCIEDADES LIMITADAS Y/O ASIMILADAS,5,debit,4,5313,No,Si
53131001,De Sociedades Limitadas Y/O Asimiladas,5,debit,5,531310,Si,Si
5315,GASTOS EXTRAORDINARIOS,5,debit,3,53,No,Si
531505,COSTAS Y PROCESOS JUDICIALES,5,debit,4,5315,No,Si
53150501,Costas Y Procesos Judiciales,5,debit,5,531505,Si,Si
531510,ACTIVIDADES CULTURALES Y CIVICAS,5,debit,4,5315,No,Si
53151001,Actividades Culturales Y Civicas,5,debit,5,531510,Si,Si
531515,COSTOS Y GASTOS DE EJERCICIOS ANTERIORES,5,debit,4,5315,No,Si
53151501,Costos Y Gastos De Ejercicios Anteriores,5,debit,5,531515,Si,Si
531520,IMPUESTOS ASUMIDOS,5,debit,4,5315,No,Si
53152001,Impuestos Asumidos,5,debit,5,531520,Si,Si
531595,OTROS,5,debit,4,5315,No,Si
53159501,Otros,5,debit,5,531595,Si,Si
5395,GASTOS DIVERSOS,5,debit,3,53,No,Si
539505,DEMANDAS LABORALES,5,debit,4,5395,No,Si
53950501,Demandas Laborales,5,debit,5,539505,Si,Si
539510,DEMANDAS POR INCUMPLIMIENTO DE CONTRATOS,5,debit,4,5395,No,Si
53951001,Demandas Por Incumplimiento De Contratos,5,debit,5,539510,Si,Si
539515,INDEMNIZACIONES,5,debit,4,5395,No,Si
53951501,Indemnizaciones,5,debit,5,539515,Si,Si
539520,MULTAS- SANCIONES Y LITIGIOS,5,debit,4,5395,No,Si
53952001,Multas- Sanciones Y Litigios,5,debit,5,539520,Si,Si
539525,DONACIONES,5,debit,4,5395,No,Si
53952501,Donaciones,5,debit,5,539525,Si,Si
539530,CONSTITUCION DE GARANTIAS,5,debit,4,5395,No,Si
53953001,Constitucion De Garantias,5,debit,5,539530,Si,Si
539535,AMORTIZACION DE BIENES ENTREGADOS EN COMODATO,5,debit,4,5395,No,Si
53953501,Amortizacion De Bienes Entregados En Comodato,5,debit,5,539535,Si,Si
539595,OTROS,5,debit,4,5395,No,Si
53959501,Otros,5,debit,5,539595,Si,Si
54,IMPUESTO DE RENTA Y COMPLEMENTARIOS,5,debit,2,5,No,Si
5405,IMPUESTO DE RENTA Y COMPLEMENTARIOS,5,debit,3,54,No,Si
540505,IMPUESTO DE RENTA Y COMPLEMENTARIOS,5,debit,4,5405,No,Si
54050501,Impuesto De Renta Y Complementarios,5,debit,5,540505,Si,Si
59,GANANCIAS Y PERDIDAS,5,debit,2,5,No,Si
5905,GANANCIAS Y PERDIDAS,5,debit,3,59,No,Si
590505,GANANCIAS Y PERDIDAS,5,debit,4,5905,No,Si
59050501,Ganancias Y Perdidas,5,debit,5,590505,Si,Si
6,COSTOS DE VENTAS,6,debit,1,,No,Si
61,COSTO DE VENTAS Y DE PRESTACION DE SERVICIOS,6,debit,2,6,No,Si
6105,AGRICULTURA- GANADERIA- CAZA Y SILVICULTURA,6,debit,3,61,No,Si
6110,PESCA,6,debit,3,61,No,Si
6115,EXPLOTACION DE MINAS Y CANTERAS,6,debit,3,61,No,Si
6120,INDUSTRIAS MANUFACTURERAS,6,debit,3,61,No,Si
612095,PRODUCTOS DE OTRAS INDUSTRIAS MANUFACTURERAS,6,debit,4,6120,No,Si
61209501,Productos De Otras Industrias Manufactureras,6,debit,5,612095,Si,Si
6125,SUMINISTRO DE ELECTRICIDAD- GAS Y AGUA,6,debit,3,61,No,Si
612595,ACTIVIDADES CONEXAS,6,debit,4,6125,No,Si
61259501,Actividades Conexas,6,debit,5,612595,Si,Si
6130,CONSTRUCCION,6,debit,3,61,No,Si
613095,ACTIVIDADES CONEXAS,6,debit,4,6130,No,Si
61309501,Actividades Conexas,6,debit,5,613095,Si,Si
6135,COMERCIO AL POR MAYOR Y AL POR MENOR,6,debit,3,61,No,Si
613595,VENTA DE OTROS PRODUCTOS,6,debit,4,6135,No,Si
61359501,Venta De Otros Productos,6,debit,5,613595,Si,Si
6140,HOTELES Y RESTAURANTES,6,debit,3,61,No,Si
614095,ACTIVIDADES CONEXAS,6,debit,4,6140,No,Si
61409501,Actividades Conexas,6,debit,5,614095,Si,Si
6145,TRANSPORTE- ALMACENAMIENTO Y COMUNICACIONES,6,debit,3,61,No,Si
614595,ACTIVIDADES CONEXAS,6,debit,4,6145,No,Si
61459501,Actividades Conexas,6,debit,5,614595,Si,Si
6150,ACTIVIDAD FINANCIERA,6,debit,3,61,No,Si
6155,ACTIVIDADES INMOBILIARIAS- EMPRESARIALES Y DE ALQUILER,6,debit,3,61,No,Si
615595,ACTIVIDADES CONEXAS,6,debit,4,6155,No,Si
61559501,Actividades Conexas,6,debit,5,615595,Si,Si
6160,ENSEÑANZA,6,debit,3,61,No,Si
616095,ACTIVIDADES CONEXAS,6,debit,4,6160,No,Si
61609501,Actividades Conexas,6,debit,5,616095,Si,Si
6165,SERVICIOS SOCIALES Y DE SALUD,6,debit,3,61,No,Si
616595,ACTIVIDADES CONEXAS,6,debit,4,6165,No,Si
61659501,Actividades Conexas,6,debit,5,616595,Si,Si
6170,OTRAS ACTIVIDADES DE SERVICIOS COMUNITARIOS- SOCIALES Y PERSONALES,6,debit,3,61,No,Si
617095,ACTIVIDADES CONEXAS,6,debit,4,6170,No,Si
61709501,Actividades Conexas,6,debit,5,617095,Si,Si
62,COMPRAS,6,debit,2,6,No,Si
62050101,Compras Tarifa 5%,6,debit,3,62,Si,Si
62050102,Compras Tarifa 19%,6,debit,3,62,Si,Si
62050201,Compras Tarifa 0%,6,debit,3,62,Si,Si
62050501,Cruce Compras Gravadas Y Exentas,6,debit,3,62,Si,Si
620501,COMPRAS GRAVADAS,6,debit,3,62,No,Si
620502,COMPRAS EXENTAS / EXCLUIDAS,6,debit,3,62,No,Si
620505,CRUCE DE COMPRAS,6,debit,3,62,No,Si
6205,DE MERCANCIAS,6,debit,3,62,No,Si
6210,DE MATERIAS PRIMAS,6,debit,3,62,No,Si
6215,DE MATERIALES INDIRECTOS,6,debit,3,62,No,Si
6220,COMPRA DE ENERGIA,6,debit,3,62,No,Si
62250501,Devoluciones En Compras (Cr),6,debit,3,62,Si,Si
622505,DEVOLUCIONES EN COMPRAS (CR),6,debit,3,62,No,Si
6225,DEVOLUCIONES EN COMPRAS (CR),6,debit,3,62,No,Si
7,COSTOS DE PRODUCCION O DE OPERACION,7,debit,1,,No,Si
71,MATERIA PRIMA,7,debit,2,7,No,Si
72,MANO DE OBRA DIRECTA,7,debit,2,7,No,Si
73,COSTOS INDIRECTOS,7,debit,2,7,No,Si
74,CONTRATOS DE SERVICIOS,7,debit,2,7,No,Si
8,CUENTAS DE ORDEN DEUDORAS,8,debit,1,,No,Si
81,DERECHOS CONTINGENTES,8,debit,2,8,No,Si
8105,BIENES Y VALORES ENTREGADOS EN CUSTODIA,8,debit,3,81,No,Si
8110,BIENES Y VALORES ENTREGADOS EN GARANTIA,8,debit,3,81,No,Si
8115,BIENES Y VALORES EN PODER DE TERCEROS,8,debit,3,81,No,Si
8120,LITIGIOS Y/O DEMANDAS,8,debit,3,81,No,Si
8125,PROMESAS DE COMPRAVENTA,8,debit,3,81,No,Si
8195,DIVERSAS,8,debit,3,81,No,Si
819505,VALORES ADQUIRIDOS POR RECIBIR,8,debit,4,8195,No,Si
81950501,Valores Adquiridos Por Recibir,8,debit,5,819505,Si,Si
819595,OTRAS,8,debit,4,8195,No,Si
81959501,Otras,8,debit,5,819595,Si,Si
82,DEUDORAS FISCALES,8,debit,2,8,No,Si
83,DEUDORAS DE CONTROL,8,debit,2,8,No,Si
8305,BIENES RECIBIDOS EN ARRENDAMIENTO FINANCIERO,8,debit,3,83,No,Si
8310,TITULOS DE INVERSION NO COLOCADOS,8,debit,3,83,No,Si
8315,PROPIEDADES- PLANTA Y EQUIPO TOTALMENTE DEPRECIADOS- AGOTADOS Y/O AMORTIZADOS,8,debit,3,83,No,Si
8320,CREDITOS A FAVOR NO UTILIZADOS,8,debit,3,83,No,Si
8325,ACTIVOS CASTIGADOS,8,debit,3,83,No,Si
8330,TITULOS DE INVERSION AMORTIZADOS,8,debit,3,83,No,Si
8335,CAPITALIZACION POR REVALORIZACION DE PATRIMONIO,8,debit,3,83,No,Si
8395,OTRAS CUENTAS DEUDORAS DE CONTROL,8,debit,3,83,No,Si
8399,AJUSTES POR INFLACION ACTIVOS,8,debit,3,83,No,Si
84,DERECHOS CONTINGENTES POR CONTRA (CR),8,debit,2,8,No,Si
85,DEUDORAS FISCALES POR CONTRA (CR),8,debit,2,8,No,Si
86,DEUDORAS DE CONTROL POR CONTRA (CR),8,debit,2,8,No,Si
9,CUENTAS DE ORDEN ACREEDORAS,9,credit,1,,No,Si
91,RESPONSABILIDADES CONTINGENTES,9,credit,2,9,No,Si
9105,BIENES Y VALORES RECIBIDOS EN CUSTODIA,9,credit,3,91,No,Si
9110,BIENES Y VALORES RECIBIDOS EN GARANTIA,9,credit,3,91,No,Si
9115,BIENES Y VALORES RECIBIDOS DE TERCEROS,9,credit,3,91,No,Si
9120,LITIGIOS Y/O DEMANDAS,9,credit,3,91,No,Si
9125,PROMESAS DE COMPRAVENTA,9,credit,3,91,No,Si
9130,CONTRATOS DE ADMINISTRACION DELEGADA,9,credit,3,91,No,Si
9135,CUENTAS EN PARTICIPACION,9,credit,3,91,No,Si
9195,OTRAS RESPONSABILIDADES CONTINGENTES,9,credit,3,91,No,Si
92,ACREEDORAS FISCALES,9,credit,2,9,No,Si
93,ACREEDORAS DE CONTROL,9,credit,2,9,No,Si
9305,CONTRATOS DE ARRENDAMIENTO FINANCIERO,9,credit,3,93,No,Si
9395,OTRAS CUENTAS DE ORDEN ACREEDORAS DE CONTROL,9,credit,3,93,No,Si
9399,AJUSTES POR INFLACION PATRIMONIO,9,credit,3,93,No,Si
94,RESPONSABILIDADES CONTINGENTES POR CONTRA (DB),9,credit,2,9,No,Si
95,ACREEDORAS FISCALES POR CONTRA (DB),9,credit,2,9,No,Si
96,ACREEDORAS DE CONTROL POR CONTRA (DB),9,credit,2,9,No,Si
